1.3024352864005745E-7,2.8091810792738774E-5,8.164361064741512E-5,4.036985615237583E-5,2.076435910624102E-5,1.5973933215326737E-4,4.0628190900656054E-4,4.0084174729765164E-4,1.2762727117034334E-4,1.66300341202891E-4,8.90312308523611E-5,0.0015418282341167302,3.488699077618064E-5,1.797760798929007E-4,6.226978454022044E-5,2.611148071701052E-5,1.7489560590732103E-4,4.267554936779578E-6,7.098722331812018E-5,1.5186143425594112E-4,5.4261143561738345E-5,2.6570177563199767E-4,4.5779914055815436E-5,1.8749607976909137E-4,2.913021348716181E-4,1.0418180699747263E-4,2.2149971548600828E-5,3.0933963514579655E-5,7.827457993782796E-5,4.2479786616893115E-4
0.8519083590477841,2.839931406310683E-5,2.454278577866201E-5,3.240494628211128E-4,6.721496560690915E-5,2.3282731218829942E-4,2.234719788739469E-4,3.980772593431686E-5,3.306049419104934E-5,1.55038410181398E-4,1.9692936175021798E-4,7.140092202550824E-4,6.426780984164615E-5,2.2518782705043905E-4,6.527057146419093E-4,2.4532640518240323E-5,2.5915585679607756E-4,3.8648706269785894E-5,4.956238109810151E-4,1.4386471526625817E-4,6.063013111267896E-5,1.2286782710520724E-4,1.1875389161811054E-4,3.7644691778414914E-5,3.2153203475218157E-4,2.7484278384023756E-6,1.2632338879028153E-4,2.967055782641232E-5,1.4622919690069377E-4,1.3813837137432056E-4
0.8239460714728589,1.378515158271389E-4,6.347999055621989E-4,1.2656800420030439E-5,0.0011331368331334059,5.188916264131545E-4,1.3534737685831391E-4,6.88034859209101E-5,6.267097257084941E-5,5.426380014793379E-4,6.531925274268837E-5,7.199735201456587E-4,0.0011469676240423517,5.540456808129058E-4,2.288165191433323E-4,1.202384939949375E-6,1.2979244008518367E-4,1.4680561776743298E-6,5.247330222707296E-4,1.4805730261454572E-4,6.771135237751149E-5,7.042639374092004E-4,6.585308258213172E-5,3.2744725481152444E-4,2.9718459434725764E-4,9.354534117729701E-5,1.0379775500159437E-5,2.1611929542973693E-4,0.0012085014103440771,2.3144033839268266E-4
0.4544955953995537,2.729301955457396E-5,7.979878549967671E-5,4.923439583846218E-6,4.9901075769888284E-5,1.1113612657420605E-4,2.2657174714369103E-4,2.2372170924735136E-4,2.1136505077372163E-4,5.191468040685805E-4,4.060601095171054E-5,6.816605117901646E-4,0.0011484164310254944,2.4612361363984033E-4,0.001119431931588128,4.367266717395389E-5,7.706661007578404E-4,7.232231808836256E-5,3.4670030124430654E-4,6.187976281909582E-5,6.029496998959629E-5,1.3869265950517713E-4,2.4164313917748311E-4,6.958339833868539E-5,2.952189194932023E-4,2.928500016150089E-4,3.0562991504578415E-5,2.4297145736897117E-5,6.996169627259999E-5,5.615067286656383E-4
0.6526951558204254,2.3392567193109085E-6,1.6639516283616638E-4,4.273321100906277E-4,4.773375267855762E-5,1.2953154146272867E-5,1.5024119347119115E-4,3.848359644065762E-4,1.4325442085934222E-4,9.074815466171171E-5,8.294527524847679E-5,9.194075715263886E-5,1.8333035298305573E-4,1.701981743124069E-4,7.127386627522246E-4,4.155192881209417E-5,4.903484674466072E-4,1.6061256755756721E-4,0.0012206458883877802,5.2237364888626565E-5,4.767660214398531E-5,1.380584908615776E-4,1.2302618615525808E-4,1.018358663885143E-4,2.721617512629974E-4,2.9808087882084947E-4,3.474097031778289E-5,2.5049787488948874E-5,4.938414493771217E-5,5.538180327529587E-4
0.6184790782877148,1.611123626019396E-5,1.6922914969436263E-4,3.280801634930163E-4,4.811596033997751E-5,2.7130352621157917E-4,2.2481321908929673E-4,4.362074272500451E-5,2.6936013863879108E-5,1.6525370626570483E-4,3.452999261361951E-4,7.11256715727176E-4,6.562345825387853E-5,2.0602530683596726E-4,6.175165025197403E-4,1.1416210719604385E-4,2.6583236876686185E-4,3.887641323036016E-5,4.953771122810684E-4,4.966885521171583E-5,4.9572626527859127E-5,4.8377737192578576E-5,2.0836041730996576E-4,3.342718559476197E-4,2.6873753742482677E-4,2.857132302404703E-4,4.551950977262491E-4,3.806569283734037E-6,4.188016906975435E-5,1.4910817395115481E-4
0.4093259298663319,1.6475775015774004E-5,7.380888885025823E-5,4.030422342512478E-5,1.0289289920713338E-5,1.108736862993768E-4,2.2759551733653557E-4,7.930464319813553E-5,2.1717808279470344E-4,6.015102138069247E-4,6.527168450470726E-5,5.143007914407491E-5,9.35048433941022E-5,5.755549477505586E-4,7.040923329638129E-4,4.039812598907207E-5,6.288112400397707E-5,1.275310726155466E-5,4.51603890212754E-4,5.563433952732273E-5,4.435451990614772E-5,8.365066101864113E-4,6.537257107908464E-5,3.79111894924073E-4,3.5548551234891763E-7,8.053912925471031E-5,2.2152856321411052E-5,2.4400914327945797E-5,4.510778271728025E-5,2.2935912530621373E-4
0.2572228204933573,2.861655907096053E-5,2.1593003675226408E-5,5.192003776610119E-5,6.478846927804927E-5,1.3510132567634165E-4,2.3445614833080184E-4,2.8651465738146337E-4,2.882202997552046E-4,1.7055987636534827E-4,5.3178605175467516E-5,7.140334042196329E-4,6.415346872829964E-5,2.2441067014540732E-4,6.524188618042139E-4,7.635011141332598E-6,1.0724199179646407E-4,7.00985770570077E-5,5.15688297923119E-4,4.144775257441771E-5,5.957646768723253E-5,1.4720435439915928E-4,2.079700198853395E-4,8.83890705091293E-5,3.2149600619730894E-4,8.198286733503729E-5,1.253569181916632E-4,2.8633863886002693E-5,4.8525868792704716E-5,1.5767412654431022E-4
0.08397712359495962,7.5112145044739195E-6,1.7185244690919876E-5,4.160536143435562E-5,1.3828987173447306E-5,2.7864048605047637E-4,2.280709704989496E-4,6.004901963963877E-4,1.53585439401689E-4,2.4288200141655268E-4,1.6066969874585817E-5,5.76156927944825E-5,0.00112443825494437,1.726075728214173E-4,2.3261937090105758E-4,2.063714915597144E-6,1.3308790432857635E-4,6.955667982830712E-5,5.147796282927265E-4,1.4614772364814716E-4,6.764528570227056E-5,6.443564207316145E-4,6.616798277132681E-5,6.027325369647356E-4,2.688830789845697E-4,8.807619109034727E-5,1.2564818231259249E-5,2.2621003948442687E-4,4.660759989801993E-5,2.3149210113562827E-4
0.18244566727382389,2.8597113977075906E-6,2.7737720458046616E-4,5.132098028843692E-5,1.1040811910681723E-4,2.3922739773081785E-4,2.3900954249266696E-4,3.859899806806066E-4,1.4911075918407806E-4,5.329754028363206E-4,9.662131152245456E-5,9.972967348291425E-5,2.2352933421655128E-4,1.6305467100349264E-4,0.0011623480557206415,2.8271992283472147E-4,7.540795578748257E-4,1.5201972382871721E-5,4.5812677225620115E-4,1.364299970606412E-4,1.1806073035160201E-4,5.333541770967161E-4,2.7130921301547664E-4,6.892629795597119E-5,6.965590817684753E-4,1.0882635917416462E-4,3.608562284164329E-4,1.4639595580346276E-5,5.9383901487185665E-5,3.226397460335119E-5
0.21827103628677963,2.9006339452599852E-5,2.1979166676365787E-4,5.41521694721711E-5,2.7510315977322645E-4,2.687224944184074E-4,3.353851192975999E-4,3.208053985949493E-4,3.491343910747606E-4,1.0341305709940065E-4,6.713139506548722E-5,7.623189353927811E-5,4.8276607825995996E-4,1.6086634755286375E-4,6.305456142765714E-4,6.165274113068404E-6,8.467517784568939E-5,6.311350816702654E-5,3.0260840754238607E-4,2.1000266756831474E-4,6.827276158044145E-5,4.798040619892324E-4,2.5232592112777244E-4,7.371195364899259E-4,1.5941362029653374E-4,9.540971211937635E-5,2.61478133778744E-5,6.572498577829491E-5,6.819658435809164E-5,4.6636619184015136E-4
0.4444965107440433,3.486922272756703E-5,7.498980726635463E-5,3.1907989943078235E-4,5.1089644215577495E-5,9.188834681509301E-6,2.2275545403161386E-4,4.605474661489563E-5,1.5692029799195341E-4,5.273844895952891E-4,2.290742235035501E-5,7.031852644858711E-4,5.2600682711788725E-5,2.155796546596653E-4,6.519212662496592E-4,5.331691756161691E-5,1.283210738599748E-4,1.7063656723274206E-4,3.42738479167896E-4,1.546940450295152E-4,4.3059598072202096E-5,0.0010753158239022306,2.138963513679741E-4,3.66148195696825E-4,2.8330317552782637E-4,7.974739772307623E-6,3.927658208198467E-5,2.3792606061063726E-5,2.765127851275858E-4,4.896497035551892E-4
0.4213815550983184,1.4012255517842305E-4,6.347999055621989E-4,1.345159377906009E-5,0.0020064561687654662,5.247820269353224E-4,1.3534737685831391E-4,1.0153123125988044E-4,6.223562471230511E-5,0.01196820538817234,5.914275007049489E-5,7.199735201456587E-4,5.475102306915017E-4,1.7600031946033486E-4,0.0011176222511419438,2.70853946447069E-4,9.439072463918885E-5,7.238301879130009E-5,5.247330222707296E-4,1.481819502112683E-4,6.771135237751149E-5,7.212797022999021E-4,3.503650265286983E-5,3.2541406801619825E-4,2.852757155445972E-4,9.419730007343693E-5,1.521936409629333E-4,6.72696490598808E-6,0.0012085014103440771,5.380753253424504E-4
0.016279405914793432,6.045047553844389E-5,9.569736874349181E-4,3.200554901472135E-4,3.3626742528081264E-6,1.1855554986134656E-4,4.3654468526522935E-4,3.858292416326169E-4,7.57725101825223E-5,6.406681355342915E-5,1.1870248972113793E-5,6.847692351595325E-4,1.0811761394366611E-5,1.244273132453359E-4,7.530371088952433E-4,2.047757703466718E-4,3.861942380703167E-5,1.994475702630312E-5,3.3715379246428406E-4,6.397705981128848E-5,1.1380285773014969E-4,2.614268325418327E-4,1.9888123240985371E-4,3.925074624462974E-4,3.0597781748233955E-5,3.06127414163687E-5,2.96741730391984E-4,2.467052228916378E-4,4.1644864264005546E-5,4.759918426406538E-4
0.05734007872804083,2.5937091532419447E-5,8.921609653378518E-5,1.2073848066971965E-4,1.936933244006618E-5,9.230401391758527E-6,2.2969020151728754E-4,8.178548107302047E-5,1.4155869440320623E-4,8.313664367057726E-4,7.844094342992184E-4,6.732437484886301E-4,0.001046595118311439,1.942569341635148E-4,2.2271638546612947E-4,4.336647530244945E-5,8.62734383135894E-4,1.907730373414949E-6,4.675133372514689E-4,5.272584788671908E-5,2.6973632405748497E-5,1.1856050055947433E-4,2.9277898453137705E-4,2.1132362480117648E-4,8.574620746630478E-4,4.883668751213557E-4,7.744287019404656E-5,2.4399334942708847E-5,6.746017583553647E-5,4.718310325356037E-4
0.8339894971886735,2.4399179424043122E-5,7.104597353407389E-4,4.374746658915653E-4,4.547467942965159E-5,4.803254496305337E-5,2.2946762040479694E-4,3.784051136708784E-4,9.819320947266849E-5,8.313629801877401E-4,1.3579992616723807E-4,6.157841152882486E-5,2.2963028453811343E-4,1.2293881767750996E-4,2.2965129583175052E-4,7.105534252269144E-4,8.485932734747088E-4,6.880143634859076E-5,4.673615203795227E-4,1.6404230963574655E-4,6.337733152576708E-5,1.3887198293360822E-4,2.988939715219244E-4,1.05939038223984E-4,7.30555911229741E-4,1.1013437878724738E-4,5.9548486032385786E-5,2.5014431357598537E-5,8.959471285011422E-5,1.813138044371175E-5
0.8443070049933395,1.942692815263179E-4,6.309876398238432E-4,4.0072228551016494E-4,0.0011133760559657192,1.9728200056835904E-4,8.32219322105289E-5,8.828748307737177E-5,1.4562436684147204E-4,2.0227125934233481E-4,8.532074877880407E-5,9.258268130093811E-5,3.74757583543336E-4,5.648306374760296E-4,6.211883307727904E-5,1.4605273509822814E-4,4.880616888939147E-4,4.307819529079669E-5,4.656898075217371E-4,1.5062458639484593E-4,1.340937666061474E-4,2.3400112835590323E-4,2.3687642590949524E-4,3.5344123221720534E-4,1.5152396799608355E-5,9.453735816007853E-5,4.045413451546296E-4,1.694135496500779E-6,0.022252391573697558,4.275494480559314E-4
0.8370311889801734,6.227649578035153E-6,6.897178724641771E-5,2.325884862296587E-4,1.3190773048086493E-4,1.0635407921248696E-5,2.3940779256076538E-4,6.287417389346367E-4,0.0011739046533413924,5.968152845744041E-4,8.16248144389861E-5,6.654793911377902E-4,1.1706337285818046E-4,5.710235843128639E-4,5.93111100541512E-4,1.3800175268731377E-4,2.908678869410094E-4,3.4198277668979235E-7,0.0012249694230447841,3.928720231584308E-5,3.6359652121897954E-5,4.568725011126708E-5,1.8838389089049178E-4,3.596961449843781E-4,7.359282791751697E-4,0.0010229436001904764,2.1833119544351136E-5,2.5634688073681534E-5,9.510458854407937E-5,1.552922254254862E-5
0.8316716779200298,1.6538178129436394E-6,1.761931924279205E-4,4.7779392104503696E-5,0.0011866434142136372,7.650064338658014E-5,2.639637921005706E-4,6.429527858250804E-4,1.3636296307484032E-4,5.293156724744476E-4,1.0082129054942361E-4,6.81991408906349E-4,6.8268281947113E-5,5.840587804946818E-4,6.138115967660565E-4,4.0476474415329866E-5,9.177972715711876E-5,3.902621481446121E-5,0.0012186379915968353,9.844333195501009E-5,4.7670504852393244E-5,8.472211395992686E-4,1.933618595342618E-4,1.7122689424038423E-5,2.2899163064660092E-4,1.7766841348114054E-4,3.118777652397724E-5,5.70436879476853E-5,4.05295114698495E-5,1.3976270288157565E-4
0.8417629774018442,1.9969469535210596E-4,0.001546505276589472,3.2229700242651345E-4,0.00103047151405215,3.993031782894829E-5,2.874587726296495E-4,3.784051136708784E-4,2.2530802105727188E-4,2.572730412279064E-4,2.0359375589020374E-4,6.411896600233751E-4,2.700498152350755E-4,2.3519833063870868E-4,5.788772399222832E-4,1.4602824343388712E-4,5.948164441855759E-5,7.342513951039783E-5,4.440831221328736E-4,1.1982432929949415E-4,1.0308162486988233E-4,5.324290456531247E-4,1.6417098410972854E-5,3.4607703561454487E-6,6.97107675818806E-4,1.2276036350436417E-5,1.3378176675038706E-4,2.5774197458450087E-5,5.492841482762054E-5,1.0736537825253947E-5
0.19862072264960973,2.5937091532419447E-5,8.593247660552478E-5,1.2029676814168038E-4,9.733037230593659E-5,6.9448354348134985E-6,1.0611395720173738E-4,5.555430628596798E-4,1.4155869440320623E-4,8.379839370519556E-4,7.844094342992184E-4,6.676713249530427E-4,0.001046595118311439,1.942569341635148E-4,2.2271638546612947E-4,5.644226228345681E-5,4.717373595262449E-5,1.3282900838712049E-5,4.675103658079036E-4,1.3539819090911199E-4,1.166628897582164E-4,1.2606228465051253E-4,2.9277898453137705E-4,3.338440009818096E-4,8.574620746630478E-4,4.865776677099472E-4,7.832846391867238E-5,3.127423321848171E-5,4.410244349779852E-5,4.6786415533407516E-4
0.8387190373063886,2.8569682695946274E-5,0.031050586225636962,5.423039440209811E-5,8.684220948236771E-4,2.689482503253543E-4,3.3721919178691495E-4,3.18839687437028E-4,3.491343910747606E-4,9.998786393266136E-5,6.801020354960827E-5,7.623189353927811E-5,4.8276607825995996E-4,1.583355832889825E-4,6.339760097191152E-4,6.441096185539935E-6,8.467517784568939E-5,6.311350816702654E-5,2.928223876527878E-4,2.1000266756831474E-4,6.828984274178778E-5,4.803362450062558E-4,2.5281302919319604E-4,7.41749831869979E-4,1.619959078809712E-4,1.572012668150666E-4,1.868820599188265E-4,6.572498577829491E-5,7.342868273203513E-5,4.6636619184015136E-4
0.22332658525371818,4.258114961179339E-5,6.879994927714013E-4,2.457920835518125E-4,3.133397527585501E-6,2.328926052636472E-4,2.395691084313322E-4,2.9250978441124206E-4,9.793448431590453E-5,7.749161505590543E-4,3.84270545467827E-6,1.0719978455011231E-4,5.071636755521275E-4,1.2538795683869592E-4,0.003854011045228894,7.153354604844726E-4,2.901762283452597E-4,5.147559788077466E-4,3.5519413861701487E-4,1.588210461685397E-4,6.394072231854154E-5,1.357573325898892E-4,2.482433053794914E-4,9.217871071205083E-5,7.844935148085926E-4,5.121332627670708E-7,3.07739102416239E-4,1.3625452923694348E-4,6.866508412539756E-5,8.815624922808287E-6
0.2154054764381454,5.024213375455328E-4,0.001353554823228679,2.5104501473715413E-5,0.0011438667278624586,1.9063955047618519E-4,0.0010713209267436438,5.439184627771805E-4,0.0010534500284224266,9.704722044598076E-5,6.557695258932838E-5,1.2159049252425313E-4,6.105384407111715E-5,4.0193983046265904E-5,2.661980033203423E-5,1.2276928569505334E-5,0.0023918278383218017,2.2885226151723483E-5,5.129190800673253E-4,1.365635050118628E-4,5.316000645690504E-5,5.961049636314502E-4,2.3589097598454936E-4,9.868608458365094E-5,2.5132815206825316E-4,8.969565612343836E-5,2.6856289632147106E-4,2.9521510184790177E-5,4.5809218086508317E-4,0.0021424799516804667
0.829364299022217,1.9235395708987684E-4,1.444940464291521E-4,4.102026947943316E-5,1.996368478862057E-5,1.5436686280210962E-4,2.3453589084866953E-4,5.529490976832754E-5,2.848126567409719E-4,2.628363432844338E-4,6.572223283140633E-5,7.279688147957344E-4,2.5291435845826754E-4,5.435539438112015E-4,5.413230229944012E-5,2.5707325321413942E-5,7.404645160035019E-5,6.97385757986792E-5,2.49477488452705E-4,3.963947500104355E-5,5.996973980739256E-5,1.3743645469219406E-4,4.2983228820733254E-5,8.686541505564806E-5,2.98215286593591E-4,7.801979652023215E-6,3.212227915318518E-4,2.9631734231514758E-5,4.4760131435618946E-4,4.1587133117994496E-4
0.24796167367194608,2.861655907096053E-5,9.803798386401937E-4,4.359032467066016E-6,6.470143150952711E-5,1.3510132567634165E-4,2.3445614833080184E-4,2.8651465738146337E-4,2.882202997552046E-4,5.669920908762318E-4,5.306693275246853E-5,7.32274941958934E-4,6.415346872829964E-5,2.2436070782261863E-4,6.524188618042139E-4,7.635011141332598E-6,6.309624865573703E-5,5.047652437449615E-4,5.159108023301208E-4,4.1408064250430836E-5,5.957646768723253E-5,4.967730231724925E-4,2.079700198853395E-4,8.83890705091293E-5,3.2149600619730894E-4,7.145505401694569E-5,1.2600671769763276E-4,2.8633863886002693E-5,7.015151796369663E-5,1.5767412654431022E-4
0.010985239530404978,1.641873134273919E-5,9.603098168904996E-4,4.531739566180769E-5,1.414203364523678E-4,2.6207488504595663E-5,3.355566772503413E-4,0.001356658294566554,3.3926412007882366E-4,2.451605178101798E-4,2.05587157385744E-4,3.5475425479047673E-4,1.032491817934831E-5,2.2804248858047487E-4,7.522682593639217E-4,2.0642066383599932E-4,8.209043108623352E-5,3.462361127073521E-5,3.3557374356124733E-4,6.491615087002616E-5,6.865971388753702E-5,4.8738070649678256E-4,1.988549168727463E-4,7.60112156097941E-4,6.573544291639075E-4,1.1371099075836473E-5,2.0887439043106312E-5,2.706446492549888E-5,3.2175823961854085E-5,4.7342850077011214E-4
0.24149079178318494,1.3011865856547803E-5,1.0908734971418698E-4,3.1934836987962227E-4,1.5618287205654182E-4,4.105777032278055E-5,6.9658336753038E-5,3.8188970269303094E-4,2.2689676406823975E-4,1.3114172348931195E-4,6.711127284619064E-5,6.831907128757194E-4,4.780544315359499E-4,1.6856782425371617E-4,7.258670906828643E-4,7.239309072294304E-6,2.610879612064262E-4,4.976131690414548E-5,2.8448367943776547E-4,2.1143257817674555E-5,6.0585156369944286E-5,1.2612173735948468E-4,2.795929900204589E-4,7.473231745229274E-4,1.59541831486055E-4,1.0641813025435976E-4,3.076899450282703E-5,2.7475877453996605E-5,1.4639161104145463E-4,1.2497001042948623E-4
0.8263505511281186,8.091716840983829E-6,1.4913863614232788E-4,4.934072763764697E-5,0.002659116386744773,3.580311577160402E-4,1.6276111960444197E-4,3.8775943315825156E-4,1.0260635794964972E-4,2.4096819199142684E-4,8.785461994716548E-5,6.809190046431785E-4,3.491970378534212E-5,5.745163107443091E-4,0.0011271887659240162,2.787512105212128E-4,2.8880463479035443E-4,4.50391147542929E-5,2.906963980635571E-4,4.279007721532329E-5,6.150906986365639E-5,1.2716010836020874E-4,5.0635572601514264E-5,1.8717787696550996E-4,0.00103150715227519,9.775430861162877E-4,2.509548732224949E-5,3.092529063414408E-5,7.879554331343762E-5,4.644312877025999E-5
0.4319988370255008,1.3754784907491939E-4,6.289917464526011E-4,3.3151000734574936E-4,8.168651298936548E-5,5.247820269353224E-4,1.3534737685831391E-4,9.121385157646861E-5,5.72384765085042E-5,0.01196820538817234,5.6949953701566504E-5,7.199735201456587E-4,5.706952655587871E-4,1.7600031946033486E-4,0.0011176222511419438,2.714570165718601E-4,9.840097840344331E-5,5.012698846428364E-5,5.255009818321999E-4,1.4702102281850945E-4,6.0757730543131497E-5,7.127131674827501E-4,7.453585807499041E-4,2.925705131794258E-5,2.852757155445972E-4,1.11682513369659E-4,1.4641211853130706E-4,5.797866287241054E-6,0.0012085014103440771,5.380753253424504E-4
0.03240226253395856,1.983607952689167E-5,7.077248033882518E-4,4.293929946021463E-5,2.5228532591934987E-4,2.6465075209519456E-4,1.5843231103388378E-4,1.8807472615839257E-4,3.6224977743281033E-4,1.7534666595530232E-4,3.31190767855575E-4,5.913435611843026E-4,0.00113762085413288,6.009245794379961E-4,7.486109172249178E-5,1.3390400926212415E-6,2.2259929947697293E-4,5.879086829789382E-4,0.0012217162823491754,2.129442056696454E-4,4.9966850163093566E-5,3.6076141404316436E-5,2.0422719983174606E-4,1.0312526842239397E-4,2.805800548465864E-4,9.366576730741714E-5,4.575961572328592E-4,5.084762591070899E-6,7.452942193723116E-5,0.0021352716670551566
0.8254325679737877,8.111105929768542E-6,6.284577110504853E-4,1.6131553525175225E-5,0.002075587272594456,5.308991295797231E-4,1.3855338778429664E-4,7.349307714231293E-5,0.0011669988472707894,1.6662299826424466E-4,8.236330192650167E-5,7.197382877105191E-4,1.1787652248932613E-4,1.7600031946033486E-4,0.0011101100082857368,2.70853946447069E-4,9.439072463918885E-5,4.547195325834922E-5,5.256208160523277E-4,1.481819502112683E-4,6.890220557960423E-5,7.212797022999021E-4,2.786672339779614E-5,3.140683546178647E-4,3.942977521909075E-5,4.8594742971142186E-5,1.521936409629333E-4,2.6089633579255673E-5,5.956426419738382E-5,5.380753253424504E-4
0.05150045368179035,5.190973484710522E-4,1.4770850695511092E-4,5.389711170991548E-5,3.5225179687213787E-6,2.771626161193136E-4,2.8847877835966177E-4,2.2757115332115355E-4,2.1655580909951414E-4,4.9399146066371664E-5,8.651591139046887E-5,0.0015353808373244266,5.708043227082338E-4,6.31827709784196E-4,7.23592438353806E-4,2.853982913193538E-4,1.7331541631185126E-4,1.6930164754802818E-4,5.34234489184991E-4,5.923005901090616E-5,6.696098365670333E-5,1.2272566844676678E-4,2.760697790023844E-5,3.237488574817576E-4,3.621259112509612E-5,1.011593000745732E-4,9.671751563594151E-6,8.42087259099805E-5,2.6634374406614273E-4,2.1965140770206944E-4
0.0056740601204828545,2.7506519767420616E-5,7.236499160666284E-5,1.9740807701453342E-5,4.863967240436756E-5,2.8206551971317133E-4,2.7057909154755904E-4,3.8887836092843997E-4,1.9685282820326304E-4,5.191468040685805E-4,5.937161008970955E-5,7.321517926142367E-4,0.0011990587723407547,0.032828084340453374,0.001119431931588128,4.331807081582986E-5,5.304791666973178E-4,7.232231808836256E-5,3.4683993099269607E-4,1.4401099085693304E-5,6.034922539054872E-5,1.371671960711335E-4,7.990272491212265E-6,9.070045755711539E-5,2.8533850499667935E-4,1.5743832144405522E-4,2.9058322089692393E-5,2.4016511262972115E-5,5.132523173174578E-5,1.0211444488421838E-4
0.43608034563554143,2.4549617622588237E-5,3.56861714611292E-5,2.3846825288222312E-5,1.1051863258424897E-4,5.911124523403204E-6,2.3926318515703996E-4,6.575417416692976E-4,1.3024192970761137E-4,1.797784409440644E-4,2.770368885023078E-5,0.0014734107652916374,5.072664250628587E-4,5.711817578746503E-4,7.367991685977067E-4,6.135959105288484E-5,3.3663484980230935E-5,3.4703711594178116E-6,6.937552295939616E-5,1.4811047012590678E-4,3.355905660414458E-5,0.0010502055265989663,2.71910296959586E-4,6.842473606793983E-5,1.1920628485519538E-4,0.0010998214323870558,2.5088352630333368E-5,2.4652967174156764E-4,5.8436534963072316E-5,4.5776304592587424E-4
0.6428048774605353,1.2756492264931227E-5,2.1925280214674868E-4,4.773579541973784E-5,4.989001224009527E-5,2.555045388203553E-4,4.24757805667218E-4,6.676645796413775E-5,8.350560752937979E-4,0.007290393131771047,4.8350820938567325E-5,1.560511117242634E-4,6.059165122115942E-4,5.80057336325421E-4,6.93590670056414E-4,2.685724953358785E-4,7.906505687329743E-4,4.6039623311292945E-5,5.199563847341074E-4,2.0613621092819417E-4,1.9414508292714652E-4,1.861501850381372E-5,5.659954073158475E-4,8.884714449540384E-5,3.558268119825686E-5,1.8246025809720475E-4,1.4482633986924307E-4,3.152885069919952E-4,6.0760076472424375E-5,0.0023205872242583457
0.6476054496622999,4.906255427340606E-4,7.833343082667875E-5,4.88340684337514E-5,2.66226783747581E-4,2.5212853205180226E-4,4.1400509928054906E-4,4.0084174729765164E-4,1.0993237454347065E-4,1.6410192229674255E-4,8.90312308523611E-5,1.3320757154469665E-4,9.438895126695651E-6,5.566229581568214E-4,6.226978454022044E-5,5.682753591589591E-5,2.7660045783760385E-5,4.307655385079863E-6,0.0012225636995842957,1.5186143425594112E-4,5.4261143561738345E-5,2.687939191633556E-4,5.633395462115783E-4,4.520592992117477E-4,6.881915041736566E-4,1.112874987339288E-4,2.175875742547079E-5,2.2997238634763097E-4,6.955654075062269E-5,1.9384461970566947E-4
0.23190485577527864,2.5798604699592082E-5,4.497016181782425E-5,3.2018746988225115E-4,0.0010994828465737483,2.819482435006258E-4,7.996475188218964E-5,3.3223521639056937E-4,4.6759635869155245E-4,1.3741919879625713E-4,2.0620714683854217E-4,6.864011989389178E-4,0.0014895761674914513,2.3403009361922875E-4,6.6135719686498E-4,1.2024806618587958E-4,2.610879612064262E-4,1.119156938152047E-5,3.3982965517650803E-4,3.443277703675052E-6,4.181429818307877E-5,5.10137408849306E-4,0.010605619476956553,3.280824009886291E-5,0.0010751712426760494,0.006529522186890574,1.223016662482577E-4,2.2404977791216517E-4,1.4683652016357426E-4,8.83945090470326E-5
0.02698188018381434,5.463509735874823E-5,9.474930917526524E-4,7.452663807960735E-5,0.0010417841278894207,2.929669322149034E-4,2.246745546230968E-4,2.5935090288887184E-4,1.4868213906006576E-4,1.0074801192257258E-4,1.2337527610537349E-4,2.289832185271704E-5,7.927492439624586E-5,1.8988896147553234E-4,1.0802301617501104E-4,6.375015150735797E-4,5.353916806061057E-4,7.31950657632483E-5,3.4477292824285327E-4,3.9626973870109294E-5,4.2996511143598686E-5,0.0010791229884358335,6.166514381278228E-4,9.580462237575409E-5,2.8123266326548807E-4,1.6143520672539817E-4,8.022065858648418E-5,4.7006169060866316E-5,5.1401350642290205E-5,0.0021927236658981267
0.6238267187393475,1.66845089981858E-5,1.4700094294471536E-4,3.273848237756032E-4,4.178712948113415E-6,1.2129102759360976E-5,4.543742311882549E-4,3.8044521383649905E-4,1.4507544339369585E-4,5.440102374287977E-4,1.1654700184474566E-5,6.318762898304733E-4,7.298291202603067E-5,2.1709107986535596E-4,7.245658449251917E-4,6.0261832987941954E-5,1.283254494126675E-4,4.914176009769547E-5,2.4254253590019298E-4,5.237523961736802E-5,4.1881884699942124E-5,2.1493044516462175E-4,2.084088668492427E-4,3.634287024483344E-4,6.740285937980157E-4,2.440370420371719E-6,2.9055612918356497E-4,6.997588432403705E-7,8.363340580358444E-5,6.715033553132946E-4
0.4123355556932503,1.640451289627312E-5,1.3322520812689639E-4,2.8471243145679445E-5,9.300016697232961E-6,2.2133841228156697E-4,2.66932014270504E-4,2.4198613343663357E-4,2.1545581979436274E-4,5.44844329064855E-4,6.258430296309496E-5,6.676446295177381E-4,9.331456667438861E-5,1.9638791750339E-5,6.95239607811263E-4,8.789272610942788E-5,1.2842193635332003E-4,4.914176009769547E-5,4.535366813502796E-4,5.6765256108621794E-5,6.629974288291235E-5,2.271772954573224E-4,7.48687494963727E-5,3.7276581248329456E-4,1.969651201254644E-6,6.2500572710325585E-6,2.9886175225457047E-4,1.930190975277939E-6,4.391467089425217E-5,2.1902105254985476E-4
0.41417239360752256,1.6406747118934968E-5,6.189009324984996E-4,3.984241767991235E-6,1.9075902997750117E-5,1.1103714984838644E-4,2.884801562717615E-4,2.232025658214639E-4,2.1545581979436274E-4,1.4158006801051983E-4,6.268408893823385E-5,6.669535430723611E-4,9.331456667438861E-5,2.2336511109524813E-4,7.245154030236303E-4,6.017740960483496E-5,1.2843749684129057E-4,4.914176009769547E-5,2.4219110877205137E-4,5.257714657780209E-5,4.166935348153534E-5,0.0011361981560393127,7.48687494963727E-5,3.734029991206169E-4,1.969651201254644E-6,3.5195200675033726E-6,2.9883524259254046E-4,6.762254908307773E-7,4.0913447032107775E-5,2.166742038275804E-4
0.20835403484234222,6.17100193642661E-6,6.866167443235749E-4,8.84363444837453E-5,3.12658371563003E-6,2.328926052636472E-4,2.4014789042607778E-4,2.9431314035554103E-4,2.767694763522312E-4,5.983321972405954E-4,3.84270545467827E-6,1.5484099107757038E-4,1.3355108201675193E-4,1.2538795683869592E-4,2.09296138194417E-4,7.165164358187789E-4,2.910309032531312E-4,5.147559788077466E-4,4.580398648743048E-4,1.588210461685397E-4,5.6810292438971E-5,1.2714372431859794E-4,0.0015109682699660236,6.950792706920783E-5,2.259873745940593E-4,1.2815949862742817E-4,3.4119924489863484E-5,8.785634233309195E-5,6.85573889711129E-5,8.815624922808287E-6
0.8279773492195723,2.9006339452599852E-5,8.448215471225712E-5,5.4248087372317965E-5,2.72679099954138E-4,2.689482503253543E-4,3.3721919178691495E-4,3.208053985949493E-4,3.491343910747606E-4,9.101021390455906E-5,6.713139506548722E-5,7.623189353927811E-5,4.8276607825995996E-4,1.6086634755286375E-4,6.339760097191152E-4,6.441096185539935E-6,8.467517784568939E-5,6.311350816702654E-5,3.0260840754238607E-4,2.1000266756831474E-4,6.828984274178778E-5,4.798040619892324E-4,2.5232592112777244E-4,7.371195364899259E-4,1.619959078809712E-4,1.572012668150666E-4,2.61478133778744E-5,6.572498577829491E-5,7.357787545754427E-5,4.6636619184015136E-4
0.6275857653504753,2.7967096040328605E-5,9.563848267819055E-4,4.494813695361417E-6,1.7382967868694076E-5,2.303337617120369E-4,2.663404278407956E-4,2.806188306990752E-4,1.3888113771229116E-4,5.773360686118135E-4,5.9642447790169415E-5,8.211530476957504E-5,5.115023429055971E-4,2.2291612813035277E-4,7.352181462744869E-4,6.167272320455741E-5,6.041462532971022E-5,5.055894058378468E-4,4.695407042998321E-4,1.5473656181231823E-4,1.1836360070012828E-4,4.939483203558253E-4,2.7110538968484044E-4,6.915381677088333E-5,2.8286923143938555E-4,2.844288805284631E-4,1.514258831471793E-4,8.780794454432716E-5,6.923523487336675E-5,4.712059597978304E-4
0.07419025800435343,2.0610838727522297E-5,1.869733660236658E-4,8.990887953318715E-5,1.6098201546138917E-6,1.1581814065332743E-4,3.3807974747138245E-4,2.2757091253251694E-4,2.229431956001887E-4,5.932361337674916E-4,1.1777070578623336E-4,3.436928867517103E-5,4.4279425213162695E-5,5.747146875373797E-4,7.262607871051528E-4,5.2377429373492995E-5,8.761549870055325E-5,8.170642370551531E-6,2.9685390087584563E-4,5.4230003372224884E-5,4.04471172354301E-5,2.2659725556830403E-4,2.3992862322050297E-4,1.2493389139392244E-4,2.3436840979202826E-4,9.269355803941272E-5,2.5812854252330172E-5,9.022848571072014E-5,2.5969129495008323E-4,8.502660919764203E-4
0.06530767395555977,2.072761720538117E-5,6.959890573956721E-4,4.2305240260462495E-5,1.4613777064921058E-4,1.1309437205835659E-4,1.6257348440845313E-4,1.708911266584505E-4,2.0903094301031322E-4,1.8199973006387886E-4,3.307624148391388E-4,9.914557523598767E-5,1.7224746277528038E-5,6.007097076866587E-4,7.096597947037176E-4,1.0257007068995854E-4,2.2401252759567634E-4,5.634364153560686E-4,8.0614669183655E-4,2.1286110495664532E-4,5.0572022725267024E-5,5.042331912366613E-4,2.0400101710082319E-4,1.0738024618716692E-4,2.1824031715049152E-5,9.831387448305665E-5,4.18720585869365E-5,8.400591430046274E-5,7.536490106788932E-5,8.663072909393353E-4
0.4405362136672628,3.098851119202972E-5,4.090755649342211E-5,5.687812028634017E-5,2.036789079496251E-4,4.869887481393937E-4,4.151124034317426E-4,4.0095791605247624E-4,0.0010914875784561423,1.811296527996482E-4,9.05107088246726E-5,0.0014854830072341804,7.628862985981078E-5,1.8424903372113595E-4,0.00105654886053432,4.00652312379004E-5,5.729754757299768E-5,1.6259523951428538E-4,7.139226385460322E-5,1.4399581442546208E-4,9.915046549537891E-5,4.798404630464597E-4,5.745861996955246E-4,2.8496314506899615E-4,1.3128172685831875E-4,5.065549638624983E-4,3.9454763782727047E-4,8.069804531289152E-5,3.8297086403100766E-4,4.712500076266643E-4
0.02373983294721166,1.9956016516603593E-5,6.946732863083769E-4,4.773579541973784E-5,0.0010154056508062423,2.5523486612743574E-4,4.1302089187554146E-4,0.033189195562941226,3.612331029998072E-4,2.507328178762993E-4,6.81948291731787E-5,1.560511117242634E-4,0.0011487722156899118,7.601213323309977E-5,6.972983745187503E-4,4.3308246513423104E-6,7.515595656574077E-5,2.0040776189964107E-5,5.135131367778459E-4,6.153071903416207E-5,4.79421231598942E-5,3.175589435775198E-5,5.605363758305612E-4,3.6487003962967725E-4,3.558268119825686E-5,1.8225323583950152E-4,1.4482633986924307E-4,3.227011616705168E-4,7.489210385431346E-5,0.002137038045601221
0.6259506476602192,1.983607952689167E-5,2.7150368834989367E-4,4.293929946021463E-5,2.5228532591934987E-4,2.6465075209519456E-4,1.502499484462976E-4,1.8659767459076396E-4,3.6609811297269704E-4,1.4785289406140138E-4,3.31190767855575E-4,9.324143322970321E-5,2.1927914441493835E-4,6.009245794379961E-4,7.486109172249178E-5,4.1290766539523465E-5,2.2572447807631008E-4,5.373684066886692E-4,0.0011866625400288715,2.129442056696454E-4,1.1888457524659416E-4,1.3921233364539963E-4,2.0664976939931858E-4,1.0312526842239397E-4,2.659384747392267E-4,9.376088472291973E-5,2.0309555557123456E-5,5.084762591070899E-6,7.452942193723116E-5,0.0021244819159811196
0.19533599232285973,9.349838215186152E-6,1.4770850695511092E-4,8.990887953318715E-5,1.6098201546138917E-6,1.2225559709182592E-5,2.8847877835966177E-4,2.2757115332115355E-4,2.1655580909951414E-4,4.9399146066371664E-5,8.67439259036665E-5,0.0015353808373244266,5.68804418715137E-4,5.9550891679054E-4,7.23592438353806E-4,2.853982913193538E-4,9.620947150437524E-5,1.6930164754802818E-4,5.34234489184991E-4,5.433249484894977E-5,6.687419288760724E-5,1.2272566844676678E-4,2.4174270205926438E-4,3.7963802911782313E-4,4.2119299290392146E-5,1.011593000745732E-4,3.0692004075428224E-4,1.5074350323637454E-5,2.6634374406614273E-4,2.1965140770206944E-4
0.42357891485506244,2.3614753345452543E-5,1.482449634288878E-4,3.676352939877033E-5,1.2587275525946192E-4,1.845563293803619E-4,1.6415267915921938E-4,1.8062459757875872E-5,0.00115476702561846,2.374065929995574E-4,6.0452278865749885E-5,1.9736968482871877E-5,8.865477868530722E-4,5.597412549712186E-4,0.001134071124400907,8.74404295979874E-5,6.303251990652438E-5,1.2650937049880907E-5,4.612731711489749E-4,4.639710202966183E-5,1.1384340005180843E-4,2.554212367200676E-4,2.1832154831495637E-4,7.288492292317614E-5,2.9047989409073044E-5,0.003825610506271169,2.5069923211014215E-5,3.1284909542642775E-5,4.4770705616629654E-5,4.644312877025999E-5
0.20160329139817929,1.9049089234185172E-4,7.339968773024816E-5,4.8721029171567495E-5,4.6773918583395066E-5,1.2518768717528225E-4,2.3003987412567793E-4,8.043151789264934E-5,2.815122698540506E-4,4.3733199701302366E-5,6.526045179440309E-5,4.147909971607299E-5,2.5052934440450685E-4,5.789744614110622E-4,7.288107425154196E-4,1.4214224501048824E-4,6.275566982667491E-5,1.3248065067076709E-5,2.4402666182850376E-4,3.1608121644305246E-4,1.1121182718196586E-4,1.381551709628031E-4,1.9868072292954643E-5,4.550604530779163E-4,2.9424733717873283E-4,5.517592775958983E-6,2.4971559146744776E-5,3.126300702459584E-5,3.9711520686981385E-5,5.655204932751964E-4
0.6220436928587217,2.268508105200677E-5,6.526856319773852E-4,4.039664413887445E-5,1.6911475624382033E-4,2.1718295443596658E-4,2.396830288410419E-4,0.0013148426102199276,9.675271813785471E-4,0.014517304710801407,1.156996377318691E-4,3.4306083040269795E-4,4.110686174834115E-6,5.858461676610022E-4,7.214461935174778E-4,1.0293504985211827E-5,6.8631529842626E-4,1.2753910087951955E-5,4.631641383464008E-4,6.538023738609539E-5,3.762377473026031E-5,5.921722468080034E-4,1.69395966947775E-5,3.8130421260316983E-4,2.5617022461965535E-4,9.647692384786547E-6,2.803531190556719E-4,3.3601564666573E-5,4.904211831694772E-4,1.2602566617580884E-4
0.04749140378329292,1.3284418852525521E-5,0.006076138597637762,5.498308993989139E-5,9.045068780206113E-4,5.222630441682094E-4,2.1389265295145463E-4,2.2930874156884613E-4,2.265459128753087E-4,1.0074477316994426E-4,6.801578723222662E-5,3.385763521500536E-5,4.7827674756721703E-4,2.1916641940891439E-4,1.360957520367381E-4,5.620026055294548E-5,7.863519345709973E-4,4.4171802520161186E-4,4.944024815938784E-4,2.0935812013540473E-4,7.38268241825412E-5,2.541641772720524E-4,2.3266346666876245E-4,3.877368357528675E-4,1.667671274224603E-5,1.2782650131928209E-4,1.866920973732186E-4,3.5341314796430635E-5,1.6211973846788895E-4,4.7903749037427285E-4
0.4155322310297992,8.517311624277366E-5,9.392925756192133E-4,1.5560647963673135E-5,0.0010277583774824435,9.129156531346171E-5,4.3654468526522935E-4,3.8574941651183545E-4,2.2916525528592123E-4,2.6586339840491363E-4,9.98257762785918E-6,6.847692351595325E-4,3.6026650571082517E-6,2.2172881008725927E-4,6.119753279876321E-4,4.1170965359695726E-5,4.039681432670811E-5,3.3674512054222133E-5,8.064408419275085E-4,9.918258143960264E-5,1.1380285773014969E-4,2.510978710767218E-4,2.110240094619008E-4,3.992432905419344E-4,6.75946843691264E-4,3.051404649802021E-5,1.2858858649353588E-4,2.4837649786011262E-6,4.1644864264005546E-5,4.232533925714298E-4
0.42890189688500924,6.012933702673492E-5,1.94237127664764E-4,4.479308185038672E-6,0.001064222525259754,1.1932708395585409E-4,2.3039174835044692E-4,3.858292416326169E-4,1.4345375744705135E-4,5.52778494567822E-4,1.1870248972113793E-5,4.487865881117882E-4,7.442055069320995E-5,2.1983764861786763E-4,0.0010570663383454723,2.0440690640161682E-4,1.2720333737891262E-4,1.994475702630312E-5,5.188634155820538E-4,6.35251624461825E-5,1.1385968377982357E-4,1.252795872208876E-4,1.9871807780917972E-4,8.707725225240965E-5,3.0597781748233955E-5,7.630765149887017E-5,1.2488145532028896E-4,1.0991028798134898E-6,4.1644864264005546E-5,6.745408396197584E-4
0.6386015132927956,1.641873134273919E-5,8.556579523820809E-5,4.084123170772944E-5,1.414203364523678E-4,2.6207488504595663E-5,3.3627124823927296E-4,0.0013497980886784788,3.3997018533133295E-4,2.451605178101798E-4,2.05587157385744E-4,3.5475425479047673E-4,1.749361915860605E-5,2.2804248858047487E-4,7.220254205090688E-4,4.309609176423649E-5,8.209043108623352E-5,3.462361127073521E-5,3.638101564745622E-4,2.089821824851837E-4,6.842146833763628E-5,4.910954876633504E-4,1.947782794507367E-4,7.618808711005885E-4,6.573544291639075E-4,1.1371099075836473E-5,2.0887439043106312E-5,2.9527017351984572E-5,3.2175823961854085E-5,8.835652841893045E-4
0.02018603356539017,4.968673444028644E-4,6.897178724641771E-5,3.589390385891137E-5,2.713732460112933E-4,1.0635407921248696E-5,8.71016195425204E-5,6.428554783216372E-4,0.0011739046533413924,7.694914415920538E-4,8.196960161463121E-5,6.654793911377902E-4,1.1706337285818046E-4,5.710235843128639E-4,5.094125960190414E-5,1.3531296186598967E-4,2.908678869410094E-4,1.487788067114039E-6,0.0012249694230447841,3.928720231584308E-5,3.6359652121897954E-5,2.718316972712927E-4,5.663332299488137E-5,3.582119141350135E-4,7.359282791751697E-4,0.001119461379815294,2.1833119544351136E-5,2.5634688073681534E-5,6.791601105712175E-5,1.5533765351435628E-5
0.03817130883595862,1.503824036391329E-5,4.5896331857011175E-4,4.329677538933321E-5,0.0011046510942876206,2.819482435006258E-4,1.5875579826173238E-4,3.2659595498083676E-4,2.271102387539342E-4,1.7539517633712132E-4,3.30415751393903E-4,7.958793956754849E-5,0.001336578796203323,3.4711603187775E-5,1.1818555870443491E-4,7.1233720865806E-4,6.102964042567228E-5,4.358357801978967E-5,0.0012656798940723665,1.1817164036138136E-4,5.5935087993505256E-5,3.452974002342835E-5,4.5353247287611715E-4,3.556118301479574E-6,6.820340497346393E-4,3.655122353633679E-6,3.117244910416163E-4,4.80505669772261E-6,5.781400213800322E-5,8.605804952202978E-5
0.8329796238304108,6.314455102065783E-5,6.420047533142892E-4,4.1499052532348714E-5,2.0195960348925795E-5,5.247820269353224E-4,2.3891008592246955E-4,5.935261965193958E-4,1.5100223334925232E-4,2.4214021131421033E-4,1.698883189461391E-5,7.16861777538594E-5,0.0011125215625282319,1.7504502263050506E-4,2.3261937090105758E-4,2.063714915597144E-6,1.3395302862581832E-4,1.7576855436972596E-6,5.247330222707296E-4,1.4927746408847586E-4,6.748967685995868E-5,0.0010987033887725295,2.771254977504985E-4,0.010554604786395553,2.747448594159197E-4,9.419730007343693E-5,1.681155730381376E-6,5.639185784905348E-6,1.4640078011329445E-4,5.587827943558892E-4
0.6312882185763283,2.5728100582731463E-5,7.751617403035983E-5,9.755576657535174E-5,2.674855405643624E-4,2.5110312898662626E-4,1.6681165431408948E-4,5.412349211232751E-4,3.3449120176874735E-4,8.109065934258037E-4,6.803705068055223E-5,1.1609239382050104E-4,0.0013219546977382667,4.306285994458759E-4,4.1478789157358884E-5,1.4835096689735136E-4,9.644335338019396E-5,3.6337258963598505E-6,4.653779430754669E-4,1.543865333151979E-4,5.328143617978685E-5,1.6968695598128803E-4,2.088229026582587E-4,1.0598821409232505E-4,3.119920441353127E-4,1.0263943337585161E-4,1.4303414800567684E-5,5.519257467320699E-5,7.953273650541188E-5,6.00239321320352E-4
0.6208163759653077,1.66845089981858E-5,1.628632155101391E-4,3.979566971778646E-6,2.2596646950949072E-4,1.2129102759360976E-5,1.4144360360625864E-4,4.9350439777709156E-5,1.4507544339369585E-4,5.440102374287977E-4,2.1819253163644263E-5,6.308166785481684E-4,7.298291202603067E-5,2.1709107986535596E-4,7.245658449251917E-4,6.0261832987941954E-5,1.283254494126675E-4,4.914176009769547E-5,2.4254253590019298E-4,5.237523961736802E-5,4.1674140423378886E-5,0.0010604417734085153,2.084088668492427E-4,3.634287024483344E-4,6.57936661658999E-4,3.545907928791937E-6,3.959787736423394E-5,6.997588432403705E-7,8.363340580358444E-5,6.715033553132946E-4
0.21180101998721496,1.1466971710982286E-5,9.521254156580395E-4,3.8385010453606404E-6,2.0034762916899893E-5,2.8662513642741064E-4,2.6629180365402076E-4,2.2451891929453648E-4,1.4942902610354475E-4,5.202142376536363E-4,6.819059208670478E-4,8.158123958232807E-5,0.0012465244108888118,1.7406614234250907E-4,7.412559774440435E-4,7.02603492008425E-5,1.4702004126463785E-4,4.3994910135037674E-5,5.335230041238942E-4,1.5220287781468703E-4,5.688681102685338E-5,4.972171888198242E-4,2.476937277347775E-4,6.946456355945492E-5,2.5053479273559267E-5,0.003776195771677854,1.469748763583239E-4,8.811022743401407E-5,6.923523487336675E-5,8.565154721527636E-5
0.42652916939763263,1.083584000023733E-5,8.724566274190512E-5,4.059089947689987E-4,2.6856067991258423E-4,5.150364915812571E-4,9.163579219071289E-5,2.3039483012543367E-4,1.45444218995944E-4,1.6848154528234827E-4,6.460232816351222E-5,0.0014787561308031944,0.0011162899075693544,2.332854003375141E-4,0.0010480197259323959,4.3159609107575004E-6,7.69027887861379E-4,1.3464088251953405E-5,4.914978397973916E-4,1.4243286694648442E-4,6.531509255081893E-5,0.001042282382025366,1.261675600532002E-4,5.264724594480024E-5,2.756785483606988E-4,5.018550867666138E-4,3.0141563257535275E-4,5.616709695441332E-5,4.578819882904489E-5,4.80316682650145E-4
0.207833161115292,6.17100193642661E-6,6.866167443235749E-4,9.046188512542116E-5,3.12658371563003E-6,2.328926052636472E-4,2.2683684450670283E-4,8.062795881959039E-5,1.5099505786114628E-4,5.983321972405954E-4,3.84270545467827E-6,1.613651744054675E-4,1.3001975536647953E-4,1.238835952524696E-4,2.130387958649457E-4,2.8155472503592328E-5,2.910309032531312E-4,5.147559788077466E-4,5.070018826180946E-4,1.588210461685397E-4,5.68591504652916E-5,1.2714372431859794E-4,0.0015109682699660236,9.575956313151641E-5,2.245666837221737E-4,1.2313277288681921E-4,2.9059245582785777E-5,2.192436324032229E-5,6.782631554443948E-5,0.03815605892413513
0.4243943371398327,6.012933702673492E-5,9.569736874349181E-4,7.307695261693317E-6,0.001085582262681395,2.6142387393887027E-4,4.3654468526522935E-4,3.858292416326169E-4,0.0010377665485236753,1.4785139465811796E-4,1.1870248972113793E-5,6.847692351595325E-4,5.157147093052573E-6,2.1988462625807377E-4,8.082109614595379E-5,2.1436017026665887E-4,4.039681432670811E-5,3.383573581558632E-5,8.064408419275085E-4,6.387019413156091E-5,1.1380285773014969E-4,2.510978710767218E-4,2.063384447735578E-4,3.9530499143390564E-4,3.4044461012970164E-5,3.051404649802021E-5,3.0359911534036193E-4,2.4837649786011262E-6,4.1644864264005546E-5,4.4920848405498185E-4
0.6408969875539199,1.2636555275219306E-5,2.3230432713138257E-4,4.293929946021463E-5,2.305158747394975E-4,2.6465075209519456E-4,1.701692250310151E-4,1.8807472615839257E-4,8.363018860058483E-4,1.7534666595530232E-4,3.31190767855575E-4,5.913435611843026E-4,5.947651506549264E-4,6.009245794379961E-4,7.486109172249178E-5,1.2506095439816746E-4,2.2259929947697293E-4,5.879086829789382E-4,0.0012281595303896171,2.1463167132898325E-4,1.9633617283675752E-4,3.607280623096747E-5,2.0968623185275414E-4,1.0312526842239397E-4,2.805800548465864E-4,0.0016578893104845073,4.575961572328592E-4,3.3132958029752E-6,6.039739455534208E-5,0.0022124363870678694
0.2361084705430241,1.6209413102802793E-5,4.497016181782425E-5,3.2018746988225115E-4,0.0010992758080469863,2.819482435006258E-4,7.996475188218964E-5,3.9580836744248534E-4,3.492614846183949E-4,1.3741919879625713E-4,1.0949722641621082E-4,6.899035878703197E-4,9.571179028782726E-4,2.3633047594729377E-4,6.986600216272768E-4,1.1563763073266109E-4,2.610879612064262E-4,1.119156938152047E-5,3.4109622451975743E-4,3.443277703675052E-6,6.085496891599807E-5,4.941900693140307E-4,0.012219556819369919,1.2553372917919727E-4,6.870114651548918E-4,0.006529522186890574,1.223016662482577E-4,2.2404977791216517E-4,1.4722204145183867E-4,9.160436391369092E-5
0.20441055039615952,1.223577610981956E-5,1.6922914969436263E-4,3.2131124756809885E-4,9.726878325984025E-5,6.974353329562357E-6,2.204352270769009E-4,4.611457056769708E-5,2.6936013863879108E-5,8.329378922435921E-4,6.08503457069605E-5,7.102627876581687E-4,4.624719977885082E-5,1.9430112221368033E-4,5.975501837222437E-4,1.1416210719604385E-4,2.6583236876686185E-4,1.3404835969648795E-5,4.953771122810684E-4,4.064162071392257E-5,1.1684634492840914E-4,8.476139233066188E-4,2.6931888317833857E-4,3.342873124774658E-4,8.59928447877481E-4,2.638739440111777E-4,4.8254215574756434E-4,2.790089568497913E-5,4.0666719377949245E-5,1.4910817395115481E-4
0.00830971615224993,1.952114944602545E-6,8.556579523820809E-5,5.082127421444651E-5,1.3706421117326903E-4,1.14880388316866E-6,3.0021989218463114E-4,3.3220578945529277E-4,4.674032671028467E-4,1.546048666694875E-4,2.0692625824588598E-4,7.550987351395276E-5,0.0014657153473985381,1.7478892145576244E-4,0.001114189666131805,4.9724679789426844E-5,8.380715510721866E-5,6.316194777215515E-5,0.001206597917525877,1.0119950614565515E-4,6.267171442499141E-5,2.818853607469037E-5,0.01005503897220067,3.248771284089199E-5,2.3762220554382816E-4,9.791348669961496E-5,6.519867116371459E-6,5.638177287418039E-5,3.178504788571428E-5,9.18386604938671E-4
0.002564051653216992,1.7977023784714938E-6,7.591078606846153E-4,4.0488048794523424E-5,2.348148960849291E-5,4.967809166277653E-4,2.223345744857236E-4,2.0654541089145946E-4,1.2669719235121324E-4,1.3071001150511243E-5,6.657715334288687E-5,3.34526289617592E-5,3.5094638289009226E-5,5.79455824581769E-4,7.22994821672604E-4,1.4894340107481598E-4,1.8483006933899204E-4,1.5156471077354535E-6,3.3421636095994653E-4,3.2062981727292697E-4,1.3450085870528281E-4,4.1696706087465056E-4,2.161786408215506E-5,1.8731689359466108E-4,3.1184578146665885E-4,1.0250274039988392E-4,3.7591050039036404E-4,8.070238853677535E-5,1.555555066522441E-4,1.802838730358006E-5
0.6231396712596675,5.510351771805193E-5,0.0010179523541001638,6.525148452391584E-6,2.633653335127368E-4,2.7518898970176623E-6,2.708230259875836E-4,3.819537899321923E-4,1.235775626825667E-4,1.5911321287309231E-4,3.2593192353666745E-5,6.853866287872719E-4,1.2337382085061553E-4,2.2129416050165437E-4,1.250233915414664E-4,5.678277945703602E-5,5.489765571495702E-5,5.398670838658915E-4,2.45974518711714E-4,3.2667731174745363E-4,1.1116704168965158E-4,4.8465320886026544E-4,5.110436529437631E-5,6.829965153283702E-5,2.2965990076041404E-4,8.893379972133943E-5,5.10484320841374E-4,3.0196623528533093E-5,6.775796686058031E-5,1.584431134705173E-5
0.6296488781589413,2.399765146496824E-5,1.453849949243872E-4,4.673403723743148E-5,1.2921999075495607E-4,1.8606734350083243E-4,4.3235510389787125E-4,0.033189195562941226,0.0011550358968631224,2.507328178762993E-4,6.77310512640632E-5,1.6351423366564344E-4,6.059165122115942E-4,5.695218145936374E-4,0.0011357246567781244,2.600891769557592E-4,7.515595656574077E-5,2.0040776189964107E-5,5.199563847341074E-4,6.321817425337585E-5,1.9431137341116241E-4,2.5354732631341294E-4,2.1851083878255737E-4,3.6487003962967725E-4,3.5652312018645076E-5,1.930354839248939E-4,1.4482633986924307E-4,3.18533174256623E-4,6.0760076472424375E-5,1.8198835050791187E-7
0.21233309221983837,1.1466971710982286E-5,9.521254156580395E-4,4.607979772559322E-6,1.730793162659803E-5,2.8662513642741064E-4,2.663404278407956E-4,2.2451891929453648E-4,1.9627458726138503E-4,5.210682506757379E-4,6.97126201692094E-4,8.211530476957504E-5,3.140946336803068E-4,1.7700264256506086E-4,7.412559774440435E-4,7.02603492008425E-5,7.53739161015808E-4,4.3994910135037674E-5,4.695407042998321E-4,1.5220287781468703E-4,5.688681102685338E-5,1.4162290930605753E-4,2.470066845571573E-4,6.946456355945492E-5,2.5053479273559267E-5,2.9664417319929517E-4,1.469748763583239E-4,8.780794454432716E-5,6.923523487336675E-5,8.565154721527636E-5
0.2383370643738104,2.582741886681496E-5,1.6828484985091524E-4,6.6940226534988555E-6,2.4688248719358563E-5,2.5182583171495684E-4,1.6681165431408948E-4,2.503261075760442E-4,1.5037418984955531E-4,1.4683210218653908E-4,6.814773333035252E-5,0.0010136748488354442,9.357265342822208E-5,1.8805361713482107E-4,7.359339540188156E-4,1.4729189231641837E-4,5.905510243344054E-5,3.782730917428688E-5,3.435650192262457E-4,1.0696212860308082E-5,5.645373763174062E-5,8.29369888656652E-4,7.770979055544836E-6,3.3399794221026743E-4,8.284624698743823E-4,2.872848379536768E-4,4.986844134713102E-4,2.6560562779521223E-5,2.5199209603365142E-5,1.0348206281935867E-4
0.03218480110134805,2.7817071453985918E-5,7.146984331889673E-4,4.036985615237583E-5,2.66226783747581E-4,4.957873396299987E-4,4.0628190900656054E-4,4.0084174729765164E-4,1.2706920070879903E-4,1.6410192229674255E-4,8.262189697887579E-5,6.12211587652319E-4,3.488699077618064E-5,1.797760798929007E-4,7.50494614925951E-5,3.5990776527673515E-6,1.734364742876995E-4,4.307655385079863E-6,5.426413037995211E-5,1.5244411510264425E-4,5.429813410403687E-5,2.687939191633556E-4,5.632080811506922E-4,1.8753315073543348E-4,2.810046018401621E-4,1.0418180699747263E-4,0.05656809498530777,7.962107766303684E-5,6.977368784522134E-5,1.5330200265448732E-5
0.04377735839783801,5.06801700162167E-4,8.015128322642441E-5,5.3785943322702863E-5,2.537296194883382E-4,2.7635537280499016E-4,9.449375630988475E-5,5.468088592691953E-4,0.0011571754798527518,1.778920744202127E-4,8.221651172386014E-5,6.762269051522476E-4,0.00125488122945942,1.7572405456587435E-4,7.518074356673303E-5,1.4982430740648198E-4,1.7140818314229572E-4,1.3441142358062833E-5,5.334484412128903E-4,1.5806500214226777E-4,5.204256997037175E-5,2.859044634350458E-5,4.780815303331149E-5,1.870075493385273E-4,3.096386871025125E-4,3.630830827144059E-4,2.1505587833915833E-5,8.420993440282143E-5,1.416414999859655E-4,2.071232122636277E-5
0.41883844667395975,2.5728100582731463E-5,7.751617403035983E-5,9.311031046326673E-5,2.6184219991228814E-4,2.897249825156729E-4,1.6812391238426517E-4,5.704097512121179E-4,3.3449120176874735E-4,8.109065934258037E-4,6.803705068055223E-5,1.1609239382050104E-4,0.001342579729143018,4.306285994458759E-4,6.426871154594939E-4,5.2031171415074176E-5,1.4667289687165028E-4,3.6337258963598505E-6,4.653779430754669E-4,1.543865333151979E-4,5.328143617978685E-5,1.51972851989544E-4,2.0873996114971726E-4,1.2714270120808155E-5,2.866063585320498E-4,2.901741382390512E-4,1.0507220494856447E-4,5.519257467320699E-5,2.7723272280391213E-4,6.020310661947242E-4
0.23099035227746995,2.5423544105523986E-5,1.7125346562250614E-5,4.160536143435562E-5,1.3756007333318225E-4,2.7878697803689875E-4,2.294445973770263E-4,6.194939999523968E-4,1.5521981364557686E-4,2.4288200141655268E-4,4.280369981714587E-6,5.76156927944825E-5,0.0014642563965680754,1.726075728214173E-4,1.738250597283302E-4,2.8287117511144067E-6,1.3308790432857635E-4,6.955667982830712E-5,0.04498840178695279,1.4614772364814716E-4,6.761922674490724E-5,6.450507116857133E-4,1.4032566227378026E-4,6.124855206520215E-4,0.018630234445556313,7.436096138884254E-5,1.2564818231259249E-5,2.2621003948442687E-4,4.660759989801993E-5,2.3149210113562827E-4
0.43098668698631576,2.062046912607318E-5,3.906786649629639E-4,1.8881407404724646E-6,0.001146757160823048,2.737504269840281E-4,8.681545211712063E-5,3.549028296021896E-4,0.001089564333727859,5.553414300900122E-4,3.84270545467827E-6,7.14186755630275E-4,6.038575681938357E-5,2.208452698514374E-4,0.0010402902489601103,7.473208118169688E-5,2.901762283452597E-4,4.7969339408712345E-4,5.347724527932533E-4,5.049300694912796E-5,1.1241762392274508E-4,1.3967551261983492E-4,8.548164069566307E-5,6.873698681247681E-5,1.4177134543513406E-4,3.8259424064405887E-4,1.2335435154354322E-4,6.020687798387892E-6,5.128023263320305E-4,2.740369941740019E-4
0.18872096651472378,1.5924796043625754E-5,1.2019802820911971E-4,3.406598073354668E-4,0.001116521270881158,2.1888468342955335E-4,2.3522961208568996E-4,2.4194865727427835E-4,2.3102992808591883E-4,1.6044178886143523E-4,6.544934356149397E-5,6.804812336331822E-4,7.027800526223244E-5,9.527931873746034E-6,6.95248585449186E-4,8.709782816081462E-5,1.287102551919396E-4,6.225166964954576E-5,4.590299456255175E-4,6.47289025679037E-5,1.609926162541627E-5,3.124551347222877E-5,2.123071771715154E-4,3.415188675505277E-4,3.08264134238809E-5,6.23448488288285E-6,2.979077744613281E-4,1.2795492874735672E-4,4.32999589510189E-5,1.4441230574774072E-4
0.25377441205710816,1.503824036391329E-5,4.630477574653695E-4,3.2123609101999636E-4,0.0011046510942876206,2.819482435006258E-4,2.2655225818720128E-4,3.326578230925236E-4,2.2578057852413297E-4,8.978158016535358E-5,2.974474561650897E-5,7.958793956754849E-5,0.001336765971803851,3.4711603187775E-5,7.357981691707815E-4,7.1233720865806E-4,6.102964042567228E-5,3.8992201976619385E-5,0.0012656798940723665,1.1817164036138136E-4,5.5935087993505256E-5,1.325674925811595E-4,4.5353247287611715E-4,3.556118301479574E-6,6.820340497346393E-4,1.5449272363158428E-6,3.117244910416163E-4,2.5548103372044218E-5,5.893317568109793E-5,8.605804952202978E-5
7.364265916201783E-4,2.0110818865644524E-5,7.151500576090897E-5,4.293929946021463E-5,2.5228532591934987E-4,2.6377914225307554E-4,1.5843231103388378E-4,1.8807472615839257E-4,3.6224977743281033E-4,1.7534666595530232E-4,3.3760024176486753E-4,0.0015209602081073513,0.00113762085413288,0.026582564484945722,6.208141477011713E-5,5.481819163855603E-5,2.2405843109659447E-4,5.879086829789382E-4,0.001242066484130334,2.123615248229423E-4,4.992985962079505E-5,3.6076141404316436E-5,2.0422719983174606E-4,1.0308819745605732E-4,1.752678921991274E-4,9.366576730741714E-5,4.575961572328592E-4,3.6429451083955737E-6,7.43122748426325E-5,0.0021352716670551566
0.6368469124116161,2.7967096040328605E-5,1.2564882862482404E-5,5.207483961838246E-5,1.747001104747283E-5,2.303337617120369E-4,2.663404278407956E-4,2.806188306990752E-4,1.3888113771229116E-4,1.8090386693040496E-4,5.9754120213168403E-5,6.421206383808398E-5,5.115023429055971E-4,2.2296609045314148E-4,7.352181462744869E-4,6.167272320455741E-5,1.0456036847043842E-4,7.093746147412779E-5,4.6931819989283035E-4,1.5477626377823208E-4,1.1836360070012828E-4,1.4437967037507648E-4,2.7110538968484044E-4,6.915381677088333E-5,2.8286923143938555E-4,2.949568485507209E-4,1.5077608364120974E-4,8.780794454432716E-5,4.760958570237484E-5,4.712059597978304E-4
0.06845354482422544,2.861655907096053E-5,9.803798386401937E-4,4.359032467066016E-6,6.470143150952711E-5,1.3510132567634165E-4,2.3445614833080184E-4,2.8651465738146337E-4,2.882202997552046E-4,5.669920908762318E-4,5.306693275246853E-5,6.737960487350591E-4,6.415346872829964E-5,2.2436070782261863E-4,6.610691404257961E-4,7.635011141332598E-6,6.309624865573703E-5,5.047652437449615E-4,0.007840989347125592,4.1408064250430836E-5,2.7879792222450522E-5,1.1983736228553832E-4,2.0720829935332009E-4,8.83890705091293E-5,3.089548317051943E-4,7.145505401694569E-5,1.2600671769763276E-4,2.4398947189484065E-5,7.015151796369663E-5,1.5767412654431022E-4
0.6298229354163831,1.7977023784714938E-6,7.591078606846153E-4,4.8952261075899006E-5,2.348148960849291E-5,2.539937188915036E-4,2.3005776475966462E-4,2.0654541089145946E-4,1.0956036618588485E-4,5.448510915675002E-4,6.657715334288687E-5,3.34526289617592E-5,9.646538958274476E-6,5.79455824581769E-4,7.22994821672604E-4,1.4894340107481598E-4,3.758805048730918E-5,1.5156471077354535E-6,3.3421636095994653E-4,3.2062981727292697E-4,1.3450085870528281E-4,4.1696706087465056E-4,2.161786408215506E-5,4.548542407543295E-4,6.879423028184177E-4,1.1090210911578541E-4,3.7591050039036404E-4,2.327205314758505E-4,1.555555066522441E-4,1.9646361637307922E-4
0.22763243556893592,3.8169991930084817E-5,7.832318755971674E-5,4.04108406659486E-5,2.678920125776264E-4,1.976071449668463E-4,9.23878125839255E-5,3.819537899321923E-4,1.4643431483085982E-4,7.785554148355171E-4,1.3660378980971528E-4,6.826223468962006E-4,0.0012638550311962714,2.701706143307726E-4,6.226978454022044E-5,5.0865476965060704E-5,1.7535504530870203E-4,7.437721297584823E-5,0.0012170905321382281,1.517712441917763E-4,5.461292060233848E-5,2.687939191633556E-4,4.598242500479123E-5,7.767592842271675E-5,1.2589978868211447E-5,9.083419880898965E-5,3.0208068406674984E-5,1.4607607087526708E-5,6.045954090173607E-5,0.010197637977337061
0.4274395799376228,6.277793313965386E-6,1.2031659183057236E-4,8.590438961412029E-5,7.338188727221248E-5,3.3172726145070275E-6,2.3606130545427472E-4,6.505403118672693E-4,7.051411054394711E-5,7.217421881802136E-5,5.840426258297932E-5,6.805062342146432E-4,5.466976394203553E-4,5.710235843128639E-4,6.006233433978191E-4,1.3800175268731377E-4,2.8919111112313197E-4,3.4198277668979235E-7,4.805676445080197E-4,4.016526560512001E-5,3.4920124572260464E-5,4.568725011126708E-5,2.09987592243124E-4,3.596961449843781E-4,7.359282791751697E-4,0.0011183171129595427,3.6648904455892416E-5,3.7946550961939773E-6,0.0012475799083468023,1.4719260735368659E-5
0.6324867978629872,2.6702278115235793E-5,1.4028806124615476E-4,9.73610438714705E-5,4.371019991297941E-5,1.8608309190578707E-5,1.5024119347119115E-4,5.402629087434705E-4,1.4325442085934222E-4,7.265742017738573E-5,6.800155738866658E-5,9.194075715263886E-5,1.7968560167425898E-4,1.7039482242870701E-4,7.144646065217158E-4,8.029738849540428E-6,9.762193335853799E-5,1.6061256755756721E-4,0.0012206458883877802,5.2237364888626565E-5,4.767660214398531E-5,1.6945799904039468E-4,2.0572497281088343E-4,1.018358663885143E-4,2.721617512629974E-4,1.0070072368613883E-4,3.474097031778289E-5,5.4985228311586355E-5,4.938414493771217E-5,5.99919136116056E-4
0.04281612551266861,1.2801676985727693E-5,1.482449634288878E-4,3.676352939877033E-5,1.2587275525946192E-4,5.384981106436126E-4,1.6415267915921938E-4,1.7335199860184157E-5,0.03607373618097327,2.374065929995574E-4,6.06635733754132E-5,3.3999486160916426E-5,4.625465627618352E-4,5.597412549712186E-4,0.001134071124400907,5.657822485609414E-5,5.4229792755436206E-5,8.405328364593124E-6,4.941350073362587E-4,2.0327368157264518E-4,1.1178910243465768E-4,2.553848741533556E-4,2.180631069067471E-4,7.288492292317614E-5,2.9047989409073044E-5,5.1932051556855116E-5,2.5069923211014215E-5,3.1250138816419575E-5,4.3443537393881894E-5,4.266874434871699E-5
0.18761300953577587,5.759958403429898E-6,8.015128322642441E-5,8.979771114597465E-5,2.5489491735504195E-4,1.2015217056534922E-5,9.449375630988475E-5,5.468088592691953E-4,0.0011571754798527518,1.778920744202127E-4,8.244452623705778E-5,6.762269051522476E-4,0.051520210754307,1.3940619395287813E-4,7.518074356673303E-5,1.4982430740648198E-4,9.430223833483126E-5,1.3441142358062833E-5,5.334484412128903E-4,1.531674383058738E-4,5.195577920127566E-5,2.859044634350458E-5,4.638688542906779E-5,1.8508318789840067E-4,3.1558752293289944E-4,3.630830827144059E-4,3.20986583472317E-4,1.5075970631827138E-5,1.416414999859655E-4,2.071232122636277E-5
0.19100875932732125,1.934982667229745E-5,2.9637123797118456E-4,5.978602889809091E-5,4.0216874497803906E-5,1.1176106436593839E-4,2.3133462989505585E-4,1.7844968641818885E-4,2.152327363757181E-4,1.2575496823773706E-4,6.822841567088801E-5,5.587817542499938E-5,0.0011052843143236183,1.8197361465829333E-4,9.16538656955849E-5,4.121702797572486E-5,6.564928963234305E-5,2.297941178980682E-4,2.4425875772921186E-4,3.0665153919609816E-4,3.597001401467356E-5,2.4144298151669973E-4,1.0243911391320218E-4,5.10065499829463E-4,3.1546224133521974E-4,8.014246369798056E-5,2.263661795433266E-5,2.442546460983199E-5,4.8911936268166274E-5,2.2682510709477047E-4
0.4110053761164023,2.560692085178656E-5,7.380888885025823E-5,8.853900147280677E-5,2.5526257206609005E-4,2.069924442834562E-6,2.3988279306306595E-4,2.941217316210794E-4,2.74279570815097E-4,5.183629014640943E-4,5.911200160824259E-5,6.966637946352436E-4,0.001135268651350043,1.768948180951905E-4,0.001119365526796267,7.344697126983684E-4,1.8643941085863704E-4,7.549764495648341E-5,4.589259830208703E-4,1.546940450295152E-4,4.156954936861693E-5,2.681949599427744E-4,2.6981488657762664E-4,7.014922931857062E-5,2.8665369082875005E-4,4.250398468664263E-5,2.0395552867693558E-4,9.055982386492904E-5,1.6078479074029576E-5,5.431451017020579E-4
0.43853306417769117,2.8597113977075906E-6,2.7737720458046616E-4,4.925556664014472E-5,5.132523018250812E-5,2.3922739773081785E-4,2.3900954249266696E-4,3.8503089489914645E-4,1.4911075918407806E-4,5.329754028363206E-4,9.145198981182657E-5,9.972967348291425E-5,2.2352933421655128E-4,5.697613434992827E-5,0.0011143948152234106,2.828735032965886E-4,7.538359424147639E-4,1.5201972382871721E-5,4.5812677225620115E-4,1.364299970606412E-4,1.1806978741668963E-4,1.4071945905068977E-4,2.698072381158316E-4,6.892629795597119E-5,6.965590817684753E-4,1.0882635917416462E-4,3.6201144739975936E-4,1.4639595580346276E-5,5.9383901487185665E-5,5.082306842449913E-4
0.8289621785628929,5.171713144516996E-4,1.4913863614232788E-4,4.934072763764697E-5,0.002659116386744773,3.580311577160402E-4,4.043652052997865E-4,9.176924506913131E-5,1.306329530377595E-4,1.6493563829235726E-4,6.121739706320525E-5,6.809190046431785E-4,1.1708295815787532E-4,5.745163107443091E-4,0.0011178973818796142,2.5883270877008566E-4,3.170774330437153E-4,3.985773748769073E-6,2.906963980635571E-4,3.367576322538657E-5,6.150906986365639E-5,1.275215407664588E-4,2.0834394256149133E-4,4.3096617704972386E-4,0.03854859740291458,9.775430861162877E-4,2.509548732224949E-5,3.135706591933413E-5,3.280048426240967E-5,2.109332175961846E-4
0.6269179959988905,1.983607952689167E-5,2.7150368834989367E-4,4.293929946021463E-5,0.045667556865024654,2.6465075209519456E-4,1.5024989342815484E-4,3.811376906995721E-4,1.2944692167620513E-4,1.4785289406140138E-4,3.2489529658496233E-4,9.324143322970321E-5,2.1927914441493835E-4,6.009245794379961E-4,7.486109172249178E-5,4.130605281667803E-5,2.2572447807631008E-4,5.373684066886692E-4,0.0011866625400288715,5.330247819811492E-5,1.1888457524659416E-4,1.3921233364539963E-4,1.2625989945639344E-4,1.0294609820967005E-4,2.659384747392267E-4,9.352616971966356E-5,3.5654052567525997E-5,5.084762591070899E-6,7.452942193723116E-5,0.0021244819159811196
0.6357973519398936,3.0647879442865584E-5,7.999956309692802E-5,4.032996694515437E-5,1.7382967868694076E-5,2.2914112521020313E-4,8.694114452212408E-5,2.813953604497276E-4,1.782659308597333E-4,3.2216426066546475E-4,5.9642447790169415E-5,4.3946891548886016E-5,5.115023429055971E-4,2.2308041442366337E-4,7.346667702341036E-4,6.35745478100967E-5,1.7221254681709896E-4,6.310495639263373E-5,4.64702276433672E-4,1.5363507733038702E-4,1.1836360070012828E-4,1.2704040784663342E-4,2.7110538968484044E-4,5.54390933454757E-5,2.9577888320807917E-4,2.763143685142559E-4,6.153607186077448E-6,1.2773969139065147E-4,3.231387220488213E-5,4.7129280493485916E-4
0.41699156555656564,7.460627216357548E-6,6.281548593041436E-4,4.092442828512418E-4,2.4476585208974718E-5,2.639523391941926E-4,4.0477039034948444E-4,8.388473375798959E-5,5.906518619665212E-5,1.720182455028125E-4,8.877679017185684E-5,8.636025766804798E-5,9.248823629644525E-6,1.7799190152330036E-4,5.850326078657447E-5,1.4795817230082975E-4,4.517936745087345E-5,4.013537995878785E-6,4.510108958206073E-4,3.213141419691777E-4,1.1462378863078096E-5,0.0010041079419062923,2.7149320391348824E-4,1.2775678873312493E-4,5.390010947019437E-4,9.68399172385161E-5,3.0099196571659298E-5,2.910491270378768E-5,2.7039272730731736E-5,3.502854618277752E-5
0.2031338052968548,2.7967096040328605E-5,9.896366085505965E-4,9.65857781538455E-7,1.7382967868694076E-5,2.303337617120369E-4,2.663404278407956E-4,2.806188306990752E-4,1.3621292735578285E-4,5.773360686118135E-4,5.9642447790169415E-5,8.211530476957504E-5,5.714303615390575E-4,1.7981256061189705E-4,7.236877563652217E-4,6.167272320455741E-5,6.0302242971214444E-5,5.055894058378468E-4,4.695407042998321E-4,1.5191862031201214E-4,1.1836360070012828E-4,1.2160858192003212E-4,2.7109086924315226E-4,6.915381677088333E-5,4.327812095723075E-5,2.8650919446185634E-4,1.5377256507002838E-4,8.780794454432716E-5,6.873663863444219E-5,2.1769348831078884E-4
