0.9999903280970347,4.783572468556789E-6,2.8436216303656393E-5,1.4767726257745406E-6,7.775941992252415E-5,4.565404080716932E-6,3.196974900850848E-6,4.026907487849527E-5,7.18612404452691E-5,9.038216241216889E-6,2.706400862450647E-5,7.299248228818338E-6,1.9125943700521567E-5,5.3005358634467594E-5,5.17152644591369E-6,4.2325748765362225E-5,4.027426806563939E-5,5.8148205831072014E-5,2.8529465101293807E-6,5.7364909665898246E-5,3.0385307066119194E-4,4.045701314194243E-5,9.970947709485095E-5,1.7649936711969764E-4,5.8727166056069145E-5,1.1421400512531883E-5,1.0079932463428652E-4,3.734564069767769E-5,7.92226800574284E-5,1.821371956972259E-5
0.0,4.116974632531424E-6,6.64037290341303E-5,4.2870801167087195E-6,7.568745096792282E-6,1.4608312769138625E-5,1.4081038946149341E-6,3.6350017583941006E-5,1.8331232985378053E-4,3.87014214871461E-6,5.5424456016733845E-5,3.4174618395832834E-5,3.451790892281817E-5,3.0173484341718097E-5,2.165700098081684E-5,4.496702462883698E-7,4.799269491276161E-5,2.410748242947198E-5,3.767368204021128E-5,5.963270827634787E-6,2.9731871084988983E-4,1.3043249363434954E-5,1.5140304780117777E-5,1.2083509622708257E-4,8.877322993114914E-5,1.183119285923134E-5,2.0174480869517234E-6,4.619632077776235E-5,6.971758121157855E-5,1.84350690745037E-5
0.34327222229791593,8.739955791800167E-5,7.333584467074157E-6,6.148608421291056E-6,8.139396692555054E-5,2.6806979756658826E-5,9.334074251969577E-6,5.9314928448130106E-5,2.8240416150179397E-4,1.044523968209614E-5,4.149182438336075E-5,1.3819373844061174E-5,4.342644236443179E-5,5.996891413018814E-5,1.2924074896397238E-6,2.1185214026448455E-5,1.4347493624025534E-4,2.2003661791290577E-6,1.0585213357408036E-4,8.431160157823009E-5,1.302324329357581E-4,1.8046436060883613E-6,9.969940217883548E-5,5.275013169355708E-6,1.2982330279999725E-4,2.3993748690915236E-5,1.696539262151754E-4,3.7863877867268265E-5,2.4562028269883612E-5,1.93407319656617E-4
0.3087559878398851,6.482482621089561E-6,1.0336454186568757E-4,6.237717616408791E-6,5.25089147133748E-5,3.9475605022380097E-7,1.170916006275723E-5,1.7114686116993745E-4,9.833809869687208E-5,9.972063158221304E-5,4.1486948072408255E-5,7.412585340776262E-5,1.7611155670130347E-4,4.8263361395145596E-6,3.225152712443578E-6,4.0233172990601206E-5,5.515719658029096E-6,3.518494018012301E-6,4.266903431995606E-5,4.355754287123737E-5,3.403080093324139E-4,4.77730842441781E-5,1.9796858867595308E-5,6.31437351000994E-5,1.3055931507230598E-4,3.7529039446273063E-5,1.1977064000337487E-5,4.6552672049019E-5,6.513512390280972E-5,5.901952751556866E-5
0.12679641485091875,2.52158370587266E-5,2.7128030492850153E-5,1.1943158220478905E-5,2.1195436515429844E-5,5.786179040873111E-5,1.0125681870522585E-5,1.6932420905282629E-4,1.4227370655471846E-4,1.1403109296623532E-5,4.434430628025676E-5,7.446874257310792E-5,2.749420562476455E-5,4.897170500247918E-5,1.5204212077924038E-5,4.4609563167675043E-5,2.1151925861066686E-4,1.3725037114212192E-5,4.177330020966366E-5,7.116083421724685E-5,1.4083708940854388E-4,1.128792075607305E-5,9.994972922920605E-5,1.486588112683381E-4,9.517075667673906E-5,2.683834023733633E-6,9.972965871932286E-6,1.572060260116522E-4,2.961209466769482E-6,9.794791258546255E-6
0.0869003800910691,5.4198218074835925E-6,6.44616370309239E-5,2.4999967168921132E-5,4.16997557408697E-5,5.157342534941348E-6,3.7470297741930122E-6,3.393911070255657E-4,1.3583611077025751E-4,8.480782751390294E-6,3.898735696991238E-5,7.598423397908662E-5,3.020831676591552E-5,6.0683358930323046E-5,1.8706745592830934E-5,6.821394181354371E-6,4.7656269209147195E-5,5.66642969182563E-5,5.027589293927705E-5,3.799157719714759E-5,3.235946457930616E-4,3.553430247849363E-6,7.521317410790915E-5,8.291943528305294E-5,5.645140524781901E-5,1.666317207890417E-5,6.293204008558188E-5,5.904134589015972E-5,7.522583303775917E-5,1.7343809608147985E-5
0.8226855958923172,1.0027674291154703E-4,1.1125549168814268E-4,2.2197253926933136E-4,1.3170336799598375E-4,2.4974662140163955E-5,3.022192897550646E-6,7.310941923733526E-5,9.621034435367329E-5,5.767412078430085E-6,2.0971106632041636E-5,4.9410859701796495E-6,1.5340522490162018E-4,6.363163528782002E-5,2.648235237255424E-5,4.454268238380954E-5,5.356769265621957E-5,5.552957103219133E-5,3.4906709614607066E-7,5.910509387666276E-5,1.3305758323756226E-4,4.923392907854284E-5,3.1482122244658794E-5,1.1323412765692516E-5,4.343571696010168E-5,1.4234989882189927E-5,7.263306752877427E-5,4.524511303793713E-5,2.2566194707898713E-5,7.667213659193039E-4
0.7995763865968439,3.308099167459864E-6,3.2143915045756256E-6,2.3630234619718187E-5,3.8372033104929616E-5,2.5243316552413654E-4,2.565638171524865E-6,3.230318999920675E-5,1.3784774351468523E-4,1.4461045581945876E-5,2.5166965457800567E-4,6.897713069318113E-6,1.45765711837122E-4,2.944135002932049E-6,2.005680231830505E-5,3.986513268331266E-5,5.420384268944087E-5,2.666911973640083E-5,5.859905086790985E-6,1.5045956527467993E-4,1.5467720502229022E-4,2.32850591015306E-6,2.806916520964617E-5,1.2130891185119821E-4,9.184877946164904E-6,1.3355311321634442E-5,8.922082591774803E-6,4.581534830376627E-5,2.593449802640579E-5,4.036996156822582E-5
0.7371686381589182,7.479678965153149E-6,1.1198243042664411E-4,8.944820179085998E-6,8.20041882583953E-5,2.0877748905444735E-5,7.2634439600664785E-6,6.046921552771087E-5,1.2921116456883806E-4,1.064000010588834E-5,4.029058973610313E-5,7.0237887888466E-5,1.4768038674025136E-4,6.388630168509092E-5,2.2485575306496817E-5,5.6577897478835075E-5,2.1618199632172615E-4,1.330514113479964E-5,2.3324833125229008E-5,4.0149854945817285E-5,3.107808911750354E-4,1.3632136073320601E-5,9.92899209050579E-5,1.9305618499200377E-4,1.311959208065044E-4,2.075382510984221E-5,6.373675665832692E-5,2.5350735246995143E-5,7.672182842497712E-5,4.455371198482982E-6
0.5346843955801254,2.074401034354793E-5,7.457647690122909E-6,1.918400488862194E-6,5.193448522117253E-6,2.7146190184160023E-5,1.2600217034119686E-5,5.738388009526288E-5,1.8908040208714429E-4,1.57356157883082E-5,4.106813723029085E-5,7.569772920490013E-5,1.2883351826259917E-5,5.1264998247840694E-5,3.737537792282588E-6,3.788506635068373E-5,5.385299937496848E-5,3.5108016971463766E-6,6.385233661686216E-6,1.121923387176952E-4,2.899087892461299E-4,1.2957293122736762E-4,1.3607895905599999E-5,1.1052038932202388E-4,5.231262576392505E-5,4.385081721762442E-6,7.330053965456373E-5,1.671932755339516E-5,6.91888156396564E-5,1.744604664310495E-5
0.21070448731282032,9.15878397495627E-6,8.732119740750698E-5,1.9194890726567226E-6,4.779564118946742E-6,4.565404080716932E-6,1.2848225764274842E-5,4.026907487849527E-5,1.242775191498409E-4,9.036823682697623E-6,2.706400862450647E-5,7.299248228818338E-6,1.640292558124373E-5,3.502142785459048E-5,3.645819658834025E-6,4.5255062140624385E-5,5.3638101651164235E-5,5.864704111722105E-5,3.716036612297926E-6,3.761208957761229E-5,3.0385307066119194E-4,3.505975015662689E-6,9.970947709485095E-5,1.1380308313111757E-4,2.171813582650078E-5,4.6825502954021E-6,1.0079932463428652E-4,3.734564069767769E-5,7.904290952467688E-5,8.818740334426292E-5
0.763613812018571,6.808080421486157E-5,6.194339511779895E-6,2.235500350627215E-4,2.7437336900075493E-6,2.4642883879830586E-5,4.5387798824656235E-6,3.009490431094477E-5,1.6105461269284215E-4,9.592600422289111E-5,3.879943916867395E-5,8.395134316946463E-5,1.7957766295929195E-4,2.823566017446089E-5,1.1607449214792096E-5,9.110144905578936E-6,7.321008301607073E-5,2.2755765571661785E-5,4.881753412740834E-6,3.192798543504123E-5,2.988186308647681E-4,1.6673338049784733E-6,2.908812075115291E-5,7.726670338728889E-5,1.5026128558631214E-4,2.4266177402229572E-5,1.0978789724398978E-4,4.606555947859516E-5,9.437714246710133E-5,1.0098597372873276E-4
0.6808856240494398,4.269189519079157E-6,3.9157712133477626E-5,2.5734476679094157E-4,0.009445105201717468,4.462545559320758E-6,3.8541843958917755E-6,3.800806436317926E-5,1.7194046436959362E-4,7.950486304652462E-7,4.1934142611721527E-5,3.8727728717563055E-6,2.1471616367685153E-4,3.6991223824181105E-5,2.422040429217739E-5,4.105176864385242E-4,2.1644046837105717E-4,2.865743128995596E-6,4.1367393474344536E-5,5.7564077365207576E-5,2.658975357242368E-4,1.0059265187223595E-4,2.7971146316717992E-5,1.407992917485186E-5,1.8501284371503157E-5,1.3545598645119355E-5,8.71064465178941E-5,1.1685405957433237E-4,1.3319240416983792E-5,1.0309972228196628E-4
0.8656131202487434,5.360018844912287E-6,6.288433112370672E-5,2.1102052162452897E-5,4.013408730651851E-5,2.6020263623160006E-5,1.1903556513581076E-6,1.7654643774316761E-4,2.3792062479395735E-4,7.757312802814714E-6,2.0614247023719428E-5,8.468397505401095E-6,9.574376473964972E-6,6.312199608856575E-5,4.553980737810516E-6,2.0499548569511032E-6,3.894165190155381E-5,1.1683623318820092E-5,1.0986382866610202E-5,4.433207636667034E-5,7.521213698380498E-5,9.882329059463172E-5,2.760641959708779E-5,1.2690554735166986E-5,6.041181986062373E-5,1.0145747085690788E-6,1.4690003353002586E-4,3.753568755722964E-5,9.442924241768335E-5,1.1954851247359437E-5
0.4642468829150007,8.067804693919702E-6,1.2711295089363541E-6,2.0868726504283644E-5,8.187882486825502E-5,2.6634734751581452E-5,1.2572638619025132E-5,5.831194456040974E-5,1.3290440019306983E-4,1.3154025044437749E-6,1.6224123430577658E-5,3.011183977895758E-5,2.0371576930024263E-4,6.47668622971997E-5,3.001070438201532E-5,3.5512050847748283E-4,7.382092732318235E-5,1.4072551964173264E-5,4.808181401879747E-6,1.628384714004946E-5,0.0034295307159522533,4.7620159530728507E-5,7.451621372852178E-5,1.2096509414211136E-4,8.767083702151139E-5,1.0013392291075513E-5,1.1017650610102461E-6,3.644964301479733E-5,1.6298216981096587E-4,1.3281157919096518E-5
0.49854657823530124,4.106171675639204E-6,6.23538788037134E-5,4.2870801167087195E-6,8.141950171307281E-5,2.6823057557022493E-5,1.4081038946149341E-6,5.7570473848264235E-5,1.8088857762350868E-4,3.87014214871461E-6,3.824304105158538E-5,3.536618631043252E-5,4.2064471242213975E-5,3.0173484341718097E-5,2.232514840210279E-5,2.252237280702318E-5,4.68222342318063E-5,2.593831848965469E-5,5.021962729377103E-5,3.716856084333474E-5,2.9731871084988983E-4,5.052087173836446E-6,1.552799904095469E-5,1.2083508529628935E-4,8.877322993114914E-5,6.315963472809923E-6,2.0174480869517234E-6,3.492929292992248E-5,1.7072277202305936E-4,1.9363668161862652E-4
0.8334773636652899,7.322535957673456E-5,2.8222164889104264E-5,2.4262750246243232E-4,2.0374866425312713E-5,2.5812313644158337E-6,1.0796305916332765E-4,1.6480546679618113E-4,1.4227370655471846E-4,8.58178851074722E-7,3.762386239700904E-5,7.272025597779257E-5,1.438525340349464E-4,5.9971645816517694E-5,4.94960291708199E-6,3.824987770111305E-5,4.7817708451256094E-5,1.5190865860790243E-5,2.506999156705397E-6,7.123597670761326E-5,1.4083708940854388E-4,1.0578800871930225E-5,9.994972922920605E-5,1.1860584927359159E-4,9.583067614771756E-5,2.0747145774493303E-6,2.861147124332973E-4,3.268883173660412E-5,1.886933377809267E-6,7.756089869768946E-6
0.26893713204681363,7.346626755094837E-5,3.2048842694724306E-5,5.698589517660402E-6,1.323339712363937E-4,1.1349841021075457E-5,9.730811008603329E-6,1.7028947223974883E-4,1.723909287971683E-4,1.5101310704356757E-5,1.761868163439643E-5,7.336372806910392E-5,2.1468247670309632E-4,4.4988580302126735E-5,2.3060842986175886E-5,3.9216671917642306E-5,5.156407310188017E-5,1.0276660435281314E-5,2.509369048555167E-6,5.6954493652888624E-5,2.9354308420499725E-4,4.4096991385273156E-5,9.113331085460562E-5,1.4995543263767762E-4,9.128699432503677E-5,9.689926090554102E-6,1.4926125958263423E-4,3.6666162331755335E-5,9.64560964629679E-5,2.151781601910773E-5
0.938133341094735,1.5113862659990924E-7,1.855992619660124E-4,2.0823256068673145E-4,1.3245164985884388E-4,1.2009924054612867E-5,2.5714981880661067E-6,2.777282448307231E-5,1.3784365399208584E-4,1.1834751835807038E-6,2.4947108147114333E-4,7.220969659364766E-5,2.371673890565056E-5,4.697405463351085E-7,3.0251114599153764E-5,3.98430530148407E-5,4.571859008388905E-5,1.648471675946464E-5,2.6394170793095824E-6,3.855009087919775E-5,2.9265991887217607E-4,3.1411344817299403E-6,9.087388010354895E-5,1.7155311828952413E-4,2.1195003513492286E-4,1.326653047875915E-5,7.164490361059983E-5,3.701822032240047E-5,2.540797384975341E-5,1.3217644884419618E-5
0.25398693640310055,5.5949908934088E-6,2.6098815698386244E-5,1.4544890571880416E-5,8.392376542159499E-5,2.151871513266082E-5,3.76111826165298E-5,5.174660006235039E-5,1.4459997722078802E-4,1.281618476274638E-6,3.7090478375186454E-4,3.2998095867445626E-5,2.5847617280918707E-5,5.246772781785077E-5,3.6799921055678466E-6,4.0641567689520236E-5,4.790360012597471E-5,5.801707618999552E-5,3.735058409570832E-6,4.542647121842259E-5,1.2888828800796447E-4,5.856616321131467E-5,1.568614819223556E-5,2.4688545056059054E-4,6.267220877663496E-5,1.9467171108524927E-5,6.740440905215992E-5,1.6235752164191008E-6,2.125247126600407E-6,1.1521364057465473E-4
0.8750763354976214,8.874866548116193E-5,1.0712370263719854E-4,2.5483728652141242E-5,7.945712933185487E-5,4.334111734917818E-6,8.301408976336786E-6,4.970957067020431E-5,8.919438169555215E-5,5.116986020213836E-5,7.202887592318427E-6,2.364012196768869E-5,1.4739493109860413E-4,5.302824373929292E-5,7.121163256191491E-5,7.157774591323834E-5,4.4248362349533706E-5,2.294958687211789E-5,4.936333709610919E-5,1.1384000150646594E-4,1.523746202010065E-4,8.06588873715925E-6,8.103394461523592E-6,1.0645259251072629E-4,7.441487391854582E-5,2.3505505185443934E-6,1.529890018473029E-4,5.677841095590767E-5,6.451077140264417E-5,9.576357917156509E-5
0.907876707650337,4.106171675639204E-6,3.6494523828027646E-5,4.2870801167087195E-6,5.818273496227358E-6,1.212931820943905E-5,1.4081038946149341E-6,3.624908380048497E-5,1.8088857762350868E-4,3.975547733787451E-5,2.152691385234598E-5,1.955845571847896E-5,2.0421946270408306E-4,4.584553956883028E-5,2.232514840210279E-5,2.628246480287897E-5,4.777149691765932E-5,2.593831848965469E-5,3.867652088184871E-5,3.716856084333474E-5,2.9731871084988983E-4,5.8311310622567105E-6,1.552799904095469E-5,1.2091782484981728E-4,8.880544907263277E-5,2.4290007149979027E-5,1.7279119620395954E-6,3.2252894450776712E-6,6.979849232153875E-5,8.622366111927004E-5
0.948346930769702,5.360018844912287E-6,6.288433112370672E-5,6.030523336384179E-6,4.5484683196573696E-5,2.1137088227187323E-5,1.1518770601780346E-6,1.6896655156638005E-4,1.58679689897237E-4,1.5424026489207773E-5,2.0614247023719428E-5,7.938804007291463E-6,1.57172600401408E-5,6.312199608856575E-5,4.033799530229748E-6,4.091675954668311E-4,4.3086428469514115E-5,2.3988982686643072E-5,1.2400210915734839E-5,4.47868654680799E-5,7.519883060839347E-5,1.0371046855122211E-4,2.7564177508108604E-5,1.2730427621825206E-5,6.135676367740423E-5,1.2388020765482433E-5,7.30670718587481E-5,3.7430994387880495E-5,9.44306410507333E-5,2.9283303640331578E-5
0.986465284207898,4.692992959219515E-6,2.8436216303656393E-5,1.187899287048417E-6,7.710548190570935E-5,4.510539896886342E-6,3.309700695473617E-6,2.848140905169696E-5,7.18612404452691E-5,8.33910994113213E-6,2.693092027323813E-5,7.165091026492133E-6,1.8648550167486846E-5,5.338768257134124E-5,5.17152644591369E-6,4.2274245142641364E-5,4.029980501679206E-5,6.00021142464979E-5,2.8529465101293807E-6,5.7364909665898246E-5,3.0385307066119194E-4,4.045701314194243E-5,9.957649196956084E-5,1.7649936711969764E-4,5.8727166056069145E-5,0.00327553769527906,1.0079932463428652E-4,3.734564069767769E-5,7.92226800574284E-5,2.165840476099116E-5
0.852472157725997,7.25480833406313E-5,3.064141774985421E-5,2.4345496591174823E-4,8.278434588994769E-5,2.3597125500060805E-6,1.0472556588533974E-4,1.6462013225643435E-4,1.3369829271006286E-4,5.271187506375827E-5,3.739953181144287E-5,7.271876841765571E-5,1.43641142760032E-4,1.2535394732260407E-4,4.9511680880829105E-6,4.674577374941553E-5,1.2177270395142497E-4,7.11192578010363E-5,2.0836428897989866E-6,6.945115704914551E-6,2.0516746961140052E-4,7.695773387223776E-6,1.3011679177635008E-4,1.1862133199157097E-4,3.874236048966763E-5,1.876455530504176E-4,6.243099214736349E-5,1.425771905490667E-5,1.9542716193226574E-6,3.2598008634534475E-5
0.4213226976986912,2.4489977381893345E-6,6.200128936806992E-5,1.3513656782470767E-5,8.548328427217612E-5,1.8037831299114625E-5,2.856462507782047E-5,5.855658399055243E-5,6.017292840346738E-5,1.1004872600177101E-5,1.611549500580939E-5,7.024025974013052E-5,4.535472555774003E-5,6.014150520456013E-5,5.0864841558259805E-6,1.923517844517735E-5,4.693166695149392E-5,2.5806724873436195E-5,2.3330842726119251E-4,8.280085054236346E-6,9.51279064313369E-5,6.47272932294016E-5,9.836623881760999E-5,4.3837235846383934E-5,3.5214408090524317E-5,6.459714237091681E-6,6.139232175560728E-5,3.5988902313411856E-5,2.0154704044619056E-4,3.257828309222383E-5
0.6875546154503525,4.173167298868598E-6,8.725778161719625E-5,2.047496941237322E-6,3.84154809608097E-4,4.4656898054151415E-6,3.871511825699556E-6,4.026907487849527E-5,9.311856603916693E-5,9.036823682697623E-6,2.706400862450647E-5,3.917420535969645E-6,1.6379811428886986E-5,3.693408745735714E-5,5.500896497314584E-6,2.9147280700441038E-5,4.434960108901074E-5,5.404059339775028E-6,4.016305295392624E-5,5.7364909665898246E-5,3.0385307066119194E-4,4.909312033459238E-6,3.0048492626205895E-5,1.7649936711969764E-4,1.9139390446020165E-5,1.1421400512531883E-5,1.0079932463428652E-4,3.734564069767769E-5,7.92226800574284E-5,1.821371956972259E-5
0.913947010318935,7.714270267751604E-5,1.1952735274697395E-4,1.0867190952871058E-4,4.0251236005469966E-5,4.16442420433224E-6,6.024472395428915E-5,1.7248186901124598E-4,1.514472259904517E-4,7.5775543592610355E-6,2.0618341095334155E-5,1.9540885334264714E-5,1.476848686410435E-4,5.146205416152089E-5,3.7423848541007167E-6,2.8123905101312293E-5,4.3110014050295845E-5,1.6879308132485763E-5,1.2378620656896838E-5,3.778968436808861E-5,1.283530523890897E-4,4.79182733858988E-5,2.6606340377852635E-5,1.0896361145489608E-4,5.463995355457074E-5,1.6896550639636525E-4,7.61592963227262E-5,3.4850100160565416E-5,9.830364450071028E-5,8.55590675579768E-5
0.9925042171433326,1.2692420233073175E-4,8.519767197107232E-6,5.6764728432238704E-6,4.0585331570877917E-5,1.1765017237587422E-5,2.4765661951307023E-6,3.0179187416483154E-5,1.7159876037639652E-4,2.0793596253411962E-6,3.855794516698208E-5,6.93879131466158E-5,3.374552508002496E-5,2.328991160707535E-4,2.366438986408528E-5,4.0113953960699525E-5,4.838246961204304E-5,2.3233075174763346E-5,1.9334160416820725E-6,5.434919681013762E-5,1.1421904527541264E-4,3.169340975551623E-6,1.003212891937966E-4,1.9366312948814046E-4,9.400611265072465E-5,4.501411952349383E-5,1.0088655495959353E-5,3.9527236086924834E-5,2.449591393924449E-6,8.78551654027642E-5
0.7227857621808453,9.734358451031377E-5,1.1952735274697395E-4,1.6114698361940646E-6,2.16987946683712E-6,2.528085316755342E-4,1.0532801768165792E-5,9.202576150935693E-5,1.0463354232585179E-4,1.469683034686957E-5,2.10226581448123E-5,1.9160591202555857E-5,1.0245477144966632E-5,4.363965294633511E-5,1.5196170742548657E-5,6.969062087734763E-5,5.3603620384456224E-5,1.058642723456538E-5,1.1353847470982982E-6,1.1438919954480977E-4,1.38915702383347E-4,1.3859021114281754E-6,2.411801935590625E-5,3.698936583950081E-5,8.968616464843788E-5,3.639899029397405E-7,1.4853656702244593E-4,9.544234686956372E-5,1.9457889868355557E-4,4.1338118790520724E-5
0.5164020144315422,8.670069974164223E-6,6.330173158801109E-6,1.2922825390453956E-6,8.199719754084555E-5,1.2864683566876784E-5,6.567124352416609E-5,5.831194456040974E-5,1.3935691160484628E-4,1.3154025044437749E-6,3.861307608482038E-5,3.011183977895758E-5,2.137989355033442E-4,6.401865896666346E-5,3.001070438201532E-5,3.4508710801724413E-4,4.391951119616952E-5,1.020436497609251E-5,3.199946604206975E-6,5.514652757120054E-5,2.7546150366949615E-4,4.4153857621999895E-5,7.436711598303374E-5,1.2078100173281746E-4,8.767083702151139E-5,4.224372430936858E-6,1.720805946054936E-4,3.960042206576838E-5,9.757558102026951E-5,1.3185330694486069E-5
0.5782866553857381,8.18682870490551E-5,3.936414664123672E-5,1.7916857191611253E-5,3.55118587570375E-5,2.5852360110781634E-5,4.1401382766101635E-6,1.316892964305548E-5,1.603599026122416E-4,8.608657720925344E-6,3.79620913769912E-5,1.67667153301892E-5,2.416705704311348E-5,4.636989927736928E-6,1.1925973851361426E-5,2.0199623603739283E-4,2.1786812486204174E-4,8.302996640448329E-5,4.123699154047532E-5,1.00964466033431E-4,2.6488937675374726E-4,1.0029825304352971E-4,1.6722713998582975E-5,1.1372955860022176E-4,1.5008719156944176E-5,3.763111182002621E-5,1.2043510069634157E-4,1.5680888869231785E-4,7.35017645296693E-5,9.543726718404278E-6
0.9330236845140008,5.379896142115257E-8,6.545007593466854E-5,1.258405303906201E-4,6.57660035718015E-5,1.1868415946672127E-5,7.906614461279744E-8,1.945503127226609E-5,1.2964162191628993E-4,1.3490024356911908E-5,2.2983685984009058E-5,7.015935413724408E-5,1.4876815733217433E-4,1.1853216092621078E-5,7.407583540633566E-5,1.841097291094991E-5,1.252405685264719E-4,2.3875901145563082E-5,4.04488633698254E-5,4.430349555905942E-5,2.930788172841665E-4,6.525172301727724E-5,1.0280936925309849E-4,1.7680460882183046E-4,1.3731449112491684E-4,6.194347187786998E-5,1.7119266146822256E-6,1.2599162944374487E-4,1.1090313448225482E-5,9.249539269185172E-5
0.5877025963948371,4.7683797327632125E-5,1.677233369443559E-6,2.0671172646104396E-5,7.95784963230085E-5,1.1400205391970798E-5,8.589444707709827E-6,1.8804746441335115E-5,1.3222782649177262E-4,7.39764138646807E-6,1.639151194175611E-5,8.752792369872491E-6,1.511651734392787E-4,1.1757610848707285E-4,6.287674363283437E-6,3.981506502100514E-5,5.7355813700602926E-5,4.201285946694421E-6,4.589162528762998E-6,1.2356585303379069E-5,2.8268114974284444E-4,6.871915519999611E-5,2.286657804855878E-5,1.9068285585881686E-4,9.449792232717248E-5,1.2484084552631257E-4,9.398457254710484E-8,5.658236989690901E-5,6.525193541676953E-5,9.575007843848247E-5
0.48540141838933865,7.654821762504174E-6,6.280423534863452E-6,1.2218145814063522E-5,1.070999692706676E-6,1.920689136753959E-6,6.490021516187987E-5,1.6401568382015528E-4,5.298386205680832E-4,1.8350243048137146E-4,2.7081988538471784E-5,8.244654671141245E-6,2.8091404748249808E-5,1.223161258778821E-4,1.963286633002803E-5,4.4578822333387724E-5,4.934552023969557E-5,8.364394176265684E-7,0.0011334577612860837,3.5700442691325912E-6,2.9905937532903685E-4,3.6563078638244954E-6,1.0355610096035749E-5,1.6384459455271973E-4,6.691499681507618E-7,1.7491221252040508E-4,8.883293146232308E-5,4.1022487638254417E-5,5.8831953745567304E-5,1.151677289247006E-4
0.54341520634609,2.1456384625441705E-5,1.4682386974326572E-4,1.918400488862194E-6,3.252470222328867E-6,1.6636650030844264E-5,1.2600217034119686E-5,2.35055587338614E-4,1.2475918250226854E-4,1.5599692978678277E-5,2.300076991929183E-5,2.09913521023077E-5,1.734318821119687E-5,5.200229380536696E-5,3.7408270738515257E-6,3.788506635068373E-5,5.385299937496848E-5,1.7359654953227694E-5,3.7486158510134746E-6,3.8159097839929936E-5,2.933734310658544E-4,3.4905922268013402E-6,1.3607895905599999E-5,1.1361635000268247E-4,5.300406232453118E-5,4.389809013871274E-6,7.618612259718463E-5,1.671932755339516E-5,1.898958222939457E-4,8.961924095707276E-5
0.5966968565818765,4.8286653846372707E-5,6.58036641312492E-6,1.1283487045168505E-6,2.0598799550356118E-5,1.12875730332326E-5,6.725586128278219E-5,1.9854723999244813E-5,1.406145750266994E-4,7.39764138646807E-6,3.8196494491145464E-5,8.308325991203997E-5,1.8222508712185695E-4,2.7977272143759046E-5,1.1608086251201114E-5,1.5265671498038743E-5,4.394908536334677E-5,4.2748994453396474E-6,3.27917652516415E-6,3.988018723492991E-5,2.812088381547066E-4,6.455448747452457E-5,2.2588017085294718E-5,1.8250361800863682E-4,1.3799440595301999E-4,1.1938025402265365E-4,1.7519966816228186E-4,3.7500210308070326E-5,2.1210529911153472E-5,8.854942314650939E-5
0.9623795086057454,6.451033496889441E-7,9.669133375446787E-5,8.832949216909863E-6,8.113236139470285E-5,2.6350850274510275E-5,6.511518088600676E-6,1.7095494751981732E-4,6.367104817542297E-5,5.211731525070278E-5,3.7815549135672924E-5,7.02994438676435E-5,5.150311252905424E-6,6.147063310257105E-5,2.2326907680487707E-5,5.6540174364413395E-5,7.32623693139309E-5,2.6607333350814432E-5,3.9442642840225854E-5,5.5627719676404355E-5,1.504532853216622E-4,4.474932697711649E-5,1.1559266802173815E-5,1.0870258632305718E-4,5.001674356946599E-5,2.3703714074004587E-5,1.7052513353336813E-4,2.5561206298425257E-5,1.1935374128502132E-5,9.039585069591272E-5
0.7044622243024499,7.479678965153149E-6,1.6895633673190533E-6,8.944820179085998E-6,8.20041882583953E-5,4.757464850725792E-7,1.5075103438859366E-6,6.046921552771087E-5,1.2921116456883806E-4,1.064000010588834E-5,2.8681239878176217E-5,3.1261679036358105E-5,1.4768038674025136E-4,6.388630168509092E-5,2.2485575306496817E-5,5.659778144226508E-5,2.1757405152534188E-4,1.5296149645536154E-5,2.3062276811509794E-5,3.9329653823467815E-5,3.107808911750354E-4,1.3632136073320601E-5,9.929274371074666E-5,1.9305618499200377E-4,1.311959208065044E-4,1.729998059529291E-5,4.05402194735619E-6,2.5350735246995143E-5,7.672182842497712E-5,4.455371198482982E-6
0.4471502217768104,8.670069974164223E-6,6.6747054197763464E-6,1.2922825390453956E-6,8.095354118766738E-5,2.6424291182698745E-5,1.2714968654670913E-5,6.198284231480854E-5,1.402615625099407E-4,1.2676857807855494E-5,3.8646082426305265E-5,3.5006195267185054E-5,1.6883820238908665E-4,3.078862476183022E-6,3.001070438201532E-5,3.4508710801724413E-4,1.2105253428656328E-4,1.417241360400565E-5,2.3285397668452002E-5,3.960483857843488E-5,0.0034295307159522533,4.7620159530728507E-5,7.447165320034008E-5,1.616553492102215E-5,2.5845213047688473E-5,4.204746929598662E-6,1.720805946054936E-4,3.754718207286524E-5,1.6260418193791016E-4,5.6642706570997516E-6
0.7753399618662006,9.3993790102224E-5,1.1952735274697395E-4,1.1261394666228182E-4,1.0059987929480759E-5,1.1218690649368723E-5,9.416506310243259E-7,9.202576150935693E-5,1.0501111580375752E-4,1.1133707963888134E-5,3.877239480136844E-5,2.3434816965751295E-5,1.0902340382130432E-5,4.363965294633511E-5,1.5244218455923644E-5,7.267210658511242E-5,1.4042209534876666E-4,1.558590691851637E-5,4.812342467564213E-5,7.14862682255294E-5,1.3920646073556196E-4,1.7704612850444145E-6,2.4080028578383942E-5,3.716522197850627E-5,9.085068118067418E-5,6.393376154081057E-5,7.051631262298695E-5,9.531461044258918E-5,4.31739789057004E-6,8.79106235643127E-5
0.7139597754873678,4.710860993970026E-6,3.3673956681301806E-5,1.9109808996747992E-5,5.4585150304939244E-5,2.0628950031054564E-5,1.1697035964995393E-6,1.702571214092336E-4,9.870343463195657E-5,8.541006408630847E-6,3.811663969333323E-5,7.102294977087218E-5,3.669279034646743E-5,1.0772280498953466E-4,7.407583540633566E-5,4.0497186072784685E-5,3.773077934760824E-5,5.15912958982037E-6,2.352381969094943E-5,4.381414782694996E-5,2.8039080082989496E-5,1.1306516003253342E-4,2.455831995328362E-5,3.201139607018322E-5,1.3510953358902565E-4,1.4987954821106036E-5,1.600182481900733E-4,4.644810030401805E-5,7.445336557351102E-5,8.56149171379897E-5
0.5691006920247825,9.855100268681548E-5,8.615419872512207E-6,2.2346876375905854E-4,1.2768393236390694E-4,5.8980312860063426E-5,1.1618356721659433E-5,1.9375734069434765E-5,1.3784774351468523E-4,1.8444506422223792E-4,1.3855700572878554E-5,2.9531149289780136E-6,2.6009559906951445E-5,5.137409013891021E-5,1.7153253873351E-5,3.986513268331266E-5,5.420384268944087E-5,2.396278678440722E-5,5.806989972123627E-6,1.474382688960731E-4,1.3608436878583685E-4,2.5129916946884413E-6,4.638764684209637E-4,1.797275823343635E-4,9.86993827938694E-5,1.3384439394814671E-5,8.74320112328052E-7,4.6595983992546E-5,2.545593340583939E-5,2.9753596223990524E-4
0.41019964455956637,7.479678965153149E-6,1.1198243042664411E-4,9.095218053572682E-6,8.20041882583953E-5,2.088721393033038E-5,7.254741452500327E-6,6.390322347952276E-5,1.2655291443490686E-4,1.069132840206185E-5,2.0411740729946708E-5,6.982595278945251E-5,1.8532226695396875E-5,6.388630168509092E-5,3.941482246689805E-6,4.1448679748835475E-4,5.8117263158403014E-5,1.330514113479964E-5,1.2148705937650519E-5,3.989222507460984E-5,3.107808911750354E-4,1.0520646035465045E-4,9.92899209050579E-5,1.9195262268997533E-4,1.311959208065044E-4,2.075382510984221E-5,7.239927836189339E-5,3.7075995508895126E-5,7.654760769824382E-5,3.244289688800716E-5
0.7463679186314219,8.699293452267991E-6,1.0847666663591987E-4,5.65817474910124E-6,8.40527794587263E-5,2.5331880850703513E-4,3.310565885658679E-6,3.442545441508922E-5,1.3790709143652601E-4,1.9769326086418775E-6,2.441736482572209E-5,1.7603689025387873E-5,1.5495507625816192E-4,6.343399336889283E-5,2.4802466621760705E-5,4.73685798194315E-5,5.356769265621957E-5,5.552957103219133E-5,2.7422629983746933E-6,9.483045605029837E-5,1.2937021499518785E-4,4.915844628838268E-5,2.786537062318342E-5,1.9328756186016098E-4,4.159345480780029E-5,1.4156612797813857E-5,2.5955591677546697E-5,1.6298069591222967E-6,2.59425536553909E-5,1.1595981224554307E-4
0.5539824300986188,2.4514600257429688E-5,8.425521224856593E-6,2.233322897117425E-4,1.2715496550298744E-4,2.4039078792785117E-5,1.3880657278905554E-6,2.403302410431979E-5,1.8410065997382887E-4,7.347466740683728E-5,2.7034392418828247E-4,6.8511155424141985E-6,1.5230991011237765E-4,2.2785380454035196E-4,1.7152040553083716E-5,3.9833954213680316E-5,5.318749846842318E-5,2.5935269813787118E-5,4.909443491887518E-5,2.272109337581495E-5,1.276015508759446E-4,9.999771754215476E-7,5.211390902278716E-4,1.2113745623400624E-4,9.640921927633109E-5,6.606261889338703E-6,1.2684829417043397E-5,1.1901212218217778E-4,6.090735674802504E-6,2.986157593839404E-4
0.9694436426051878,8.965673721113559E-7,1.809269837824421E-4,1.3924697038875103E-5,8.213269325199404E-5,2.171437548159698E-5,2.27243703212406E-6,4.8257256367693685E-5,1.4138319656430728E-4,1.1980355641849705E-6,4.0089907002909514E-5,6.93879131466158E-5,2.3576574604112364E-5,2.3102507061328927E-4,1.8330220748070067E-6,4.040830411337714E-5,4.576118875140205E-5,1.6254585191318218E-5,3.1021359998645595E-7,4.762329642785999E-5,3.2901925819986617E-4,3.169340975551623E-6,9.92756783478403E-5,1.9365844241580642E-4,1.2813751407580328E-4,2.1145976466090428E-5,1.0088655495959353E-5,3.747405092963728E-5,2.449591393924449E-6,5.2811810998637285E-6
0.6571733044241134,4.122052521272224E-6,2.934420505353914E-5,6.889282581385823E-6,2.3318702289152975E-6,1.212931820943905E-5,1.4081038946149341E-6,3.5081623919589176E-5,1.7987957760371177E-4,3.9237209262755525E-5,2.152691385234598E-5,1.955845571847896E-5,2.0421946270408306E-4,4.584553956883028E-5,2.1396416940591593E-5,2.628246480287897E-5,4.777149691765932E-5,2.593831848965469E-5,3.867652088184871E-5,3.801671103817752E-5,2.9731871084988983E-4,5.8311310622567105E-6,1.552799904095469E-5,1.2091782484981728E-4,8.880544907263277E-5,1.2686488521008758E-5,6.469061083451096E-5,2.8647174491576413E-6,2.387822965248962E-5,3.0598177893549935E-5
0.6675558312151975,6.830819418193009E-6,1.717201176147887E-4,3.706019088399084E-6,4.6578212573649865E-5,7.762403320001184E-6,1.029259480710501E-4,9.179507574369452E-5,0.0032971812715141945,1.609053340058301E-5,4.116685494611629E-5,4.286817716421942E-6,1.6966722570964192E-4,3.028290349022946E-5,1.3052716777029362E-5,8.06434742600187E-5,4.143628179945296E-5,8.535556078128809E-5,7.616070111605608E-5,2.8111534003679006E-5,1.3261898236428403E-4,7.349519090704449E-7,4.68313698975884E-6,2.0470869683543702E-5,1.307509710421962E-4,1.0956901361835978E-5,1.6389324294816497E-4,1.1653620931754454E-4,6.127290801506199E-5,4.1255887092021284E-5
0.23229103681688784,7.346626755094837E-5,3.138014577482587E-5,5.698589517660402E-6,2.3834675762284972E-5,1.1761363548872357E-5,6.629241731916219E-5,2.988737614008004E-5,1.723909287971683E-4,1.5101310704356757E-5,1.8124365327308726E-5,6.94447048040404E-5,2.1207996301343327E-4,4.4988580302126735E-5,2.3668406353058445E-5,3.984946481973296E-5,5.133942593815674E-5,1.0276660435281314E-5,2.5208259519016686E-6,5.4938241575252886E-5,2.94322645897892E-4,4.500270065101606E-5,9.113331085460562E-5,1.4922778080208465E-4,1.3709595981614518E-4,9.689926090554102E-6,1.9190953342945468E-5,3.9523468323599506E-5,3.167954458918861E-6,8.600893551848873E-5
0.7905316527693617,5.360300943686698E-6,1.0844304763654662E-4,6.030523336384179E-6,3.6741041524942027E-5,2.1137088227187323E-5,4.435212776696277E-6,1.6890958158856644E-4,1.5864259354250637E-4,4.7957578606748656E-5,3.933231542848709E-6,7.938804007291463E-6,1.6807678649564153E-4,2.949232809555308E-6,4.033799530229748E-6,8.330286286755076E-5,4.761127958950743E-5,5.893711545509674E-5,1.2538899013528434E-5,4.388180109066831E-5,7.519883060839347E-5,1.0371046855122211E-4,2.6429771611961765E-5,1.2730427621825206E-5,2.4605810167484775E-5,1.2388020765482433E-5,6.817465490879758E-5,3.7430994387880495E-5,9.462769407358557E-5,2.8740869866795872E-5
0.30107867602013794,8.744749811272368E-5,7.327778280538946E-6,2.2394971819094967E-4,3.912414618550761E-5,5.515111287693627E-5,9.277605856352714E-5,9.26954159106144E-6,7.23024894474986E-5,1.0451135034028129E-5,2.2209647783907106E-5,4.680950822023099E-6,2.7954248028298556E-5,6.389008093914878E-5,7.722781119229325E-6,3.990888456331368E-5,2.057276851149351E-4,1.368004187377789E-5,1.0428454825865777E-4,8.42960579914786E-5,1.4343666534594922E-4,8.864025660816894E-7,1.0022555741722606E-4,1.227626665004122E-4,9.5115782664455E-5,2.3657514174514032E-5,2.3325923004929756E-6,3.133928807328812E-5,6.770348598574078E-5,8.576978842490967E-5
0.17847821584278484,5.7330469272619436E-5,2.1752926440113357E-5,3.5690953105713987E-6,3.7088004971215254E-5,2.5166020575494136E-4,9.273039125435257E-5,9.785629096710626E-5,1.3361298331264525E-4,2.4413294006653196E-5,3.482830325952682E-5,2.2263177771724746E-5,2.6943741083961707E-5,3.683379906717145E-5,4.1296966945151965E-6,4.4506427390512226E-5,4.823016256865597E-5,2.336177310982238E-5,4.5390742131620355E-5,1.7394063197766663E-4,1.408010035626497E-4,4.939812881518357E-5,9.985035226798141E-5,1.2592064572416998E-4,7.501250807574621E-6,4.6459442325575585E-5,6.810114371121634E-6,9.859237035048671E-5,9.570542166603909E-5,7.060601782431636E-6
0.14120184887292592,5.7330469272619436E-5,3.407696464790401E-5,3.9862849761618705E-6,3.7088004971215254E-5,2.5190134756125236E-4,9.273039125435257E-5,9.759768090645375E-5,1.3420329237051913E-4,8.553838091812642E-5,3.482830325952682E-5,1.9115234662406595E-5,2.6850778460058634E-5,6.39352538331467E-5,4.1296966945151965E-6,4.453232747999523E-5,4.823016256865597E-5,1.3024349916767361E-5,4.5390742131620355E-5,4.393994007157827E-5,1.4467348133384713E-4,4.939812881518357E-5,9.985035226798141E-5,1.2592064572416998E-4,7.501250807574621E-6,1.572603380042526E-5,6.810114371121634E-6,1.766540402753973E-5,9.570542166603909E-5,7.060601782431636E-6
0.618452024713212,3.451484623137191E-5,8.475942534239144E-6,5.8106635956343755E-6,1.6068805292644494E-6,5.790541262311825E-5,2.5617475035737213E-6,2.8647635697573166E-5,2.351618485872627E-4,7.186840306937933E-6,1.4244068387644673E-5,2.0203306909716604E-6,2.2446967832740866E-5,2.3199177087140552E-4,1.7153253873351E-5,3.998701780806056E-5,5.450155123951E-5,1.5167458057774473E-5,4.551230099108246E-5,8.669801323148144E-6,1.1445318099723023E-4,1.364268617539846E-5,9.155885231757963E-6,1.2071831446891273E-4,9.764351837968293E-5,1.2763435384841996E-5,2.5086227565978155E-7,4.65487819724604E-5,2.5486091403038895E-5,2.94057735288691E-4
0.897540967561874,4.836261073413562E-6,2.8436216303656393E-5,1.4767726257745406E-6,7.775941992252415E-5,2.90278145905264E-6,3.146825094542604E-6,7.728857780090544E-5,2.386667014624778E-4,8.949372817381935E-6,2.1923780967630554E-5,7.299248228818338E-6,1.9125943700521567E-5,4.5851617625341724E-5,2.7396226794630193E-6,4.2325748765362225E-5,4.095104730812582E-5,5.8148205831072014E-5,2.8529465101293807E-6,5.7364909665898246E-5,1.5021033408872501E-4,9.629650658058017E-8,9.970947709485095E-5,1.7649936711969764E-4,5.8727166056069145E-5,1.1421400512531883E-5,1.0080225694471907E-4,3.734564069767769E-5,1.9247442376019335E-5,9.595674645678529E-5
0.6425730221701869,1.398570958438421E-5,2.846697491290702E-5,1.996098518499493E-4,7.710697179949612E-5,2.6157504529288174E-5,3.415289142604653E-6,2.1165969809715723E-4,9.566505031736048E-5,1.1167489420150156E-5,3.9385247002310305E-5,6.621234099599128E-6,1.2734025886084607E-5,5.385630853024272E-5,2.2399617352149484E-5,4.452809799000257E-5,1.4271380555179832E-4,6.296467811226454E-5,3.914444527223633E-5,4.4906745661299985E-5,3.038030348140175E-4,6.243205757890001E-7,9.953146172575548E-5,1.8092426090154872E-4,1.5463373116904395E-5,1.3163251713180827E-5,1.7400365344536018E-4,2.3585436282528034E-5,2.7273368442922776E-5,2.1554742022123213E-5
0.886241477401636,9.051087685560446E-6,2.2928711642588386E-5,1.928763722257829E-5,4.409961255380864E-5,9.619452973799204E-6,1.048449999813748E-4,1.634515562828457E-4,1.314826708652993E-4,9.546920580526868E-6,3.745053418127723E-5,1.9233441847802738E-5,1.6424995391473113E-4,1.2741116363438812E-4,4.953456539209831E-6,4.51660883512634E-5,5.339886268802359E-5,5.5643384709894884E-5,1.065676791104551E-5,5.039328193001256E-6,1.3864600967857551E-4,7.707121425442075E-6,3.07783432788386E-5,1.1990171212164276E-4,3.6937599874882646E-5,1.872505827949832E-4,6.401141525150765E-5,8.628883090102067E-6,1.9829420257713167E-6,3.6765745184207083E-6
0.15518709821863824,2.1878457521184502E-5,2.8222164889104264E-5,1.0993763659662024E-5,2.0374866425312713E-5,1.0948150732377534E-5,1.0125681870522585E-5,5.939245049866563E-5,1.4227370655471846E-4,1.3634367078821363E-6,4.434258463414768E-5,7.276697764105584E-5,3.124517981980177E-5,5.9971645816517694E-5,1.5204628995084583E-5,3.821703707826329E-5,4.7817708451256094E-5,1.5190865860790243E-5,1.0239977264980405E-4,7.123597670761326E-5,1.4083708940854388E-4,1.0483642664213033E-5,9.994972922920605E-5,1.1149426693344918E-4,9.583067614771756E-5,2.752074243238107E-6,2.7543943016393956E-4,3.268883173660412E-5,2.961209466769482E-6,7.756089869768946E-6
0.508281229395021,7.873295119316085E-5,6.605850907255916E-5,1.7641900052198966E-5,5.889992251320541E-5,7.759019017947883E-6,7.370280472533828E-8,6.33324259531956E-6,8.667941142842375E-5,4.884660065443624E-5,2.7153842310192463E-5,7.300012798987872E-5,2.572246462642911E-5,1.2214345585965107E-4,2.177214587477994E-5,4.179343039133941E-5,9.130831772342069E-6,5.485618458485531E-7,3.982463859349901E-5,1.4260762050221276E-4,2.9915794723797614E-4,4.045672593298208E-5,9.249340400925194E-5,1.1552114747850663E-4,4.515204883450576E-5,1.3539801987576325E-6,1.5483101786196922E-4,4.6051297056474034E-5,5.8974637090286154E-5,1.1505599239427699E-4
0.9779499409011718,6.807013270862547E-6,1.717201176147887E-4,4.3944629583423255E-6,5.480726825809267E-6,1.8385385948154425E-5,2.50972635008869E-7,3.563924057774016E-5,1.8089271199980977E-4,1.1955800595535177E-5,3.7550743585306194E-5,1.9391352144255973E-5,1.6966722570964192E-4,4.77973393275049E-5,2.3718854402010643E-6,8.06434742600187E-5,4.166950426545583E-5,5.445375793451717E-5,7.504568587553976E-5,2.8111534003679006E-5,1.3518850001988E-4,1.1298900834193638E-4,4.68313698975884E-6,2.8308562869666736E-5,1.3249575438693156E-4,1.1109218462770313E-5,1.6389324294816497E-4,1.1800627699107547E-4,6.984459232740226E-5,4.1255887092021284E-5
0.5609057695499441,3.705423312922888E-6,6.762885974996454E-5,1.7461957776675232E-5,3.55118587570375E-5,2.5744173919013735E-5,6.384041531836044E-6,2.7525225165189525E-5,1.587073687285364E-4,2.7584657173096796E-5,2.2344056065976645E-5,1.7009264564620333E-5,4.954922093271766E-5,3.972105267576272E-5,1.4676536627451771E-5,1.1560948639718422E-4,1.3776788463757547E-4,5.282009611666984E-5,6.4737476116594935E-6,8.523566473692834E-5,2.9345949561535896E-4,5.813587332930176E-5,1.682508297603303E-5,1.3189716390489737E-4,3.648643714843937E-8,1.695121794013198E-5,1.1879168464276458E-4,1.6412465890721482E-4,7.267948051487992E-5,2.3475890015618335E-5
0.8857884523979258,8.315193059896456E-6,1.469292124670909E-4,1.0892055136054766E-6,4.409961255380864E-5,2.61624863847059E-4,1.048449999813748E-4,1.6645172246935517E-4,1.3092152580641522E-4,9.643456977183486E-6,2.08368112898377E-5,2.0970947762441333E-5,1.5510348279658613E-4,4.8813250790815586E-5,3.753465652488056E-6,1.2878804165977905E-4,5.38683203488657E-5,5.5643384709894884E-5,3.6300650459509905E-6,3.912958719959517E-5,1.3864600967857551E-4,3.4998740389958886E-6,3.079443338723073E-5,1.1385325901646908E-4,5.265435185323186E-5,1.8719516536253418E-4,2.801766020829277E-5,8.987810005599924E-6,2.451281343584513E-6,3.7381070547095428E-6
0.8412290400131361,5.4198218074835925E-6,6.433146391985876E-5,2.4999967168921132E-5,4.057327263257006E-5,5.157342534941348E-6,3.7470297741930122E-6,3.3306746343520155E-4,1.3583611077025751E-4,8.480782751390294E-6,1.5222198185398266E-5,7.590560866740329E-5,3.020831676591552E-5,6.356974061099744E-5,1.8706745592830934E-5,3.536237843470872E-5,4.743311552690663E-5,5.66642969182563E-5,4.6380551613080225E-5,3.799157719714759E-5,3.235946457930616E-4,4.881348619875138E-6,1.2972267080093627E-5,1.0851115001056878E-4,9.204958477406177E-5,1.666317207890417E-5,6.389065829948867E-7,5.8764088761960586E-5,7.522267069248654E-5,1.7343809608147985E-5
0.1944587477674929,7.057114315461536E-7,2.78336549608128E-5,8.904262261115805E-6,6.412367259630673E-5,2.0072591099019944E-5,6.52913141768601E-5,1.7518073592281172E-5,1.3697210384512723E-4,2.9106566682675395E-6,1.9230875678192956E-5,1.8933779625974374E-5,5.88654826947529E-5,3.989852036257532E-5,2.3087811831360164E-5,2.579034988718724E-5,2.0323600591137938E-4,5.555841441481483E-5,4.252107371800005E-7,9.434777017309796E-5,3.007067937895451E-4,6.278763736248902E-5,2.8022607059485756E-5,1.3188901157984572E-4,1.568409484929761E-4,1.4153881556750455E-5,2.603537937739633E-5,9.548548146097323E-6,2.5631620430824337E-5,8.387513735154834E-5
0.786240273084037,5.182135588078375E-6,1.7147137079151823E-4,1.875171716686355E-5,6.420778562905976E-5,2.6309670959507933E-5,6.148963702446371E-6,4.4173952066108187E-4,1.3790709143652601E-4,1.1169689937367536E-5,1.420295213416998E-5,4.430303265013443E-6,1.5340522490162018E-4,2.777595007100845E-6,1.894525941112703E-5,0.0026621674993267436,4.4646335463684554E-5,1.552545186379718E-5,4.780161948772223E-5,7.095972134389508E-5,3.0263490158522686E-4,4.9220304081681404E-5,2.7991919464354803E-5,1.244702913046397E-4,4.275797134056909E-5,1.5798316477699506E-5,1.9707936159059093E-5,4.1207789882792244E-5,2.2581170972279106E-5,1.5955074265264835E-5
0.6058045157459148,6.604072939291324E-5,9.362956549877112E-5,8.142050955303552E-6,8.215700313536247E-5,1.9671551912125223E-5,2.5624738340384097E-6,2.2184563046975673E-4,7.001207563804408E-5,1.124835049577292E-5,2.0103606404860917E-5,7.25145896389058E-5,1.948825536887782E-5,6.258994411963889E-5,4.218140442737093E-6,5.237393918537263E-5,5.675470021730891E-5,1.6700161375385515E-4,2.3421775526374956E-5,5.756270294528509E-5,9.180073430097129E-5,4.091182547280857E-6,1.5409319367723284E-4,8.583267464329419E-5,1.4944044457551606E-4,4.290011370029549E-5,1.6929454462094893E-4,1.678931874302915E-4,1.1997123262714276E-5,1.0095989355435306E-4
0.7554442628580073,6.809657769880414E-5,5.717250183951616E-6,2.24798821801328E-4,7.438731652034724E-5,2.46349481817742E-5,3.3704584116109396E-6,3.55985445895649E-5,1.6105461269284215E-4,9.592600422289111E-5,3.938340927192156E-5,1.2356233534817774E-5,1.6061209986089434E-5,1.1834083517076307E-4,9.649881055946211E-6,3.735508349078082E-4,5.7282074628279466E-5,2.2755765571661785E-5,4.5846652692880315E-6,4.622349627082128E-5,2.986861234936888E-4,4.138898025017183E-6,3.0040302333891067E-5,8.515724085833565E-5,1.5026128558631214E-4,2.4266177402229572E-5,1.0978789724398978E-4,4.606555947859516E-5,9.410291647383892E-5,1.0098597372873276E-4
0.051323689419594865,6.481717537075825E-6,6.31203580275682E-6,2.1775010259222758E-4,3.842229277406705E-5,6.632901353431477E-6,1.1641255399347293E-5,1.6561777651490436E-4,1.3773421863179665E-4,4.8709925954338565E-5,3.849192815158342E-5,6.614386766702806E-6,1.7839184653581182E-4,6.462777057713088E-5,1.670026497672227E-5,7.042514424016638E-5,5.286946909670713E-6,1.3730259247109227E-5,4.277554618754376E-5,1.1296273666655554E-4,1.5752846619228593E-4,4.915856193752057E-5,9.055616901089666E-5,1.8299936238971035E-4,1.3042189930784212E-4,1.3344333936319755E-5,1.045651248995948E-5,1.1373852991084759E-5,6.423548380292529E-5,3.4172161324367755E-5
0.8984116040582668,6.564288463360237E-6,3.6479963201814194E-5,4.308750844299267E-6,8.278689340720961E-5,5.574469794842181E-5,7.2634439600664785E-6,6.234815166204336E-5,9.667405033717558E-5,1.6031081820162217E-5,1.0801519150550743E-5,6.90752954798066E-5,1.4768038674025136E-4,5.9788619478798313E-5,2.235976338266899E-5,5.6096151748405663E-5,1.445901389272201E-4,2.2998809211757853E-5,2.336309961274153E-5,1.5902409946353398E-5,2.2455317066999295E-4,1.238416249323261E-5,9.927980737677627E-5,1.6797354179569393E-5,5.539484998305454E-4,2.386613280455112E-5,1.7889773634975381E-6,2.503451234857065E-5,7.237828761074314E-5,8.575928698308098E-5
0.47091952013628935,6.934153230811057E-5,6.543215941179158E-6,1.2922825390453956E-6,8.605498204589403E-5,2.3868693769542977E-5,3.359820388425575E-6,3.5549025025781714E-5,1.379306968419657E-4,1.3154025044437749E-6,2.268551229337114E-5,1.952321860697638E-5,2.0365656934738676E-4,6.444922087655783E-5,2.1962103218256486E-5,3.7331978285723606E-4,4.448619059813477E-5,1.4136304043916713E-5,3.0649304148516252E-6,3.712174321295947E-5,3.714903156687649E-4,4.7336497197885736E-5,1.5180408752079764E-5,1.2078100173281746E-4,8.767083702151139E-5,4.114057756530831E-6,1.755125679138323E-4,3.685169940332285E-5,7.223241774395478E-5,1.3281157919096518E-5
0.044352289010229515,6.364436219717457E-6,1.2595432153788107E-5,1.3271315865291135E-6,3.53189096988412E-5,7.56228456771239E-6,1.1737700849486383E-5,1.6561777651490436E-4,1.2613130297732634E-4,4.8709925954338565E-5,2.3256514919395838E-5,7.411905993223474E-5,2.4730458603134935E-5,6.462777057713088E-5,3.354479237863388E-6,7.044860541998618E-5,5.680474143617061E-5,1.3728088471455617E-5,4.277554618754376E-5,1.1439025236542658E-4,3.277247794859968E-4,4.131288468550711E-6,6.65922607442555E-5,1.8299936238971035E-4,1.3257177305522173E-4,1.3344333936319755E-5,1.3331703981927086E-5,8.1772538654455E-6,6.51468796373368E-5,3.4172161324367755E-5
0.9238753119373171,2.8028573776767266E-7,1.0206502594826424E-4,2.6540509967621503E-5,6.615603800206727E-5,1.2135953884657898E-5,6.573210190586229E-8,7.705932681796087E-5,1.27484290652488E-4,1.494004165958292E-5,2.171763028179983E-5,3.032320017445456E-5,2.0430222657864263E-4,4.87717993354408E-5,1.7388722780452748E-6,2.398066711271308E-5,7.536614736823643E-5,2.6936050688585756E-5,2.174432831831443E-5,4.478233734940711E-5,1.5118480605994975E-4,1.776174019142176E-6,2.6793393272959065E-5,1.69099127406125E-5,9.134774731484064E-5,6.529243685000498E-5,9.936491208438433E-5,6.751188225326413E-6,2.3527606145740866E-5,9.06609136076356E-5
0.3789720004445407,4.6530318275039834E-6,1.7003324376349384E-4,2.6142731629625156E-4,7.722202048151915E-5,9.87394854942046E-6,6.095093099116434E-6,4.546274329327862E-4,9.376785173956475E-5,9.449977789980087E-6,4.389248231757281E-5,3.477509208135903E-5,2.0447877065011167E-4,2.242259076234039E-5,1.893737780113134E-5,0.0027256684834440674,4.074588700275641E-5,4.7187347563598515E-6,3.74349375781325E-5,1.637491329527212E-5,1.9175931496504076E-4,4.122202986907795E-6,3.0425347886053163E-5,2.458554839714311E-4,2.2060794971305911E-4,6.458263388795928E-5,6.930768637647061E-5,3.80550663106892E-6,9.771606319705003E-5,1.5850811894674787E-5
0.8240949124351475,6.451033496889441E-7,9.516249415419901E-5,8.832949216909863E-6,8.3387104463706E-5,2.6350850274510275E-5,6.556100128056589E-6,7.989075765051768E-5,6.367104817542297E-5,5.662683696646075E-6,3.7815549135672924E-5,7.048547074130725E-5,5.150311252905424E-6,6.269438124362439E-5,2.0219417921822536E-5,5.6540174364413395E-5,7.32623693139309E-5,2.6607333350814432E-5,4.0127157425394244E-5,5.5627719676404355E-5,1.5052144673309797E-4,4.474932697711649E-5,1.1559266802173815E-5,1.0870258632305718E-4,5.001674356946599E-5,2.317158616703585E-5,1.7052513353336813E-4,2.5561206298425257E-5,1.1935374128502132E-5,9.039585069591272E-5
0.922992887167187,5.379896142115257E-8,9.537710843518498E-5,2.7687033040029493E-4,6.496538673013371E-5,1.1052976185529372E-5,7.981288723072258E-8,2.0998087283162006E-5,2.344795418458539E-4,5.052450972909171E-6,3.81105766470463E-5,7.015814345960582E-5,5.272180598660836E-6,3.6517893908597496E-6,7.407583540633566E-5,2.3871329242928496E-5,1.2601710903980683E-4,2.658922025665021E-5,3.943786809088509E-5,6.53866151537023E-6,2.930788172841665E-4,6.50437459679533E-5,1.0067339139152229E-4,1.2110352877155474E-4,3.638633185511144E-5,6.69497856519466E-5,4.625196066150246E-6,1.2688183014636397E-4,2.5002938302784688E-5,8.818781349783611E-5
0.6100857187265828,2.1006498654280094E-5,8.429661299445881E-6,2.233322897117425E-4,1.2715496550298744E-4,2.4246099002348167E-5,2.0775240928324807E-6,2.5357248837352397E-5,1.8410065997382887E-4,7.669521178251971E-5,2.26748781913729E-5,1.9496689753301693E-5,1.5230991011237765E-4,2.3313397761405265E-4,1.7152040553083716E-5,3.986360286193696E-5,5.318749846842318E-5,2.5935405391374514E-5,1.0819075725332539E-5,2.6717658731011993E-5,1.386395991286492E-4,7.824090657592285E-6,5.161264706984161E-4,1.1985140788531926E-4,1.578038452516414E-5,6.664223068600509E-6,8.89410896229044E-5,1.1901212218217778E-4,6.090735674802504E-6,2.986157593839404E-4
0.6296038755519662,6.484914856906666E-6,5.862282550375682E-6,5.9069127541667414E-6,4.2730939087324124E-5,2.6086758210673236E-5,1.2008972897677321E-5,5.891863254697219E-5,1.8127761982517055E-4,1.2972069151483717E-5,0.02337072963835992,1.993595438223738E-5,2.0239731180902139E-4,6.292687057339458E-5,2.382998441894844E-5,3.4280733263058224E-4,1.0098885040334257E-5,8.584167738460877E-5,5.15201399233086E-5,5.607752253490128E-5,2.8566145883928096E-4,9.643571132951678E-6,1.0091398611459053E-4,1.1056377313007121E-4,9.336249969930668E-5,4.112082368178962E-6,1.7344468174664295E-4,1.9720039088358077E-5,7.556634328307742E-6,1.9254490216457902E-4
0.4784875696185512,8.72628324146675E-5,6.317350748932178E-6,1.2922825390453956E-6,8.199719754084555E-5,1.2864683566876784E-5,9.454138746366445E-5,5.831194456040974E-5,1.3935691160484628E-4,1.3154025044437749E-6,3.8972741362672483E-5,3.011183977895758E-5,2.137989355033442E-4,6.388881189875136E-5,1.2224768194592583E-6,5.305491406113361E-5,4.391951119616952E-5,1.3489520665108944E-5,3.199946604206975E-6,8.379226142772501E-5,2.751602827512415E-4,4.298709431473147E-5,7.488708695519927E-5,1.2076889642918372E-4,9.492846691491053E-5,3.7652934009254512E-6,1.6540595968644428E-4,3.1682829979814686E-5,9.757558102026951E-5,8.665697844452357E-5
0.35895107787424974,6.647131693548144E-6,3.5992883184405536E-5,8.836696457348452E-6,7.492730592463162E-5,1.4420866019552624E-5,1.105039284771187E-5,5.736248995293677E-6,8.785870945672698E-5,7.990489673179816E-5,5.5043782309555814E-5,4.665052867510957E-6,1.4829863195570152E-4,2.2785380454035196E-4,7.576296058299289E-6,3.9800209590825556E-5,6.78469390198336E-6,2.411158116415202E-5,2.3880866711921174E-5,6.032600285021437E-6,3.0149631039249816E-4,1.2797139152286088E-5,1.1807410909859605E-4,1.1908485094852441E-4,7.240291595296726E-5,1.2223936462570927E-5,2.3638452172102176E-6,4.630449924806098E-5,7.27533938704325E-6,1.4031096177105678E-5
0.024317766615274128,5.360018844912287E-6,6.288433112370672E-5,2.1102052162452897E-5,4.54471107834275E-5,2.6020263623160006E-5,1.1518770601780346E-6,3.9326025396466217E-5,2.3792062479395735E-4,1.5429966351309083E-5,2.0614247023719428E-5,7.938804007291463E-6,9.574376473964972E-6,6.312199608856575E-5,3.5760163423142436E-6,6.641569305163188E-5,3.894165190155381E-5,1.6262320983727988E-5,1.0627488667091538E-5,4.47868654680799E-5,7.519883060839347E-5,1.963871802889266E-5,2.4734999306003744E-5,1.2690554735166986E-5,6.041181986062373E-5,1.218830901332885E-5,1.479778986258809E-4,3.7430994387880495E-5,9.442924241768335E-5,1.1954851247359437E-5
0.9559386981532585,4.022550389182462E-6,6.227827048876907E-5,2.038508517514954E-4,8.130314095605894E-5,6.615317226491844E-6,9.985203601056728E-6,1.7156796103221113E-4,9.758647195326692E-7,1.089741066470135E-6,9.078753946249967E-6,7.368593642940977E-5,4.320606415047234E-5,4.7862058728899656E-5,1.4990275748411667E-5,1.6573127097681475E-5,4.813501740463755E-5,2.35947325983111E-6,4.961377592114475E-6,3.6634477571432624E-5,2.0097057873762843E-4,1.0300095232853923E-4,4.114102736094072E-5,1.762647743891674E-4,5.235324589467815E-5,2.543721771444735E-5,8.810494843431467E-5,3.4757493010304394E-5,1.9519666099984602E-4,3.712574164744319E-5
0.3543725884100891,3.311819217567605E-6,1.1237554305736495E-4,6.238693098188751E-6,7.94300162969153E-5,4.365563536053899E-6,1.361209742885311E-5,6.043561673194976E-5,7.112606542905586E-5,4.977552300050895E-5,4.113432965849163E-5,7.61097926765235E-5,1.4735575144941268E-4,3.953789255616748E-5,6.353434099346687E-6,3.1751639844452987E-4,2.0760327777211743E-4,5.230761788663611E-5,3.927452898851068E-5,2.886753441917597E-5,1.571659624281003E-4,4.562442335311465E-5,1.4765945303542353E-5,1.0667085438091197E-4,9.352901389094131E-5,2.2848134233909944E-6,8.836288264912895E-5,4.155270193253114E-5,6.565100251237284E-5,2.791952670170607E-5
0.28353709239648556,9.494990122900629E-5,2.8902678692339E-5,2.4367169038195122E-4,3.8839725421864273E-5,3.3058908430168635E-6,1.037605993222945E-4,1.7437608240874046E-4,1.2935923126742487E-4,5.222714004016806E-5,8.525494232685754E-5,2.849901109338485E-5,1.43641142760032E-4,1.1854401929831443E-4,1.571715817075179E-5,4.0405448673425256E-4,2.120474740488833E-4,1.5083155296645963E-5,4.1501432393077846E-5,7.915061537289473E-6,8.809403717950016E-5,6.420422757689723E-6,3.699267345237284E-5,1.2274203131341295E-4,9.64488756004546E-5,1.754396769400955E-6,8.764596543371082E-5,1.193995552305374E-4,1.1631257007748662E-4,1.1806139552519243E-5
0.8697487234141326,4.6980822410454995E-6,3.3673956681301806E-5,1.821696694357251E-5,8.318983844430168E-5,3.105879967347932E-5,1.1806212441880097E-6,3.582606418720158E-5,9.870343463195657E-5,8.541006408630847E-6,3.811663969333323E-5,7.098340495193629E-5,3.674695015421321E-5,3.1697390721709034E-5,7.407583540633566E-5,1.447884795471246E-6,6.278307177324267E-6,1.7194113782888986E-5,2.352381969094943E-5,4.381414782694996E-5,2.8039080082989496E-5,5.383114404971667E-6,2.4831647317744332E-5,1.2317965805027308E-4,1.3408170903865267E-4,1.5072643515704629E-5,1.6047589737872757E-4,4.624867259851029E-5,7.052090535910387E-5,8.587699987005369E-5
0.07051367131888134,2.8897180748126415E-5,3.2033422461121786E-5,2.0415023973053333E-6,4.1694190454254375E-5,2.135657708994886E-5,1.2714968654670913E-5,1.68197448878089E-4,1.504677411062846E-4,4.559996306655174E-5,3.9198291537090245E-5,3.5006195267185054E-5,2.0413031662040913E-4,1.398743265951278E-4,3.001070438201532E-5,6.458633604085388E-6,5.519844338360892E-6,3.846536870454617E-6,5.047667556761018E-5,4.4862838057769996E-6,2.9515399228620544E-4,4.7620159530728507E-5,7.363358001655909E-5,8.338024087221172E-5,5.7082929644773536E-5,4.116741008570203E-6,6.353873248535866E-5,3.760593436050187E-5,1.6735741602185895E-4,1.9254490216457902E-4
0.97502279685423,9.699156148164329E-5,9.610019420222993E-5,1.903450582170239E-5,6.36576915324299E-5,2.3558866983546197E-5,1.3787286528228737E-4,1.3137725475534823E-5,1.3153945219924538E-4,4.617350447987551E-5,3.896147520022089E-5,1.8393470181224655E-5,4.145422075553859E-5,1.2801752022594836E-4,6.952369308782246E-6,1.901351373471176E-4,7.357511859309015E-5,2.8507777546228446E-5,4.959759479018403E-6,3.688828611072169E-5,3.3404359150290055E-4,3.620807647970178E-5,1.0180448132587392E-4,8.517365838288177E-5,1.401275388508015E-4,1.1818551105171153E-5,1.1093810748188292E-4,1.280856226578556E-4,1.7575410562051776E-4,8.262909367376891E-5
0.4337273423045369,2.417525192614459E-5,5.862282550375682E-6,1.3571239002478405E-6,5.9213407254247155E-5,2.557492481764978E-5,1.2280895018791371E-5,5.830122744199494E-5,1.8127761982517055E-4,2.679235934709189E-6,3.6425895939693614E-4,7.713006734627716E-5,2.0239731180902139E-4,6.32496533797813E-5,6.149011409738458E-6,3.349977112546566E-4,5.379714872248073E-5,3.1198887173816832E-6,5.15201399233086E-5,5.550420049251197E-5,2.895404850786842E-4,1.2924591341326682E-4,1.000563466949591E-4,1.1049842741817363E-4,9.325156519808376E-5,4.112082368178962E-6,1.720805946054936E-4,1.9720039088358077E-5,1.6064596183137453E-4,1.927624565166292E-4
0.6323494393596916,2.1878457521184502E-5,2.906076481988014E-5,1.551483347670916E-5,2.0374866425312713E-5,1.0948150732377534E-5,1.0125681870522585E-5,5.948200806244713E-5,5.787431309844334E-4,5.390787616429004E-5,4.277951462003162E-6,7.276697764105584E-5,3.124517981980177E-5,6.020050508279377E-5,1.5204628995084583E-5,3.821703707826329E-5,4.7817708451256094E-5,8.421859773561614E-5,9.870185165942468E-5,7.172637929404617E-5,2.1754163360561117E-4,1.022637728215244E-5,1.0002200178497104E-4,1.1149426693344918E-4,1.0557249286086742E-5,2.843798718127385E-6,2.7543943016393956E-4,1.6366104161907034E-4,1.7318579108525486E-5,7.823461810787334E-6
0.018974102287665662,4.129977822969672E-6,3.6494523828027646E-5,4.2870801167087195E-6,4.686608035211267E-5,1.212931820943905E-5,1.0929670193125755E-4,9.240491900164315E-5,1.7680215512264522E-4,3.975547733787451E-5,2.152691385234598E-5,4.495289948730379E-6,2.0421946270408306E-4,4.584553956883028E-5,2.232514840210279E-5,2.628246480287897E-5,4.760976711811023E-5,2.593831848965469E-5,3.979153612239086E-5,3.716856084333474E-5,3.0043698317322123E-4,6.467895002710715E-6,1.552799904095469E-5,1.1935433448305562E-4,8.83085837927252E-5,2.4290007149979027E-5,1.7279119620395954E-6,2.638078530443437E-6,6.083670940622297E-5,8.622366111927004E-5
0.2397275064300188,9.571065767063073E-5,3.6492043109515194E-5,2.46353654941969E-4,7.852263747723985E-5,7.864863263843908E-6,5.366189968567863E-6,1.770582600624066E-4,1.298435135138733E-4,1.5674998465498255E-5,4.1234557407226786E-5,1.7846446027782293E-5,2.016589815742827E-4,2.8979889728366274E-5,1.312587920095439E-5,1.4272262474276194E-4,2.081623763418099E-4,1.593003303882846E-5,5.154362994697771E-5,2.8377367249191713E-5,1.3259165701882164E-4,8.392978319511757E-7,3.6825871399688397E-5,2.1166464971009497E-5,6.106757721332628E-5,3.4565037422705958E-6,8.907819964366555E-5,3.5507559107355476E-5,2.474549620241002E-5,1.1789789979532499E-5
0.6970896349667259,3.311470656416011E-6,4.04944664555021E-5,1.0918368913341557E-5,8.392376542159499E-5,2.09504224383498E-5,3.76111826165298E-5,5.174660006235039E-5,1.690872113953924E-4,1.281618476274638E-6,3.44308872014903E-4,7.099420867516956E-5,2.4237823973929054E-5,5.159393334370071E-5,3.6799921055678466E-6,4.2431448386865425E-5,4.790360012597471E-5,5.910013858512785E-5,3.2980320956309265E-6,4.542647121842259E-5,1.2888828800796447E-4,1.0005527600526595E-4,1.9327377516627395E-5,2.448180965712025E-4,4.474640885161649E-4,1.9467171108524927E-5,6.749803768298665E-5,1.6235752164191008E-6,2.125247126600407E-6,1.1521364057465473E-4
0.28634852310664866,5.339271297127542E-6,6.766160916010772E-5,2.027021890380711E-5,7.713116070778037E-5,1.1580152933638309E-5,6.255019671582218E-7,3.4649539452022426E-4,1.4059665638580744E-4,8.341764140004462E-6,2.1943425071923406E-5,7.336372806910392E-5,3.6833160114196266E-5,2.9115777422578412E-5,1.692322068553978E-5,4.9020278384222184E-5,5.1643153580213034E-5,1.3057643253606524E-5,2.4095620657132938E-6,8.558016875286286E-5,2.9864370819686955E-4,4.1215038919867415E-5,8.821466365102634E-5,5.210292885655211E-5,9.74738241861039E-5,1.6124564263551435E-5,1.2188076885084371E-5,2.456626156272237E-5,2.4834360946864977E-5,2.1493413103588933E-5
0.6477082384116555,6.580169308993255E-6,2.932964442732568E-5,6.910953308976369E-6,7.86510109805654E-5,5.574469794842181E-5,7.2634439600664785E-6,6.118069178114611E-5,9.566505031736048E-5,1.5512813736619323E-5,1.0801519150550743E-5,6.90752954798066E-5,1.4768038674025136E-4,5.9788619478798313E-5,2.143103192115779E-5,5.6096151748405663E-5,1.445901389272201E-4,2.2998809211757853E-5,2.336309961274153E-5,1.675056013764559E-5,2.2455317066999295E-4,1.238416249323261E-5,9.927980737677627E-5,1.6797354179569393E-5,5.539484998305454E-4,1.226261417557116E-5,6.445464647393445E-5,2.4670754359789484E-5,2.6458024324973418E-5,3.0133803612067587E-5
0.7995652022308639,2.230293455137166E-6,1.101684470582882E-4,1.96298871368787E-5,5.618097305205718E-6,2.173202079953473E-6,1.2639868677423263E-5,3.2887553547733366E-5,9.572101864629688E-5,8.94586363151087E-6,2.0971106632041636E-5,4.986853867450527E-6,1.5340522490162018E-4,6.348288412431392E-5,2.663456115020834E-5,4.454268238380954E-5,5.356712195803498E-5,5.552957103219133E-5,3.7298193345950914E-6,5.910509387666276E-5,1.3305758323756226E-4,3.0718824237789362E-6,9.957568379626882E-5,1.1323412765692516E-5,4.343571696010168E-5,1.4205861809009698E-5,6.3261254865308E-5,3.729749988297878E-5,2.6522551920491143E-5,7.667213659193039E-4
0.40099781215503777,3.4711189147572164E-6,2.960066204174177E-5,1.8509860292063195E-5,7.492675212440598E-7,2.64118948727014E-5,1.0094867545568479E-5,7.115046618252236E-5,1.292640484383842E-4,2.6566977299149083E-6,2.3510490975399138E-6,1.0968342722318001E-5,3.1502580775297304E-5,1.1044967020108474E-5,7.357339416742955E-5,7.650362756153586E-5,4.637239838018016E-5,2.6662918269248214E-5,5.441249821372628E-6,5.462430294866154E-5,1.5248239922410024E-4,7.674454801828002E-7,3.142522698043567E-5,7.54133170378767E-5,9.172189653268512E-5,1.4913086184349287E-6,1.485072451938819E-4,4.59428512596587E-5,1.9381516716518248E-4,3.919612749703238E-5
0.8448191240975327,5.4198218074835925E-6,6.288218005759969E-5,2.4999967168921132E-5,4.045175288523104E-5,5.234488431631145E-6,3.7387278789943743E-6,3.3306746343520155E-4,1.5854396917608116E-4,1.568151140358366E-5,2.0427250833815696E-5,7.590560866740329E-5,3.020831676591552E-5,6.356974061099744E-5,1.8706745592830934E-5,3.06025281193307E-5,4.743311552690663E-5,5.66642969182563E-5,4.6380551613080225E-5,3.803086254204339E-5,3.235946457930616E-4,4.881348619875138E-6,1.2056978136387615E-5,1.0851115001056878E-4,6.098651327704745E-5,1.2346739760277534E-5,7.108999973612113E-5,3.745509073889783E-5,7.382576534661394E-5,1.7229399610061466E-5
0.6634026230330954,7.499710691747463E-6,3.6492043109515194E-5,2.6607085175015435E-5,7.852263747723985E-5,7.864863263843908E-6,5.366189968567863E-6,7.962142056163108E-5,8.9966059734644E-5,1.5957460611406747E-5,4.1234557407226786E-5,1.7846446027782293E-5,2.0030609590333668E-4,2.8979889728366274E-5,1.2973965828011588E-5,1.4272262474276194E-4,6.829388792948896E-5,8.364712618492994E-5,5.154362994697771E-5,2.8377367249191713E-5,1.3259165701882164E-4,8.392978319511757E-7,3.914244099950658E-5,1.98640388688832E-5,6.106757721332628E-5,3.4565037422705958E-6,8.907819964366555E-5,3.5507559107355476E-5,2.4538836126318913E-5,8.963939441058554E-5
0.9997042684752235,2.3761264822635663E-7,3.6615431952225264E-5,2.6540509967621503E-5,4.159897137306675E-5,4.886910306244806E-6,1.32870568286493E-7,4.003982389556942E-5,6.953980074736892E-5,1.5028885083417909E-5,2.6857857938675744E-5,3.032320017445456E-5,2.0430222657864263E-4,5.3430693954148406E-5,5.178094459759315E-6,7.814663062195914E-6,7.468936812575533E-5,1.4829660464951339E-5,2.174432831831443E-5,4.480742960187176E-5,3.048275426327415E-4,4.457984250400892E-5,2.7091948206426695E-5,1.69099127406125E-5,9.106805724796477E-5,2.4266014587667267E-5,9.936197977395176E-5,6.751188225326413E-6,8.347175272094922E-5,1.292437584071213E-5
0.7551198905739632,0.015997905692276625,5.717250183951616E-6,2.24798821801328E-4,6.433191627714444E-5,2.46349481817742E-5,3.1038441083372883E-6,3.44058977981949E-5,1.3695778364969475E-4,9.514655921547877E-5,3.938340927192156E-5,1.2356233534817774E-5,1.4504043918651953E-5,1.1834083517076307E-4,9.649881055946211E-6,3.791688996068207E-4,5.7282074628279466E-5,2.2755765571661785E-5,4.763324693254573E-6,4.66267907840057E-5,2.988982682877197E-4,4.138898025017183E-6,3.019757950989908E-5,8.32209407277636E-5,1.4567594814632567E-4,1.0672531233373518E-5,1.0956027743246107E-4,4.606555947859516E-5,9.410291647383892E-5,2.4971398503281902E-5
