0.8545669835701551,8.57177572051674E-5,8.935937049230557E-4,0.02338970582536509,0.008792220278434178,0.021875678778224564,0.009919960274439215,1.9601839727231493E-4,0.0016656374500246224,4.944836404150738E-4,0.013804564341683628,0.03874177394296911,3.881955039784007E-5,0.012736400814491986,0.013336649144698025,0.004652157118933125,0.012716972968734652,3.6375395877824725E-4,0.005244923869862924,0.027459988114762496,0.0,0.0,0.0013394729641431138,0.08676119463519555,0.023218724282612728,7.256202349718505E-4,0.005601925567959012,0.0038361798994800203,8.814206140329184E-4,0.0
0.8474015493596722,0.0,8.965938992792002E-4,0.027402687243423922,0.01284148458401888,0.019937412315425056,0.010256032925129013,0.007662686159279893,0.004533411069899625,4.395410137022879E-4,0.015305009013880785,0.03735796824954571,1.9235450262078003E-5,0.012352007362240486,0.008729099350862374,0.004721635564484626,0.010047833869235396,3.264922304774726E-4,0.004932999322436373,0.020392641117719663,0.0,0.0028212179210920924,0.020672364980912072,0.05388841948947146,0.018247530352434885,0.0,0.0016102070799737722,0.0021583002391931927,7.83484990251483E-4,2.641342436513442E-4
0.8474015493596722,0.0,8.965938992792002E-4,0.027402687243423922,0.01284148458401888,0.019937412315425056,0.010256032925129013,0.007662686159279893,0.004533411069899625,4.395410137022879E-4,0.015305009013880785,0.03735796824954571,1.9235450262078003E-5,0.012352007362240486,0.008729099350862374,0.004721635564484626,0.010047833869235396,3.264922304774726E-4,0.004932999322436373,0.020392641117719663,0.0,0.0028212179210920924,0.020672364980912072,0.05388841948947146,0.018247530352434885,0.0,0.0016102070799737722,0.0021583002391931927,7.83484990251483E-4,2.641342436513442E-4
0.8572204489961249,0.0,5.307268989476401E-4,0.024323561725315287,0.011185934721511338,0.017410103734852612,0.01521601306234862,0.0,0.0028363125930940657,6.867828339098248E-4,0.014998536978101301,0.04736392738483637,3.8645225460998036E-5,0.013010865441935566,0.015397423923211386,0.0037249336439448264,0.016406320353602722,5.083692098665963E-4,0.007555461257367835,0.028436671818024936,0.0,0.0,0.02134210146298363,0.08978554245128331,0.024542817039573513,0.0,1.980154696854938E-4,0.0036522353143815176,0.0012241952972679422,1.9188847329431745E-4
0.8572204489961249,0.0,5.307268989476401E-4,0.024323561725315287,0.011185934721511338,0.017410103734852612,0.01521601306234862,0.0,0.0028363125930940657,6.867828339098248E-4,0.014998536978101301,0.04736392738483637,3.8645225460998036E-5,0.013010865441935566,0.015397423923211386,0.0037249336439448264,0.016406320353602722,5.083692098665963E-4,0.007555461257367835,0.028436671818024936,0.0,0.0,0.02134210146298363,0.08978554245128331,0.024542817039573513,0.0,1.980154696854938E-4,0.0036522353143815176,0.0012241952972679422,1.9188847329431745E-4
0.8406760836080596,0.009053223529619394,7.817776591986669E-4,0.027777898732915966,0.006853034388813111,0.016380624377284776,0.006853395526138527,0.023145055754197567,0.006588390500214142,6.0185896445673044E-5,0.015945610066809723,0.03545708170997624,0.0,0.00983260181817635,0.003487560835709098,0.0061868841015690155,0.007676283345421369,7.505525293665153E-5,0.003252352319331605,0.02445445479556173,0.0,0.008507852681927042,0.010846418722613375,0.023176159621039243,0.01277421885180009,0.0,3.9038748370062715E-4,2.19807841408374E-4,4.112256858505844E-4,0.0
0.8393189588270203,0.01357983529442909,2.84033719544299E-4,0.0326086788051538,0.0,0.006328587633239558,0.005489072194833527,0.02553252888359611,0.009882585750321214,0.0,0.016387318800736496,0.046316206136054354,0.0,0.009237416618763077,0.0,0.008054439702715795,0.0061715200568702375,0.0,0.0024686477093378663,0.028361855115193707,0.0,0.012761779022890564,0.0,3.4621261315951127E-4,0.012400750371490013,0.0,0.0,0.0,2.4457922437497805E-4,0.0
0.8390751628328008,0.009053223529619394,0.0011868104529170558,0.02287586611858885,0.01341368488589786,0.024390070567578675,0.006516400157948283,0.030251449749996516,0.0043216849652643295,2.1977050685114395E-4,0.016025022002783114,0.023568266696981765,4.878609322473477E-5,0.008260714174919455,0.005065759860773827,0.005433168092742167,0.007931918714478976,1.632461152387363E-4,0.0024664996612181866,0.022577961314850792,1.2139691241713124E-4,0.00722192941529236,0.02340691481923415,0.030649976694702864,0.009123765176217442,0.003935850381187599,0.005476067830872259,0.001282942115706611,3.917424951257415E-4,7.714602854371878E-4
0.8377388114376008,0.014732917674932806,1.6619670050628614E-4,0.034169034982421576,0.0,0.003190578047374366,0.0036031401645677673,0.028247307236936508,0.010778469632044443,0.0,0.016457076104014732,0.048635012924813134,0.0,0.009366139003531823,0.0,0.008506425413495852,0.0052657942613654595,0.0,0.002581793572618013,0.027446267331474785,2.5903105379584256E-5,0.01444706373588182,0.0,0.0,0.00994352776870109,0.0,0.0,0.0,1.0985278290585182E-4,0.0
0.8372295053575056,0.016462541245688384,0.0016520570406277518,0.03128515906912245,0.007694787126048359,0.01861427632426222,0.0013236874504781128,0.054980049383246146,0.00928891353594202,6.0185896445673044E-5,0.017759331918809795,0.03004022943669042,0.0,0.011843796079446932,0.0,0.007053713859777751,0.0024180804700145685,1.1774445205538963E-4,0.00319572809614035,0.017288040400345296,2.1650390397037468E-4,0.012231021425280307,0.0,0.0,0.00926668150198107,0.0,5.039412757309016E-4,0.0,4.417980888974567E-4,7.729731970316771E-4
0.8359148680539616,0.011359388290626826,9.511364148410301E-4,0.0259965784731244,0.010789343987195657,0.01811405139584829,0.0027445360974167636,0.03568100645667731,0.006113452728710788,0.0,0.016164536609339586,0.028205880274499332,7.4747669398051375E-6,0.008518158944456948,0.0017903405055814936,0.006337139514302281,0.00612046712346942,3.415135929499048E-5,0.0026927913877784803,0.020746785747412948,1.7320312317629976E-4,0.010592498841274871,0.003097030177168038,0.007921630871036547,0.004209319970639596,0.0014702212877577472,0.004266489857796465,3.692029141995917E-4,1.2228961218748902E-4,6.183785576253417E-4
0.8499913176599871,0.0,0.0013865092651349604,0.034740730829576995,0.0139132483110835,0.02323044146034247,0.0027552831576504178,0.015757494330946618,0.005297689118188825,4.395410137022879E-4,0.014416830932845383,0.03785623819893952,0.0,0.0180613496897914,0.00696764077020243,0.004972585648907924,0.004760923594350636,3.229424299685632E-4,0.001571407314546771,0.008697994750539782,0.0,0.0022993005901173367,0.004003939252094843,0.06137189384525738,0.023561605806602624,0.0013207948173480383,0.0026308751722558415,0.0023786631176348633,7.83484990251483E-4,0.0
0.8349291842972496,0.01356120099938449,0.0016253277055861758,0.029547956861582358,0.012103320003449262,0.02693029593936945,0.0,0.05723761473977869,0.005059834403635742,0.0,0.014417508413242597,0.018729855672387795,0.0,0.011418684655101825,0.0,0.006645560960012724,0.0,0.0,0.0,0.011371926714151947,0.0,0.010853944486398185,0.0,0.014966948711571832,0.010628150908335476,0.0037042620786860883,0.008426308788535569,8.483097491033704E-4,0.0,0.0
0.8336771857923342,0.024887047558931036,0.0018257302688278218,0.01778366683795716,0.005688333142318558,0.02961364990934734,0.0020884445447169765,0.06809624547646095,0.0034298306396272327,0.0,0.015558902892278372,0.00937984890156344,0.0,0.004477092236825324,0.00140242037068528,0.0075571160170613515,6.772605368905479E-4,0.0,0.0,0.030449244869057895,0.0,0.01261689665480516,0.0,0.014895008255720179,0.003248061321204842,0.0031153270283591824,0.01355508297603853,8.317388667717144E-4,0.0,5.754056281313516E-4
0.8332736496465661,0.0,9.27921181040355E-4,0.016942735983958675,0.025145398122548963,0.022457810326984073,0.00797575096597789,0.027026539774535993,0.0,0.0,0.014587303427827858,0.01836729431065315,2.5384315657551976E-4,0.007258960565104788,0.007879438442275302,0.003093938200944249,0.01108064181046161,1.4370503819778076E-4,0.00604720855499896,0.011498089183812251,7.284184803749514E-4,0.005498934648680804,0.06912108411114788,0.01617103045795864,0.010298131244602611,0.003994598705109887,0.0047670748716158,0.0010692276645783375,0.0,0.0023240612477847247
0.8319550279610604,0.017935011544828454,0.0011094575643948328,0.01934236938206861,0.02407208301637978,0.019944794948760624,0.007905428638213191,0.04669357687273611,0.006239238899164953,0.0,0.016084410159738556,0.008420789189472774,6.23096946965617E-5,0.003967516165260783,0.0013104806884770073,0.006401848283652077,0.004376568471321826,0.0,0.0,0.021913002361899435,3.560598766975243E-5,0.01003469237966461,0.039638443246932546,0.0,0.0,0.0,0.005733749658868437,2.501596693257097E-4,0.0,0.0012252781872839165
0.8313477553715531,0.014818635432137975,0.0019760577993249077,0.02392668514257579,0.018543408470149594,0.02746012853557241,0.0,0.06366998725809717,0.005401046071455756,0.0,0.01722516304974169,0.012521094851272105,0.0,0.009379450002433249,0.0,0.005770159227499095,0.0025809632509310064,8.53783982374762E-5,0.002804471024611386,0.010892463238748155,4.3300780794074936E-4,0.011628424549099922,0.02209260898598138,0.0,0.0024974588385347236,0.002785017778444807,0.007186518957680958,0.0,6.114480609374451E-5,0.0015459463940633543
0.8307487763059296,0.01810644705923879,0.0014770270065549115,0.018349044993753772,0.013985885187776843,0.028842728819732297,0.002776767390767553,0.052840213340713135,0.004109958860629034,0.0,0.016745034991685448,0.009778565144417821,0.0,0.004169420987598424,0.00140242037068528,0.006144700620999706,0.005816003559722557,0.0,0.0,0.02476328151198192,0.0,0.011622640909492627,0.026141464657556228,0.007411533899934262,0.0,0.003123334134507227,0.009341928581770746,4.075839922200292E-4,0.0,0.0012059899573220187
0.8499913176599871,0.0,0.0013865092651349604,0.034740730829576995,0.0139132483110835,0.02323044146034247,0.0027552831576504178,0.015757494330946618,0.005297689118188825,4.395410137022879E-4,0.014416830932845383,0.03785623819893952,0.0,0.0180613496897914,0.00696764077020243,0.004972585648907924,0.004760923594350636,3.229424299685632E-4,0.001571407314546771,0.008697994750539782,0.0,0.0022993005901173367,0.004003939252094843,0.06137189384525738,0.023561605806602624,0.0013207948173480383,0.0026308751722558415,0.0023786631176348633,7.83484990251483E-4,0.0
0.8290723653244405,0.0,9.27921181040355E-4,0.03067871317317559,0.02869842409436583,0.025388453760139366,0.0013766456921011534,0.026725550468283052,0.006420090845639344,0.0,0.016789772612056747,0.019527288158096557,0.0,0.010803342156648025,0.0,0.003820730167889432,0.004059231390077343,0.0,0.003313781784189116,0.0,0.0,0.008865432995773116,0.0770820964881298,0.0,0.004132028265925792,0.0037202762909821782,0.0,0.0,0.0,0.0012611686583813343
0.8287647094975371,0.018192164816443958,0.0022390030951818483,0.020102918402890475,0.020141679070440188,0.032824467247514415,1.6115646675394796E-5,0.07224959070011508,0.004399299137414879,0.0,0.017515412240914623,0.0033074372862313493,0.0,0.007205081024003987,0.0,0.005673939780847808,0.002428731469057575,6.830271858998096E-5,4.199420233043914E-4,0.012900711121032641,3.464062463525995E-4,0.0121434955832088,0.033614826226175475,0.0,3.9279885321492555E-4,0.0036115742018195474,0.009724238319668099,1.9190539010218767E-5,0.0,0.0018397520939116927
0.8287647094975371,0.018192164816443958,0.0022390030951818483,0.020102918402890475,0.020141679070440188,0.032824467247514415,1.6115646675394796E-5,0.07224959070011508,0.004399299137414879,0.0,0.017515412240914623,0.0033074372862313493,0.0,0.007205081024003987,0.0,0.005673939780847808,0.002428731469057575,6.830271858998096E-5,4.199420233043914E-4,0.012900711121032641,3.464062463525995E-4,0.0121434955832088,0.033614826226175475,0.0,3.9279885321492555E-4,0.0036115742018195474,0.009724238319668099,1.9190539010218767E-5,0.0,0.0018397520939116927
0.8269717231633777,0.0,9.27921181040355E-4,0.037546701767784046,0.030474937080274267,0.026853775476717013,0.0,0.02657505581515658,0.009630136268459016,0.0,0.01789100720417119,0.020107285081818263,0.0,0.012575532952419644,0.0,0.004184126151362023,5.485261798852093E-4,0.0,0.001947068398784194,0.0,0.0,0.010548682169319272,0.08106260267662077,0.0,0.0010489767765873826,0.0035831150839183237,0.0,0.0,0.0,7.297223636796391E-4
0.8268666476876169,0.0,0.0,0.01935857371316679,0.0,0.024406715177781438,0.012965133054313332,0.017464630630363465,0.0010304579711909903,6.992989832518837E-4,0.017162074128217096,0.032878251817764124,3.3369681366655484E-4,0.002869391917749385,0.0040627135199589,0.004799916292226347,0.014029002100950073,0.001050188270580938,0.011717090267264332,0.01568745198548652,0.0013289868412834473,0.0068053283831288145,0.0775995317366932,0.012511972623610505,0.0,0.004292699385466747,0.0017880409323870411,3.14848645788639E-4,7.524599340396488E-4,0.0033356661476682922
0.825960671099977,0.011325846559546543,0.001198929796073426,0.02286613402052523,0.02696809511949658,0.02933286175776844,0.002776767390767553,0.03400356922292477,0.005512290216276335,0.0,0.018080144100278358,0.0106257744833963,0.0,0.006562585277533531,0.00140242037068528,0.004151552569118886,0.006216971964838183,0.0,0.002432001732501644,0.019077318154905945,0.0,0.009870298626036448,0.07561882415924497,0.0,0.0,0.003795742202403314,0.005128774187502961,0.0,0.0,0.0015862347181261707
0.8253529738853443,0.0,0.0010691332846232047,0.03858213491512527,0.03806773986688874,0.02791056181544174,0.0,0.019564326504201958,0.007864497114930345,0.0,0.01708772663042842,0.020424274350344752,0.0,0.01620501323497204,0.0,0.002659264856251084,8.019368102312537E-4,0.0,0.004864003465003288,0.0,0.0,0.007349259919485826,0.09895471900337748,0.0,0.0061980423988886885,0.005049078214478262,0.0,0.0,0.0,7.604895216083037E-4
0.6487883570948227,0.0028809912000988935,0.0,0.004352281405499942,0.0018224013498025042,0.006231229543045803,0.0027493910034181806,0.03476767131381679,0.005641913259641791,0.0068742354350361575,0.0033655087829187217,0.012443267629548956,1.0428025427079837E-5,1.082091622927643E-6,6.160790207242915E-4,0.00179202447349084,0.0020372806556199037,4.5896135934435606E-4,7.390804173496659E-4,0.0095941309712067,0.0032026438435024365,0.026834111168312864,0.019860163483686615,0.0,0.015206008742977693,0.002881316259516247,0.0038239010750619135,0.0,3.322888158026813E-4,0.0
0.6482828310631223,0.008543914479872166,1.355043075165355E-4,0.0,6.898036941366086E-5,0.007470772683571517,0.004137774698801958,0.033002015829794444,0.00358299023355045,0.0068742354350361575,0.0034600772309723053,0.007702512330337974,1.0428025427079837E-5,0.0,0.0013172892060669314,0.0017757376823692712,0.0048715035480963904,4.5896135934435606E-4,9.815470842083908E-4,0.01913279004865967,0.0032026438435024365,0.02649491939667145,0.017138274224998713,0.0,0.014681520354684003,0.0029876298187587426,0.0063882881688133945,0.0,3.322888158026813E-4,4.282561772232658E-4
0.649722523335134,0.0,0.0,0.007379331798934607,0.0030405932258928204,0.008606969042179335,0.007137393912925336,0.02663126324299412,0.004974882158605244,0.0,0.003385234660755922,0.017418609034250347,0.0,0.0,0.0013043179286015359,0.0032875855827996523,0.0,8.202287912725177E-4,6.504852786093482E-4,0.0,2.2707211969103316E-4,0.030137989134787622,0.03878627931357445,0.0,0.01052208235721934,0.0041785960125168015,0.005980669068897448,0.0,0.0010764721299757786,0.0
0.6513268157453351,0.005761982400197787,0.0,8.543866294693746E-4,0.0021216334338169246,0.00332040507056941,0.0019300850503736933,0.03682960928988349,0.005510134274099179,0.013748470870072315,0.002885590876099394,0.007552682576289651,2.0856050854159674E-5,2.164183245855286E-6,5.799990771478149E-4,0.0029911222186176246,0.0,5.078083230524533E-4,0.0012885729261710506,0.0,0.005461603461401742,0.01984620516192863,0.03972032696737323,0.0,0.008273978052430528,0.0022797849702514113,0.005575224230708885,0.0,1.263415666174732E-4,0.0
0.6513268157453351,0.005761982400197787,0.0,8.543866294693746E-4,0.0021216334338169246,0.00332040507056941,0.0019300850503736933,0.03682960928988349,0.005510134274099179,0.013748470870072315,0.002885590876099394,0.007552682576289651,2.0856050854159674E-5,2.164183245855286E-6,5.799990771478149E-4,0.0029911222186176246,0.0,5.078083230524533E-4,0.0012885729261710506,0.0,0.005461603461401742,0.01984620516192863,0.03972032696737323,0.0,0.008273978052430528,0.0022797849702514113,0.005575224230708885,0.0,1.263415666174732E-4,0.0
0.6487883570948227,0.0028809912000988935,0.0,0.004352281405499942,0.0018224013498025042,0.006231229543045803,0.0027493910034181806,0.03476767131381679,0.005641913259641791,0.0068742354350361575,0.0033655087829187217,0.012443267629548956,1.0428025427079837E-5,1.082091622927643E-6,6.160790207242915E-4,0.00179202447349084,0.0020372806556199037,4.5896135934435606E-4,7.390804173496659E-4,0.0095941309712067,0.0032026438435024365,0.026834111168312864,0.019860163483686615,0.0,0.015206008742977693,0.002881316259516247,0.0038239010750619135,0.0,3.322888158026813E-4,0.0
0.6462498984443104,0.0,0.0,0.00785017618153051,0.0015231692657880838,0.009142054015522197,0.003568696956462668,0.0327057333377501,0.005773692245184404,0.0,0.003845426689738049,0.017333852682808258,0.0,0.0,6.521589643007679E-4,5.929267283640554E-4,0.004074561311239807,4.1011439563625883E-4,1.8958790852828116E-4,0.0191882619424134,9.436842256031312E-4,0.0338220171746971,0.0,0.0,0.022138039433524857,0.0034828475487810834,0.0020725779194149412,0.0,5.382360649878893E-4,0.0
0.6445808536936809,0.0,0.0,0.005314641026311058,0.006138639508619116,0.007760331600691679,0.00825808379799198,0.016154091720792046,0.005322368082936601,0.0,0.0029674792313603288,0.01730802131387612,0.0,0.0,2.886395486118112E-4,4.4469504627304155E-4,0.003186629058624447,9.486333234549803E-4,3.81202368989131E-4,0.012629624556337194,0.0016847846953628592,0.032002726544390646,0.035693534485219905,9.425612375929112E-4,0.03641361436950756,0.0024887114200833225,0.004624267882171507,0.0,0.0019535142594158013,0.0
0.6423617886152917,0.002692424440986943,0.0,0.0072459494335251114,0.0016656098559825016,0.008291357632864427,4.0347515124324626E-4,0.02457658195613515,0.006372471852669088,0.007934440900141237,0.0049437085842276695,0.013628010725247186,0.0,1.7313465966842289E-6,0.0,0.007176442527837945,0.0017917272521514158,2.0968765218603154E-4,7.791259398749306E-4,0.011263301136751978,0.007310068618931704,0.03772035643533239,0.04253627412629626,0.0,0.007835104774053352,0.0039009659411151486,0.002599458365093589,0.0,1.263415666174732E-4,0.0
0.6397810780354783,0.0,0.0,0.013158299417479818,0.0,0.011107726022318168,0.0,0.026577454682527462,0.006392149715884003,0.0,0.005993941061175548,0.019231523835067123,0.0,0.0,0.0,8.893900925460831E-4,0.002658066937171285,0.0,4.107434249227444E-6,0.025259249112674388,0.0011742676068928,0.0402853896126576,0.01195871844323075,0.0018851224751858225,0.006909839095412407,0.0053470891583382,0.0,0.0,0.0,0.0
0.63802997517172,0.0,0.0,0.015091265278324856,0.0,0.012942652548914867,0.0,0.020692280450516395,0.006579526520478951,0.0,0.0068302711101949284,0.020572806372237677,0.0,0.0,0.0,0.007472905892019973,0.0020421352591057755,0.0,0.0,0.010482569474396672,0.00117484185298377,0.0415860979880609,0.03823883547596511,0.0,0.0059049475233976245,0.006543270009197029,9.177566150337826E-4,0.0,0.0,0.0
0.6363071695847828,0.010010318782668158,0.0,0.008668182125563511,0.0015691317112548641,0.00665633745658595,1.7877230713581396E-5,0.016642897265060748,0.006505651780966212,0.0,0.004849788117083032,0.015897229983534208,0.0,0.0,0.0,0.004168436524772054,0.0015153875082141765,0.0,1.6027217107971256E-4,0.02242812136151625,0.002335929497379816,0.04154445334270328,0.03457268254590354,0.0011874589974836258,0.007204723699102926,0.0027700350399784395,0.0,0.0,3.403769462128336E-4,0.0
0.6358818298785645,0.016492219780045735,0.0,0.01634698217090267,0.0,8.077929032983128E-4,0.0010535556624396633,0.01909187415831165,0.005774510171180129,0.035020980524761325,0.007837499810418385,0.013953213167411011,0.0,0.00586580871844836,0.0,0.008430400555802749,0.0015445680282771116,7.745483426528949E-4,0.007066244580589014,0.0032542975016957056,0.0,0.04368684847376131,0.039556107461090714,0.016443516481856386,0.0029590911865392377,0.006145071641499498,0.01149563525517206,0.0,6.68452017498814E-5,0.0
0.6339790891435562,0.0018944534860169584,0.0,0.016228913250216005,2.298122273339015E-5,0.010812997051973201,0.0,0.0205125777501139,0.006694472595964649,0.0,0.006875834248953082,0.021896203897981827,0.0,0.0,0.0,5.929267283640554E-4,0.002016478143908273,0.0,2.836317643004682E-4,0.03215993871599803,0.0019487088672174775,0.044345506337870585,0.03784641940685797,0.00934191614616365,0.006348717088111565,0.00580393737285392,4.588783075168913E-4,5.920669088065396E-4,0.0,0.0
0.6326041488293435,0.009493804203934992,0.0,0.02107910159706315,0.0,0.005211967651731222,2.466053599531708E-4,0.019726926544544287,0.006293084332207724,0.007556029165052035,0.008704350936492869,0.02053162953335223,0.0,0.0034984914012171947,0.0,0.0024714966894812933,0.0018504073026815615,3.551730382808318E-4,0.003893911013181117,0.0,0.0,0.04648831164127887,0.03452656971057051,0.017556761010216033,0.0025572771329440097,0.007538164011134573,0.011981658399631067,0.0,0.0,0.0
0.6319753851032274,0.004279031468737763,0.0,0.016384595905350886,2.872652841673769E-5,0.010172171072500878,1.233026799765854E-4,0.01712270676363458,0.006985193262590183,0.0,0.007217493189371103,0.021369549698404204,0.0037139625766248185,0.0,0.0,0.006408203654330053,0.006191151834397348,1.775865191404159E-4,0.0014927250746082869,0.009028544180722582,0.0018484651575299618,0.045317411109762964,0.04185918948500054,0.00735323725249935,0.005664359320108062,0.005459227996000987,0.004087554579102594,0.0,0.0,0.0
0.6331657338088128,0.008679464403840893,0.0,0.020349217979619784,0.0,0.00669837998988728,2.466053599531708E-4,0.016491987477450332,0.006214417649779261,0.005914420702953848,0.008433006298898383,0.020241840425815297,0.0037139625766248185,0.0019612914929682057,0.0,0.0034586316898503793,0.001795445752266957,3.551730382808318E-4,0.0034725708009796423,0.0,0.0,0.04579092615352842,0.03794119784947507,0.017616974505628484,0.0025572771329440097,0.007271426809904714,0.00826839003350804,0.0,0.0,0.0
0.6289161826963756,0.0,0.0,0.015423866958780497,5.745305683347538E-5,0.01316187359451211,0.0,0.02119767562162438,0.00791963112158926,0.0,0.0068900728988780125,0.024619876565006284,0.0,0.0,0.0,0.008370640618440641,0.01068689352670799,0.0,0.0,0.06424425687136694,0.0036969303150599236,0.04674905939319141,0.0401846895403931,0.0,0.00848729960361167,0.004729347993360455,0.0,2.960334544032698E-4,0.0,0.0
0.6276041862468995,0.017248884230421386,0.0,0.01327410287466779,0.0031382634225097282,0.006214244001068499,1.7877230713581396E-5,0.007545581866440401,0.0069591361010871815,0.0,0.006172627898749334,0.019894250077906264,0.0,0.0,0.0,0.0037237414784990126,5.530043183196581E-4,0.0,5.795586661565737E-4,0.032779155766501714,0.0034975913878668324,0.047634628430522755,0.04847519288366291,0.012372649503950367,0.006363040688151663,0.003455307361752019,0.0,5.920669088065396E-4,6.807538924256672E-4,0.0
0.6319753851032274,0.004279031468737763,0.0,0.016384595905350886,2.872652841673769E-5,0.010172171072500878,1.233026799765854E-4,0.01712270676363458,0.006985193262590183,0.0,0.007217493189371103,0.021369549698404204,0.0037139625766248185,0.0,0.0,0.006408203654330053,0.006191151834397348,1.775865191404159E-4,0.0014927250746082869,0.009028544180722582,0.0018484651575299618,0.045317411109762964,0.04185918948500054,0.00735323725249935,0.005664359320108062,0.005459227996000987,0.004087554579102594,0.0,0.0,0.0
0.6245435208481201,0.007793321427936619,0.0,0.02636469047971115,0.0015691317112548641,0.01092216453327739,0.0,0.01458171191274344,0.00714038398844032,0.0027360141034969802,0.009722159524977455,0.029000633448028584,1.3932369975645098E-4,0.002871386904366498,0.0,0.0,0.0014898476269997775,0.0,8.479093746496789E-4,0.021353510210474803,0.0017487956939334162,0.05208553513798994,0.03245252209817155,0.024433468009389725,0.003406826172768886,0.00864002670136084,0.0063271216473478895,0.001814767101451322,3.069543453378929E-4,0.0
0.6234982813186506,0.012848451295318256,0.0,0.020910373680801647,0.0031382634225097282,0.013196363787595384,0.0,0.0019129457510988655,0.007141784991269015,0.0,0.00809693134931918,0.026645985808737373,1.857649330086013E-4,0.0,0.0,0.001974270000738172,6.233774565530391E-4,0.0,0.0,0.049388501709141136,0.0034975913878668324,0.05107096881279566,0.0465929953965586,0.024375930478944197,0.005226473073509881,0.00618415939942564,0.0,0.0034197436921677847,6.807538924256672E-4,0.0
0.623465364431067,0.01762721645560921,0.0,0.01173766322655035,0.004707395133764593,0.008917469549953592,0.0,0.0017724357205047767,0.007551449066040708,0.0,0.005340191942914808,0.02286476853315389,0.0,0.0,0.0,0.0013704119398471443,5.722246334093138E-5,0.0,0.0,0.04754158489890472,0.005246387081800249,0.04960851840890348,0.052934735594949,0.010337216014997357,0.008065015438957875,0.0021104252218782796,0.0,8.881003632098094E-4,9.8770823776356E-4,0.06333976353111637
0.6206442214536723,0.009817114140492618,0.0,0.025143321766452825,0.0031382634225097282,0.014413200712432626,0.0,0.005570066263664934,0.007522236536091121,0.0,0.009110075640670758,0.031141397342483036,2.3220616626075163E-4,7.378412266956535E-4,0.0,0.0,8.537956740526925E-4,0.0,0.0,0.04604776106504537,0.0034975913878668324,0.05377297480402661,0.039574666661779764,0.02635769599573269,0.004821001259317042,0.0075552335904897055,0.002146286192942443,0.0033766222203335796,6.473312915507265E-4,0.0
0.623465364431067,0.01762721645560921,0.0,0.01173766322655035,0.004707395133764593,0.008917469549953592,0.0,0.0017724357205047767,0.007551449066040708,0.0,0.005340191942914808,0.02286476853315389,0.0,0.0,0.0,0.0013704119398471443,5.722246334093138E-5,0.0,0.0,0.04754158489890472,0.005246387081800249,0.04960851840890348,0.052934735594949,0.010337216014997357,0.008065015438957875,0.0021104252218782796,0.0,8.881003632098094E-4,9.8770823776356E-4,0.06333976353111637
0.619699544755183,0.009037290459810226,0.0,0.021846050336973868,0.003161244645243118,0.012699514823058682,0.0,0.008972333030587849,0.00796739670838027,0.010554069080397776,0.008589646177506752,0.0291167683434718,0.015529589054624333,0.0020937540700138747,0.0,0.004908940421339348,0.00507864020025332,0.0,0.0,0.0741525765937891,0.004858879328592425,0.05363922703766895,0.04084235760599063,0.01942803259977262,0.007059935929790184,0.006214090970193029,0.0,0.0036488173904184957,6.807538924256672E-4,0.0
0.45544366302087114,0.0069579888613666065,8.456287890178119E-4,6.595435595885555E-4,0.002686844526010144,0.0012777981487424894,0.012551028172047205,0.021831693751344187,0.0226122078263441,0.017894489476980552,0.0011696207747193576,0.001456076334974945,0.01745012652239016,0.019968135103745586,0.0045614340810001585,0.0043060426572197885,4.893024678923573E-6,0.0022970499047448908,0.0036527412556286673,0.04450743463058312,9.065598175182206E-4,0.06517046308303683,0.008519971902138152,0.041909290506955243,0.0015388715680280994,0.009115717437244987,0.011190267987993422,0.0013659252509052036,0.0031345529125130526,0.002899901645015009
0.4487326150721458,0.018414444374131343,0.0012568612257763349,0.0,0.0014209663864670572,0.0,0.01673395460834534,0.0244483225906117,0.011222214334048186,0.011391888880750947,0.024730589965755723,0.0,0.018295461413268318,0.024754378080305634,0.0027296736060549824,0.0,0.0,0.0014546335108200866,0.0,0.029735059222511392,0.004707526636024711,0.05751737689862958,0.012605157684707411,0.02780812497027641,0.0050882512232052,0.006859322469523598,0.014519013318782206,0.0,4.5996477191595367E-4,0.003372118620858534
0.45788116579941535,0.007788784595887305,0.0,5.862609418564937E-4,0.002686844526010144,0.0014526657350681666,0.013915550257763476,0.019547129502360018,0.023160311568444055,0.015567079514306305,0.0011514846257145652,7.457610328676402E-4,0.01724324842492056,0.01977808257809722,0.0045614340810001585,0.003137600469574642,4.349355270154287E-6,0.001996283962244383,0.004990302846481063,0.046984499537709806,0.0,0.06004722764769103,0.008461754859615856,0.04060442359600212,0.002020010091735682,0.00847968448741326,0.011315057899204749,2.6522942036177714E-4,0.002103399634615703,0.003042042148703788
0.45428193622454377,0.013382214509025735,8.456287890178119E-4,0.0,0.004255976237265008,0.0,0.012551028172047205,0.02114484365401841,0.02302532441316384,0.017347286656281158,0.0,0.0,0.017310802822633708,0.018372880433832284,0.0045614340810001585,0.0,0.0,0.0022970499047448908,0.003604789250069059,0.05117566366754393,0.002655355511451637,0.06481095222200335,0.014280736005902206,0.032304974825538735,0.00415210810478304,0.006229894294035498,0.011190267987993422,0.0,0.0034749298587258863,0.002899901645015009
0.45788116579941535,0.007788784595887305,0.0,5.862609418564937E-4,0.002686844526010144,0.0014526657350681666,0.013915550257763476,0.019547129502360018,0.023160311568444055,0.015567079514306305,0.0011514846257145652,7.457610328676402E-4,0.01724324842492056,0.01977808257809722,0.0045614340810001585,0.003137600469574642,4.349355270154287E-6,0.001996283962244383,0.004990302846481063,0.046984499537709806,0.0,0.06004722764769103,0.008461754859615856,0.04060442359600212,0.002020010091735682,0.00847968448741326,0.011315057899204749,2.6522942036177714E-4,0.002103399634615703,0.003042042148703788
0.45428193622454377,0.013382214509025735,8.456287890178119E-4,0.0,0.004255976237265008,0.0,0.012551028172047205,0.02114484365401841,0.02302532441316384,0.017347286656281158,0.0,0.0,0.017310802822633708,0.018372880433832284,0.0045614340810001585,0.0,0.0,0.0022970499047448908,0.003604789250069059,0.05117566366754393,0.002655355511451637,0.06481095222200335,0.014280736005902206,0.032304974825538735,0.00415210810478304,0.006229894294035498,0.011190267987993422,0.0,0.0034749298587258863,0.002899901645015009
0.45300616024232687,0.0061271931268459074,0.0016912575780356238,7.328261773206172E-4,0.002686844526010144,0.0011029305624168121,0.011186506086330934,0.024116258000328357,0.022064104084244147,0.0202218994396548,0.00118775692372415,0.00216639163708225,0.017657004619859758,0.02015818762939395,0.0045614340810001585,0.005474484844864935,5.436694087692859E-6,0.0025978158472453983,0.002315179664776272,0.04203036972345643,0.0018131196350364412,0.07029369851838263,0.008578188944660448,0.04321415741790837,0.0010577330443205168,0.009751750387076714,0.011065478076782095,0.00246662108144863,0.004165706190410403,0.0027577611413262303
0.4487326150721458,0.018414444374131343,0.0012568612257763349,0.0,0.0014209663864670572,0.0,0.01673395460834534,0.0244483225906117,0.011222214334048186,0.011391888880750947,0.024730589965755723,0.0,0.018295461413268318,0.024754378080305634,0.0027296736060549824,0.0,0.0,0.0014546335108200866,0.0,0.029735059222511392,0.004707526636024711,0.05751737689862958,0.012605157684707411,0.02780812497027641,0.0050882512232052,0.006859322469523598,0.014519013318782206,0.0,4.5996477191595367E-4,0.003372118620858534
0.4453770910977831,0.02414267213051371,0.0014624774441555964,0.0,7.880273166955137E-4,0.0,0.01882541782649441,0.025756637010245456,0.0055272175879002294,0.008140588582636145,0.03651107456127391,0.0,0.018718128858707397,0.027147499568585656,0.0018137933685823944,0.0,0.0,2.5294346654962797E-4,0.0,0.02234887151847553,0.006608010045277957,0.05369083380642596,0.01464775057599204,0.020757542201936995,0.00686294105079375,0.0057311249856629035,0.0161833859841766,0.0,0.0,0.0036082271087802967
0.441948473452558,0.007265030694007864,0.0023376657045284625,4.396957063923703E-4,0.001343422263005072,3.7659769488272883E-4,0.006957775128881738,0.023448351703438834,0.03307708108087606,0.01583322608139183,6.120146108668674E-4,0.0026849781514206262,0.01162922763957415,0.010269146340345342,0.0022807170405000792,0.005142528720937422,3.2620164526157153E-6,0.0023574539511826867,0.008392577209027231,0.039151280790338375,0.0031136027016025946,0.08699265166110753,0.008992293344333387,0.05108728466684527,0.00168738287859952,0.007582647914286526,0.016682986255318635,0.0023340063712677414,0.00582972080736029,0.002626911087519698
0.43738388101373726,0.0020255822546016776,8.949721700043126E-4,0.005168878432319009,0.01524794147728322,0.010331315995074584,0.010804205492557813,0.00988273951382735,0.028778348821384178,0.031679553687058326,0.002984679115191209,0.006689211789932372,0.002972203923374068,0.04690005932950772,0.0033296024483062923,0.02419632611154904,0.00264663754533713,0.005671604208478328,0.01193623218302523,0.028312382073788174,0.009509128550930033,0.02923699070020745,0.011909035631481341,0.05398571402629465,0.003060666461465149,0.008112203747897725,0.0016876086157703433,0.02073311455991653,0.00843335973570883,0.0023210202611937715
0.43513851958529415,0.0,0.003481201918044249,0.0050504876614802015,0.005670019701595901,0.0023976506498730715,0.0011289266207436775,0.008499712869225065,0.04586165714662612,0.029683880229472007,0.001142769526686498,0.007574541737400653,0.00909246618023484,0.01963381489812912,0.005114677405905788,0.023651427939105185,1.2012381972420017E-4,0.004431599768572466,0.01778042189247711,0.012427423647499294,0.003795703587451082,0.09852335188755079,0.009389545540264123,0.06642063946258897,9.380156822995788E-4,0.009667390635484848,0.011203505508094564,0.01093919341319666,0.010749760565553546,0.0017910788845401653
0.43139395383688883,0.001386223931768879,7.782851867944147E-4,0.007868791089220829,0.0,0.0024959095013380294,0.0013827250060148817,0.013064385969088679,0.07278293010826963,0.030208263341571534,0.0018714724068613223,0.00718702901962057,0.005651358223072649,0.015157630167243754,0.0,0.022783976013228735,0.0,0.001853514124892184,0.0,0.016940258959690854,0.005735369031857406,0.07945434997749208,0.02017484788711872,0.03125517401906406,0.0,0.015170893860705217,0.012440748816885136,0.004277280582968512,8.452511094338467E-4,0.0
0.4292080346453945,0.0,5.210196536987833E-4,0.011803186633831241,0.0,0.003743864252007044,0.0,0.010490920499342528,0.08658126238155049,0.04191752861346712,0.0028072086102919835,0.00988907649865866,0.005883190102434302,0.02273644525086563,0.0,0.032939119908983294,0.0,0.002022491102278796,0.0,0.004797227603799435,0.007302570481219956,0.0724589579996677,0.025617290001197217,0.019048217614303014,0.0,0.02068560102014138,0.007386086097188789,0.0064159208744527674,0.01360392372211457,0.0
0.4265836862368646,0.0,0.0037417117448936407,0.009447057133276215,0.0,0.0,0.0,0.004899667079206831,0.08071250219230477,0.0371683628901307,0.005793110357654659,0.010526511616843398,8.129482364898338E-4,0.007420914675991866,0.003588187012979049,0.03256706061138237,0.0,0.0030654891958044666,0.015678616357889703,0.0,0.003188070540699703,0.12719174887957296,0.01644651187402298,0.0547535117677633,0.0,0.01593299933370871,0.014087251106631903,0.005898739653401787,0.0149810561525422,3.888981897467634E-4
0.4214018999999042,0.011308279958257863,0.004626870854807714,1.2420798699598525E-4,0.0,1.9005934415913806E-4,0.006901052772718363,0.015236746949712141,0.029332110306273487,0.012733377054819245,0.0,0.0020078227070881504,0.006748150480110315,0.020606248767290787,7.255782280077179E-4,0.007859862192009183,0.0,0.0019369789612988988,0.008404240736470217,0.01919353871933145,0.006420828226199628,0.10351694372018262,0.00548504047919509,0.06091899102454471,0.0028499980735984167,0.009923020965995856,0.023093866008713063,9.401977363276224E-4,0.004792354472028235,0.002729507999103195
0.4187639227193102,0.01255210018630451,0.004950074918054134,0.0,0.0,0.0,0.004307326052096773,0.015366823157012635,0.03640878362415216,0.007693669431226905,0.0,0.001457272037530956,0.0024345175987165717,0.00881568734350575,0.0,0.004701320606331858,0.0,0.0011271909418749402,0.01163961245292226,4.0356725252266995E-4,0.004941610615802027,0.12309768619956199,0.004931692060515647,0.0644110422970251,0.002889694228052934,0.008919794945530662,0.028326735847753994,0.0,0.00486487855212279,0.002723503161979175
0.4179744259591084,0.0017619185235650562,0.01747619336652415,0.007901421379438327,0.018282522235532173,0.004831962650173287,0.013557572886597447,0.003946771307415984,0.002376362641294828,0.0345621928942544,0.003517848911893582,0.006267519058258817,0.008784204326668921,0.09266084446808555,0.009122868162000317,0.04363181653337219,0.005968976152331244,0.003992567924488766,0.002776806119389052,0.013335263897645822,0.036049152955458935,0.0890696776180627,0.007570947446792075,0.06723382791099757,0.0011001642866460305,0.02087916401200213,0.003682730651270038,0.015833103944934604,0.004206799269231406,0.0012819886400960798
0.4129009652496205,0.01255210018630451,0.006455500187341943,1.2420798699598525E-4,0.0,1.9005934415913806E-4,0.006325671627334209,0.01381450007392797,0.02494336933749563,0.013185345371542515,0.0,0.0017713587610865605,0.005371562047293929,0.02501409243904366,7.255782280077179E-4,0.008973678384315304,0.0,0.001742794347176889,0.005651497995439856,0.0,0.007591150467534489,0.1183432198533932,0.003305904679972046,0.06494917312611931,0.0026551903074780395,0.012312178667844745,0.025982196804451147,9.401977363276224E-4,0.004509079313831891,0.0027010885595474205
0.4109491250336733,0.012755543181501454,0.0036639855782163193,0.0013678985547618148,0.0,7.875377580842057E-4,0.006351092679411235,0.014909652014438057,0.024025828064857806,0.021837671892148778,0.0024817732999471375,0.0016038956956523679,0.0032604558660502807,0.023832652813148142,0.001751539361759825,0.009413916073483344,0.0,0.002829862407880915,0.005571237468186349,0.0,0.017883721899257125,0.10970737601601294,0.0057192313558011194,0.06516749346091319,0.0026270359731388787,0.01157184014676683,0.028305758806228175,0.004530899099030974,0.005171840217476944,0.002894503116771978
0.2561829233365601,0.005401545644566103,0.005898534713765869,0.03492680163863149,0.008079150273540364,0.0031183601977812264,5.642211280768817E-5,0.008338925850844378,0.011569887022782164,0.02208611846344716,0.0012089562026941962,0.0015497385021107962,0.020362402948464267,0.005084774313029365,0.0035099601392331588,3.7075919460044006E-4,7.700739888598777E-4,0.01487791464353386,0.025141274434993005,0.0028188238202943488,0.02975445916512298,0.017918417108668167,0.013184490917122978,0.02086159083119781,4.991012683108974E-4,0.0027788896805737424,0.010080798343359065,0.03678582680154327,0.0770256039023551,0.007523313714239482
0.2629627618500659,0.0,0.021803682224256188,0.03709680829860037,0.010758202983971028,0.0031018132513758257,9.301526020940986E-4,0.02655954784827618,0.01684503117480239,0.0,0.002683309249669226,0.0031913380915482873,0.02296936087324732,0.005350053360190019,0.006823430335667298,0.0,0.002726660481472047,0.009333432338330188,0.03024898879291846,0.00411281523839385,0.03487032849748577,0.0329282045529498,0.0026223048615638903,0.02157753536858021,2.5165418166215475E-4,5.656788343249286E-4,0.0011722695216514235,0.025269496525226778,0.05619794979709616,0.0066368609004922065
0.25476150427158106,0.008386579781323317,0.0010522224388905587,0.030570698394548897,0.0,0.001724297420728705,0.0,0.014934515287450037,0.020158665933948185,0.021832026550098225,0.0012889503113890483,0.0,0.020446687400428373,0.0,0.0020729434616609333,0.0,0.0,0.017154651185972734,0.027617263427496645,0.005314034953448208,0.028906130922824083,0.009842550001000337,0.011197458312841867,0.021138368550627184,9.84504131827839E-4,0.0,0.01899981568582962,0.02688606526568654,0.07706268188898359,0.008393830586759032
0.2629627618500659,0.0,0.021803682224256188,0.03709680829860037,0.010758202983971028,0.0031018132513758257,9.301526020940986E-4,0.02655954784827618,0.01684503117480239,0.0,0.002683309249669226,0.0031913380915482873,0.02296936087324732,0.005350053360190019,0.006823430335667298,0.0,0.002726660481472047,0.009333432338330188,0.03024898879291846,0.00411281523839385,0.03487032849748577,0.0329282045529498,0.0026223048615638903,0.02157753536858021,2.5165418166215475E-4,5.656788343249286E-4,0.0011722695216514235,0.025269496525226778,0.05619794979709616,0.0066368609004922065
0.26003128311522106,0.0,0.022556394858900094,0.03715891229209836,0.010758202983971028,0.0031968429234553947,0.0019393253897128163,0.02578338630673385,0.011112324031474125,0.0,0.002683309249669226,0.0033483814533260894,0.024437883097535997,0.013449255907958974,0.007186219449671157,0.0,0.002726660481472047,0.009641234040981161,0.02725493156417726,0.003911031612132515,0.036195098423352,0.030550971379865406,0.0018094111712920898,0.021846600783127314,1.3440222137470748E-4,0.00226187069548197,0.0,0.025739595393390588,0.056020050177950705,0.0066256535992763295
0.26003128311522106,0.0,0.022556394858900094,0.03715891229209836,0.010758202983971028,0.0031968429234553947,0.0019393253897128163,0.02578338630673385,0.011112324031474125,0.0,0.002683309249669226,0.0033483814533260894,0.024437883097535997,0.013449255907958974,0.007186219449671157,0.0,0.002726660481472047,0.009641234040981161,0.02725493156417726,0.003911031612132515,0.036195098423352,0.030550971379865406,0.0018094111712920898,0.021846600783127314,1.3440222137470748E-4,0.00226187069548197,0.0,0.025739595393390588,0.056020050177950705,0.0066256535992763295
0.25476150427158106,0.008386579781323317,0.0010522224388905587,0.030570698394548897,0.0,0.001724297420728705,0.0,0.014934515287450037,0.020158665933948185,0.021832026550098225,0.0012889503113890483,0.0,0.020446687400428373,0.0,0.0020729434616609333,0.0,0.0,0.017154651185972734,0.027617263427496645,0.005314034953448208,0.028906130922824083,0.009842550001000337,0.011197458312841867,0.021138368550627184,9.84504131827839E-4,0.0,0.01899981568582962,0.02688606526568654,0.07706268188898359,0.008393830586759032
0.2561829233365601,0.005401545644566103,0.005898534713765869,0.03492680163863149,0.008079150273540364,0.0031183601977812264,5.642211280768817E-5,0.008338925850844378,0.011569887022782164,0.02208611846344716,0.0012089562026941962,0.0015497385021107962,0.020362402948464267,0.005084774313029365,0.0035099601392331588,3.7075919460044006E-4,7.700739888598777E-4,0.01487791464353386,0.025141274434993005,0.0028188238202943488,0.02975445916512298,0.017918417108668167,0.013184490917122978,0.02086159083119781,4.991012683108974E-4,0.0027788896805737424,0.010080798343359065,0.03678582680154327,0.0770256039023551,0.007523313714239482
0.25085410542876263,0.008488301278921789,4.0917776897165126E-4,0.03125464767192981,0.0,0.002118066299770808,0.0010218833136572307,0.014705929716162747,0.013967188154301008,0.02890402778055916,0.002529836961362617,7.3311829060706E-5,0.020859656534095227,0.0075084827348211956,0.002948713142540846,0.01139137989721143,0.0,0.01800598691897572,0.02458307593512869,0.005112251327186873,0.03537718656455163,0.0031473949092258105,0.011591227960484604,0.02151659413257123,8.531750043708113E-4,1.4770817300492796E-5,0.04061429567165417,0.029151514815202027,0.07721616272166067,0.008479330564155433
0.24504802259126546,0.001651066297880323,0.04948078686229518,0.035063879511018546,0.0023975473336300904,0.0020701393729076743,0.0038786507794256325,0.06246619901858341,0.019152795932667464,0.014105190852184592,0.002374707507008994,0.0024197099296421254,0.021789347716707572,0.0063333096408398765,0.003317188771330546,9.042271250934208E-4,0.0012961652840375072,0.007805852501900367,0.029847913095379763,0.011286831054745532,0.0539655352073036,0.062087799707552446,0.0055679659832558554,0.016640367301178332,4.055589049204874E-4,0.010981071074450986,0.0038447337430611156,0.014775916877207777,0.03578750461751501,0.005268435666644496
0.23459720518380328,0.008865047843515283,0.04208175948144002,0.027026121493710982,0.002252338257867175,6.492550910160056E-4,0.0,0.010455211201194234,0.005512184265454352,0.01874592698383398,0.0,8.985493801491346E-5,0.02525816878008073,0.010076088283770334,0.005596862924881151,9.974219042742517E-4,7.072709479349279E-4,0.012493322903193526,0.01915933058044616,0.0035667698077397627,0.04726220693940907,0.09728617099742642,0.011612415204907125,0.022563116984144385,1.367544621710724E-4,0.008378959287034471,0.008543396385129746,0.022770624621596496,0.07310435630576052,0.005136879714386234
0.22929167171540313,0.008702885068209907,0.05071286917986273,0.029649061643745984,0.0,0.003912072346715674,0.0,0.011263150523481098,0.009890789360171745,0.009122992342706675,7.304314451920431E-4,0.0015191216293823193,0.028562906779722216,0.008986847792019156,0.009326436969643125,0.0024869708365619554,0.002210877446400328,0.01029595858312861,0.017448088367656673,0.00739832917755836,0.04632315932805166,0.12830477791598738,0.020341967380766872,0.011541328873850861,4.3745844673809655E-4,0.0024517183305657747,0.010009840025210985,0.028918443543999556,0.06997642896330514,0.004289322180230242
0.2230442697938625,0.011172884222404252,0.08884251753186764,0.023667337951402335,0.0,6.957633806010325E-4,1.7148879049221088E-5,0.0031879020069672252,0.0010747269856504495,0.001269677854017149,0.0,6.91152224942015E-4,0.0225364559196594,0.0068011432973677614,0.028468873141873595,0.0,2.786718371748649E-4,0.0010525387039718895,0.002781636347597002,0.10609703178514701,0.0404286970488312,0.12921804430393133,5.592338825610185E-4,0.011454808447587542,0.06890826403328854,0.015048051998715424,0.0,0.018427108391773438,0.05882861507712897,0.0023599292447800124
0.2151678168609189,3.632081268408289E-4,0.038104830294486434,0.050833262973534556,0.005761129214723758,0.011338035406746664,0.0,0.013873947160562899,0.0,0.023455439945089196,0.002498962208080938,0.005055133661199253,0.031104627539803323,0.005839056142523107,0.0,0.0,0.0,0.01816433097937165,0.03571759514051274,0.0,0.07870140288110497,0.13984341121148255,0.04702090970257634,0.0,0.0,0.003745608594268868,0.0,0.06822965120317075,0.08216756873530895,0.0054045873710915765
0.20696451975051045,0.006768025513652045,0.0975227012897949,0.042088773627592176,0.006234579182664469,0.005680052575135227,0.0,0.0014120770873959727,0.0,0.008588840903991448,0.001802282148705224,0.003410299061996345,0.0412063542114412,0.020061315424943313,0.025794798594300773,0.005631942364708575,0.009311299621152392,0.0015388266756180234,0.015074731794148762,0.01830103199368935,0.07776906192027427,0.1479117227193929,0.015957147110086514,4.155327962935239E-5,0.0,0.016796895285073724,0.0014487800805580353,0.005388098134599854,0.08053768131015486,6.28316329551821E-4
0.19832364708254108,0.009341780567457762,0.03867096320805842,0.007433288650729241,0.0,0.0,0.015718804854659978,0.01668437528453106,0.019641060201606764,0.007288654822853197,0.0,3.4228952560229846E-4,0.01786189195795298,0.0,0.0,0.0,0.0,0.004011522131031078,0.01853958685718462,0.05792983357989236,0.02635318272718558,0.11982699674657654,0.010664980155460793,0.017535650976351017,0.03445413201664427,0.014987349883983115,0.004017549574245634,0.023813277423116883,0.03142719935877441,0.005056826599349794
0.1860082718187468,0.006120290031059374,0.006663140091815328,0.0,0.0033087001370457666,5.965881853961779E-4,0.01580457429103017,0.017599381326324288,0.021457607542301887,0.026147835677401258,0.0,0.0,0.03315973686157253,0.02459274556797255,0.0070322324814221845,0.0,0.0,0.010048158909326314,0.0186577574490682,0.03546201891056874,0.027316911924587566,0.0954115088678293,0.01129495832687365,0.023699600064373195,0.0,0.010771802422045663,0.010932659309607339,0.01897237645323231,0.039700078308348805,0.006168430676680526
0.08049120512077547,0.007799475888754436,3.462103982627791E-4,0.0,0.002498976915223074,5.417647518290911E-4,0.02099738756764863,0.0,0.0076712821238704935,0.04724065573685417,0.0,0.0,0.040376783432634164,0.0331001982054925,0.00616350191258129,0.0,0.0,0.018704225060808065,0.015183737904980383,0.027408553241289928,0.024695249125470213,0.06896049262267231,0.018018556054085554,0.03714584497255453,0.0,0.010244566116325089,0.011522834102111345,0.052684114446702554,0.039661955366909356,0.007877800117178915
0.08049120512077547,0.007799475888754436,3.462103982627791E-4,0.0,0.002498976915223074,5.417647518290911E-4,0.02099738756764863,0.0,0.0076712821238704935,0.04724065573685417,0.0,0.0,0.040376783432634164,0.0331001982054925,0.00616350191258129,0.0,0.0,0.018704225060808065,0.015183737904980383,0.027408553241289928,0.024695249125470213,0.06896049262267231,0.018018556054085554,0.03714584497255453,0.0,0.010244566116325089,0.011522834102111345,0.052684114446702554,0.039661955366909356,0.007877800117178915
0.084537787968885,0.007056959341172887,0.0031584648467762742,0.0,2.8839731662446246E-5,2.7411716783543407E-5,0.024512472120758612,0.008799690663162144,0.022144425691121662,0.03611658161315852,0.0,0.0,0.03367628649951912,0.0230514575275612,4.343652844204472E-4,0.0,0.0,0.013393332712918564,0.02291918312716762,0.028570410821570854,0.023880191316731178,0.08046922274518606,0.012671043514011156,0.0343406850006428,0.0,0.012329631771274174,0.0092205424381459,0.04115402184720804,0.03097914237983761,0.007657204868553423
0.09229933286118014,0.006026500422982292,0.0017594328329214037,0.0,0.002182531008112179,2.719606398881751E-4,0.01952490285504613,0.016020749112231183,0.022740711728367335,0.035643297715866266,0.0,0.0,0.0388304143657112,0.03304550299381445,0.00642804931914067,0.0,0.0,0.01181068289797375,0.0191293222998912,0.040637835493251825,0.030111489653675095,0.08018543267040813,0.005488750724420088,0.03281919904258461,0.0,0.011641403647488046,0.009229296029772242,0.030203050402498627,0.042010599461655064,0.0068300771627663485
0.084537787968885,0.007056959341172887,0.0031584648467762742,0.0,2.8839731662446246E-5,2.7411716783543407E-5,0.024512472120758612,0.008799690663162144,0.022144425691121662,0.03611658161315852,0.0,0.0,0.03367628649951912,0.0230514575275612,4.343652844204472E-4,0.0,0.0,0.013393332712918564,0.02291918312716762,0.028570410821570854,0.023880191316731178,0.08046922274518606,0.012671043514011156,0.0343406850006428,0.0,0.012329631771274174,0.0092205424381459,0.04115402184720804,0.03097914237983761,0.007657204868553423
0.07863372409868266,0.007943447074058958,0.002451853629446962,0.0,5.630845644667938E-4,1.623137727540014E-4,0.025248714477059862,7.893161070465522E-4,0.01460971088887324,0.041915260623652466,0.0,0.0,0.0344494710329806,0.023078805133400226,3.0209158114075704E-4,0.0,0.0,0.01684010379433572,0.020946390929712212,0.021955769695589905,0.021172071052628735,0.07485675272131814,0.01893594617884389,0.03650400796562776,0.0,0.011631213005692694,0.010367311474315452,0.05239455386931,0.029804820332464756,0.008181066345759706
0.06240701296543084,0.004798162995821058,0.009154622474887117,0.02746714041167321,0.006493693760475295,0.007772008904765883,3.109173369824652E-5,0.008646852026714547,0.0066745473306500155,0.021019293427554882,0.003171364178292348,0.0013452606361599169,0.04998050567065283,0.01588264415646521,0.002243875170472715,0.005948515378067449,0.004518452963646341,0.013451944384520784,0.023384835313362513,0.04939668100058458,0.07304723188010967,0.10726077613434788,0.008067085597130767,0.0072764208106533435,5.66661928070014E-5,0.011191845740935876,0.013147778735188994,0.030020586033338327,0.05994124736007073,0.0032742437756191874
0.04717932726866997,0.008677468627361119,0.032274344963652175,0.022064104483258684,0.0,0.0,0.00744065712803192,0.007297946773008025,0.00807839263758525,0.03773685106076399,0.0,0.0,0.03659952378835806,0.026981603135454134,0.004388496600318124,0.0,0.0,0.016018370880488398,0.020102460282092158,0.013918402973105926,0.05285136239758413,0.0732013829433531,0.0,0.04080231494056722,0.0,0.010118161737919237,0.005136669825459553,0.04523197252012913,0.07772539861237304,0.006460172686557879
0.03177925461989933,0.007896552270020417,0.0,0.0,0.0,0.0,0.027108878759067843,0.0,0.015251262981905964,0.04666299164288497,0.0,0.0,0.03728480978504994,0.027305183846321177,0.0,0.0,0.0,0.01772136578865944,0.019903816619422733,0.024543677986931446,0.022569359917172502,0.06724371462260756,0.01603284237761711,0.041063807454733474,0.0,0.012066013618413887,0.009515629834397904,0.05800989084394316,0.030960080909117886,0.008511889588802618
0.01552180154120264,0.011788143089305071,0.009534813872015989,0.004674844598936748,0.0,0.0,0.036024068289607525,1.5752580369618333E-4,0.01842537170215504,0.06536392082877042,0.0,0.0,0.035492740331590875,0.031703186167232424,0.0,0.0,0.0,0.024749918913459446,0.023086412448412863,0.00855829950492381,0.011013616895301554,0.020166160508165817,0.0,0.062200296793353725,0.0,0.007504171633891696,0.01112396445359049,0.09493389718256338,0.023548521947331386,0.006077090527599198
0.0,0.015554815160894865,0.0,0.0,0.0,0.0,0.049578507669141444,0.0,0.02605100319310802,0.07696769667766831,0.0,0.0,0.06759699214306572,0.042436250019131455,0.0,0.0,0.0,0.024528436318103343,0.01517952318786786,0.020830138498389533,0.0,0.0,0.0,0.08273220052072046,0.0,0.011664374145964204,0.015881779370789443,0.0020206257337558042,0.0,0.007630741636454719
