9.613778089584413E-11,5.173752021152186E-5,1.6751339588504062E-4,1.97962045178904E-4,2.1302466688802194E-5,7.588562663913824E-5,2.2651313490622618E-4,9.264507749034459E-5,2.1067327678470454E-4,7.920501409286049E-4,2.4213697991555725E-4,1.8879186390203932E-4,2.3043158554918161E-4,3.93453744338743E-5,6.27057192014854E-5,3.994965485556278E-5,0.0015785200649192411,8.522617666009329E-5,4.981644597766145E-4,3.823483660303389E-5,4.502327591585843E-5,3.7104850631335595E-4,3.58226322902347E-4,9.448785266456454E-5,2.452906994085202E-4,6.2980639046504E-5,5.844139604136537E-5,2.5502107024497956E-4,3.621092384711043E-5,5.647358204142623E-5
0.8516110753777945,7.471461695029707E-5,5.298209773440408E-7,1.2560165783969155E-6,2.365794542406375E-5,3.8106105355869046E-5,2.7716443239762734E-5,2.710404208959296E-4,2.275147995388947E-4,8.348850277686312E-4,1.650917326508377E-4,2.2137292261082553E-4,2.1606447800772539E-4,6.314212192514256E-5,2.196013391155332E-5,3.6298099623519216E-5,4.2047125632707735E-4,4.328714394249617E-5,2.3162220750401323E-4,3.43798261559619E-4,4.135520725864094E-5,4.0566794681250217E-4,6.545416251472612E-5,5.6076394147786766E-5,1.6856136776790685E-4,1.3140196968048533E-5,4.951451926449133E-4,5.220416715410253E-4,5.112146349010936E-5,3.739662751607415E-4
0.45429017204464,3.9893235510690125E-5,1.738866374187123E-6,2.9427301727054806E-4,1.5233631542292203E-4,4.918869758186584E-5,3.3892167362902843E-4,8.870272862009631E-5,8.010875928778926E-5,1.5062025137309646E-5,3.490950125881054E-5,2.075602769429546E-4,7.731267555638079E-4,3.8654103068696006E-5,4.214786174828321E-4,7.497603135120666E-5,5.072813630344708E-4,1.0863182541926409E-4,2.420341041872579E-4,2.5478873181212457E-7,3.7362943535417453E-4,3.211385083905764E-4,3.5526754221799125E-4,4.3828311229696115E-4,1.5198626716206282E-4,6.286393662796094E-5,4.905360913692173E-4,2.8100042566357928E-5,3.333311206906277E-6,2.766784743566303E-5
0.6524713848459428,1.482087515803461E-5,4.8927867158671266E-5,2.3768096245562403E-4,1.5197185781983894E-4,8.301346537512746E-5,3.400181393538639E-4,3.8419632377560526E-5,3.484312955757742E-4,7.120403352705899E-4,1.1248849884229359E-4,4.0421635125602247E-4,3.439560124746451E-4,3.2457249675821214E-5,4.23733716038844E-4,4.47772741844648E-5,2.887252265207236E-4,3.948388197183349E-4,2.4129081408366134E-4,6.584706316615275E-5,3.8593768464531065E-5,3.451623414326649E-4,3.5453387838471943E-4,4.16617593224445E-5,7.232774503725974E-5,6.126942655608338E-5,3.4097016653939454E-4,2.0610505210145156E-5,1.521500693450711E-6,5.415512129932639E-5
0.6185188795436029,1.9536199618279006E-5,1.3994615512889162E-4,2.3389494324535526E-4,5.258529925046412E-4,9.404857940641792E-5,4.200011497730314E-5,1.7566851543820278E-4,8.713324796761227E-5,7.073307649753658E-4,2.7334372543424627E-5,1.5574505424253242E-4,3.5077510887374433E-4,2.3389270584051522E-5,4.2198997210920916E-4,2.0000567309352552E-5,5.369629553176537E-4,9.616127029812132E-5,2.38762096190366E-4,2.6892975761745105E-5,4.052608565957783E-5,3.451730916646343E-4,2.83035890728815E-4,4.0410665380578835E-5,1.1420996090123902E-4,5.776001938992602E-5,3.2654739576290016E-4,5.016152341155011E-4,8.40892550563712E-6,4.7445504203598995E-5
0.823371099707251,7.665484397074667E-5,3.7466779999463886E-6,2.9288619383462594E-4,1.0967384406546581E-4,6.683757397641425E-5,7.838458619143071E-6,1.759382442909541E-4,7.987494664889554E-5,9.899980470327944E-5,1.6478998907582838E-4,1.1204708779521201E-4,2.3100406206864177E-4,1.5385968994896247E-6,2.3271972032137806E-5,7.301506521251169E-5,2.3376656900756215E-4,9.439336306116864E-5,2.2429326831261055E-4,4.646859966417304E-6,3.5552529682462324E-4,3.417702095671144E-4,6.059901667415017E-5,9.744395795933279E-5,3.550988952274194E-4,9.556847208801206E-5,0.0011723823496052497,2.814679587390077E-5,4.563271705904409E-6,2.2995644143945187E-5
0.4093674180141069,1.760213905652584E-5,1.8393746952452908E-4,2.776729463250388E-5,1.0669547664496419E-4,8.386537808358256E-5,3.2662859537786526E-4,1.4720474990017988E-4,1.7507204270512017E-4,4.740612922012368E-5,1.5478155800527623E-4,1.5549073567287206E-4,1.772516377750918E-4,6.266715544618452E-5,2.1813295251741803E-4,1.6595777677256396E-5,9.538316629908035E-5,3.50572491739191E-4,3.7571828072940016E-4,5.182705553664113E-5,3.369943359900072E-4,3.744431355299963E-4,3.338525620562458E-4,1.111615071118391E-4,2.3886836006906359E-4,2.9845726805878783E-6,0.0012276251225461713,2.6129271658672213E-4,9.409256047716322E-5,4.748739772006359E-5
0.2582350037222187,6.188359715628716E-5,3.537755038794584E-5,2.052609480047931E-4,1.789979666025412E-4,1.398262168177498E-4,7.708638398601494E-6,1.7860183271338787E-4,9.031847754268127E-5,3.4344452061630326E-5,7.0214539204177526E-6,1.994152796720169E-4,4.0211167460324726E-5,1.8603190745157196E-5,2.2165009147311404E-4,4.107291978506455E-5,4.033321722017652E-4,8.226336702491185E-5,2.4599459751269365E-4,1.86392985721838E-4,3.420653422619666E-4,3.053878604941108E-4,1.79319079687467E-4,4.4999622422573315E-5,4.165928703609562E-5,5.987386989322213E-5,9.067909648285782E-4,4.79415757306295E-4,8.321726802232497E-5,4.8183572557641526E-5
0.08517759359835125,7.955866127550731E-4,7.330992193863084E-5,2.0000715036751188E-4,2.6414794297535725E-5,1.2707624255520493E-4,1.9482068684174343E-5,1.7255152336167364E-4,5.805397424175939E-5,2.672219838985945E-5,9.323902374674253E-5,1.6219008573256213E-4,5.924523237613012E-5,1.3514809735074013E-4,9.392769271358063E-5,1.2730142958188742E-5,2.749523647993732E-4,9.049613871177408E-5,1.925155994155989E-4,3.233036720898911E-5,5.572492538302874E-4,1.1485726679372753E-4,4.1787038109541747E-4,9.368790982657196E-5,3.8029403456912815E-4,1.252327557605426E-5,3.514029502105034E-4,2.2478268033850767E-5,1.809286196632117E-6,2.2722284230926268E-6
0.182567048397348,3.9988580701557486E-4,1.6375120148483317E-4,2.050342665636009E-4,1.0950579516353143E-4,8.78793505452717E-5,5.483341969490677E-6,1.69722827416418E-4,3.083385666689131E-5,1.9029348982504317E-4,1.5529853227234282E-4,2.538418251956691E-4,4.6342630681718274E-5,2.1748692468970405E-5,8.977742169892435E-5,1.0071506849030194E-4,6.986832131709846E-4,6.144174133873318E-5,2.9406446760916316E-4,1.7410327372349743E-5,3.4037727460364977E-4,3.401835382989955E-4,4.7044365673052773E-4,9.363362129054454E-5,4.971389734302457E-5,1.6483242539078412E-6,9.154136690635227E-4,7.095864191328049E-6,1.1109705728959733E-6,4.81093141036059E-5
0.19812426546272865,3.731407837267977E-4,1.6986538931122158E-4,2.4118653836344847E-4,1.1006486051921511E-4,9.265489515593962E-5,1.9448436598422706E-6,1.0988676731703844E-4,3.9492624566031217E-4,5.461715559343555E-5,2.3622906075892897E-4,2.54880371400338E-4,2.8539113364848656E-5,2.10881490217737E-5,2.5933255535349734E-5,3.986167259073888E-5,6.99946936280531E-4,3.5860777009890124E-5,2.8289174976611016E-4,1.741495016235287E-5,3.5114568686739567E-4,1.7075833515033172E-4,4.071383782283472E-4,9.864486452322937E-5,3.4784299897659346E-4,5.648766857593186E-5,0.0011944022943420301,4.621404565280813E-4,1.3416334222558738E-4,4.7506599972847746E-5
0.4249441563330485,2.681575832307108E-5,1.1787327952984811E-4,1.0680616188500015E-4,2.215538720534709E-5,9.269336188362607E-5,6.782301608694195E-5,1.6629664349023188E-4,6.687758458063529E-5,8.078385564700224E-4,6.6964985974673E-5,4.040482320290039E-6,2.0204319509170695E-4,5.529992157924468E-4,3.9938582387600855E-5,5.982917045681101E-5,7.398937340641641E-5,0.0017122220090054134,4.32432731311708E-4,6.731842450015202E-5,4.286195676447312E-5,4.78168704781174E-4,1.752785405167677E-4,1.289693096684557E-4,3.381376319026169E-4,5.5260957115348426E-5,0.0011984263844225522,2.3475093608784693E-5,1.0879110674925995E-4,9.57312597921034E-5
0.4434278995237141,3.732851377044129E-5,0.006537236095845615,2.994652324242343E-5,0.0044969349474301284,7.886236000273896E-5,7.587582708905502E-4,1.2284968759200895E-4,2.2726482075314071E-4,4.919411121837121E-5,2.7552478045719915E-5,1.5568871015061674E-4,1.6416054066355044E-4,5.2366812315457974E-5,4.704661046084531E-6,1.47679905566209E-5,3.0454600544664877E-4,5.289462666383634E-5,2.261916032706842E-4,0.009740179824932995,3.652576023414848E-5,4.4366606719134716E-4,6.582360686420313E-5,4.3233724464611124E-4,3.477779945569902E-4,6.080573731140882E-5,4.5122416114872074E-4,5.041988806656812E-4,6.0290277105660975E-5,3.957952271045259E-4
0.6413083511429865,9.796448178955435E-5,1.646922333073347E-4,2.472826919331905E-4,1.2703829875368526E-4,7.880908045408645E-5,4.0133896210825716E-4,1.4273627098606803E-4,1.7633358310553693E-4,5.944189789426612E-6,4.6511147772209565E-4,2.4368890757845186E-4,1.8569589123118444E-4,7.161488597393076E-6,2.59596670159088E-5,6.769672757364032E-5,3.7026313671486427E-4,5.785398490629258E-5,5.548570398996285E-4,1.8833267910524116E-6,4.457457981455501E-4,3.4575551885379673E-4,0.0010445770828238464,4.642352164327682E-6,3.588748329415798E-4,5.9247488964476897E-5,0.001222061162284183,3.444679385102275E-5,4.88251858432503E-6,6.0436236953167755E-5
0.43174286559816316,2.7158831978100786E-5,1.3716602116321092E-4,2.367844921025787E-4,4.1814612859675384E-4,0.10773517967152768,3.924388967693494E-5,1.7620476272748638E-4,1.744796567995632E-4,1.2806163971222694E-5,9.171605401038448E-6,4.245785697888946E-4,4.7665846929764467E-4,1.373171294673244E-4,3.362695272919906E-4,6.0556005755083714E-5,8.20551640595215E-5,0.0013288074914773506,2.199452713002172E-4,9.663111383762058E-4,3.115535493652293E-4,3.687439722609111E-4,3.9222007964214925E-4,5.048511815586438E-5,3.644237761070573E-4,6.21703608094974E-5,0.001146022216621379,5.614788351317091E-4,7.034375973086512E-4,3.7305415059743713E-4
0.6362203372247608,2.156225200038108E-5,1.7014872951037513E-4,2.145653985851294E-5,1.8694002198743466E-4,3.9060954213729904E-5,0.0013477979425634051,1.7700917138342752E-4,1.8017088083479554E-4,7.167855162817365E-4,1.1239033778824175E-5,4.322597085461454E-4,1.767551766824333E-4,4.067802558643119E-5,4.0996431360199796E-5,6.912479480181152E-5,7.203786565814209E-4,5.442031995383847E-5,1.8687490034196736E-4,4.1099981179768185E-5,3.532004717744714E-4,3.4566053021489154E-4,1.2835648773580966E-4,2.1876293852575592E-5,3.8249501837675715E-4,6.479579345735576E-5,3.554016370730834E-4,4.5974646128310636E-5,8.401417046465637E-5,5.494036002236099E-5
0.007150586402915271,4.0519361304810857E-4,1.6258486349199304E-4,1.9604065369052784E-4,1.3653454184469883E-4,1.2919921807144847E-4,8.234338517352246E-4,6.328344358121038E-5,2.2594986596976614E-4,1.8878134531243227E-4,1.6588168780936967E-4,1.8878625775259496E-4,2.2906408169589946E-4,4.065133519265674E-5,3.9909554551493214E-5,1.034621132091179E-4,6.925268476268325E-4,5.433978804441886E-5,2.946984599560582E-4,0.012312471177989975,7.598403212902299E-5,3.411326706377192E-4,2.465197642118379E-4,4.430436546538815E-4,3.574982593727711E-4,1.1940691086690418E-5,6.17481031973475E-4,2.644015614967169E-4,7.078693869535738E-5,5.619681248088129E-5
0.19391726384010152,5.099215360196595E-6,1.199383840121622E-4,4.388391784987557E-5,4.073131145247194E-4,4.084409925405032E-6,3.975513485666803E-5,1.8774935270620056E-4,0.020738649174773832,7.124322907931853E-5,4.413580731065116E-5,4.291634272026447E-4,7.839895642232765E-5,1.3223780863891467E-4,5.685000447433859E-5,6.831812429820513E-5,8.243192785871595E-5,3.700254362519233E-4,2.2435006401258503E-4,3.303455536649318E-4,3.4673230866655736E-4,3.7403890925722744E-4,3.840368028292465E-4,1.1659701150565417E-4,1.987890674886355E-4,1.180465849681052E-5,4.8055422701280483E-4,2.1457061371156483E-5,0.03241158435324168,4.632476710771005E-5
0.014301169526881347,2.6992302392970386E-5,4.7146819281609486E-5,2.511250908334716E-4,1.0163224937984569E-4,8.853388748478202E-5,1.3558975991900736E-5,1.6219673535387093E-4,1.6338241638272523E-4,5.383467043671499E-5,2.465439055819033E-4,4.397497913874808E-4,2.5015084209759043E-5,1.9333039165611888E-4,3.8121900187660523E-4,5.239898425716102E-4,5.069095479662695E-5,9.590500281088368E-5,3.506439387127583E-5,9.265465399629658E-5,5.469518468428913E-5,2.8351093052324953E-5,1.3091822140995336E-4,5.7820255690889914E-5,1.7976477918809828E-4,1.5193311328350363E-5,5.668558911577468E-4,2.330930133814609E-5,9.477921000092162E-5,3.7302383510993744E-5
0.4118676131374256,7.931983155606782E-5,2.8857955738222313E-7,1.7024124442229275E-5,6.92806391707815E-5,4.904705159768975E-6,2.6600072795995356E-5,1.4664034652620264E-4,4.3586482390814706E-4,1.6300723863333332E-6,1.7170091359451422E-4,4.064784895012796E-4,2.64276143279154E-4,6.220668412296743E-5,7.603852910222498E-5,3.997323574676049E-5,4.1949738947054665E-4,8.382163774359133E-5,4.926778756149054E-4,4.1089762449208E-7,3.491996084320945E-5,8.858014736965893E-4,3.3400430837456655E-4,2.3060367865146804E-5,2.304911020881309E-4,7.198371484643154E-5,3.73128832827915E-4,2.679651908102309E-4,6.867337142467857E-5,1.0080185701262891E-5
0.6289038551670121,2.6555662478465334E-5,1.71365802837196E-4,2.446355707732869E-4,1.5182503264965833E-4,1.225213279440188E-4,3.573634763647103E-4,1.7579526542023898E-4,1.7125212033814344E-4,3.81618809550256E-5,1.8631590976356428E-4,4.1210544303219574E-4,7.727923120836185E-4,2.1749419454504917E-5,3.267526215164644E-4,3.9002087652822436E-5,2.92663745786038E-4,6.570005594035731E-5,2.5436253383146515E-5,1.438164074978765E-4,5.177070761040614E-4,3.4016274844918064E-4,4.336553199443592E-4,2.870593364580896E-5,3.64359441137969E-4,2.4413786391178695E-4,6.899238773293281E-4,4.877660099433467E-4,2.9078468237841765E-5,3.9644279924095813E-4
0.03494174044511389,3.517466504224858E-5,3.3111146007215557E-5,1.8733850078531534E-4,1.403716683732408E-4,9.623412840778015E-5,3.119542519828969E-7,1.7691581325439287E-4,8.705327035493952E-5,6.524188773482247E-5,1.5372565824474193E-4,2.0726814935813744E-4,4.366625673751119E-5,4.817903146319551E-5,7.30966833833594E-5,5.201272834514817E-4,4.158220576815288E-4,8.474017507965514E-5,4.903408712924782E-4,2.7615377807782733E-4,7.240168224646978E-5,3.0394132900869535E-4,1.343583174316556E-4,5.6501991466598125E-5,3.5494718356496216E-4,6.40370502599371E-5,5.291719693718821E-4,5.092154068406065E-4,5.19197150549445E-5,9.388180581641613E-5
0.4136512323199147,3.1604762142691965E-5,4.919119355099273E-5,2.4186388762297706E-4,1.0989296413141191E-4,8.784899273399038E-5,3.9704750527553363E-4,1.6535057341340132E-4,1.6437706997510007E-4,3.6509038995535905E-5,1.7706234029091385E-4,4.4310063154505565E-4,3.433917077175345E-4,3.628487067706358E-5,4.2099477583903565E-4,4.510979017603569E-5,8.92783685986012E-5,6.259887397909363E-5,2.939875413214156E-4,9.399766147784956E-5,3.3188382242205954E-5,3.619162826404087E-5,3.646011330723639E-4,4.425340510207341E-4,1.7212728151119776E-4,1.961735454867136E-6,5.444560585431282E-4,2.2420909684878097E-5,9.261401934160112E-5,4.9651382967864916E-5
0.6456924605559176,3.358684119406978E-4,1.6362363589304317E-4,2.461345137035101E-4,1.184296854590338E-4,8.886746367952852E-5,6.24997686190103E-4,7.44949089696122E-4,2.2790016134460256E-4,4.9408943032017966E-5,1.3115472037525982E-5,4.432774094390145E-4,2.0076182077607952E-4,2.121937566894383E-5,3.802770170846493E-6,2.799931356756483E-5,3.208662198098819E-4,5.298412687155498E-5,2.2636926401395534E-4,1.5880174502784988E-6,0.0010169501558218365,2.4382482868905847E-4,6.0748702388580764E-5,2.99799878623626E-6,1.8277758794865213E-4,4.932864793001356E-5,0.0011475304806701754,0.0011122127675685409,6.265143701995993E-5,4.672646062286008E-5
0.0013637848234560046,3.9590223709183223E-4,1.795326562472608E-5,1.9604065369052784E-4,1.3324382768929808E-4,8.352710442074607E-5,8.233921282841278E-4,9.364042497335791E-5,5.723154973895905E-5,6.942390466682931E-5,4.409964099386742E-4,1.8878625775259496E-4,2.2906408169589946E-4,4.049115830438386E-5,2.1096613939192327E-5,1.0531366379800923E-4,6.925268476268325E-4,5.440138190469814E-5,2.946984599560582E-4,6.664798856054159E-6,7.598403212902299E-5,3.6899785449374196E-4,2.465197642118379E-4,4.430436546538815E-4,6.622572364369561E-4,2.4154698578855596E-6,6.17481031973475E-4,4.8134938677038607E-4,6.0948852969280236E-5,5.619681248088129E-5
0.4156572453290217,1.9352802807141206E-5,1.862522469309603E-5,1.2127981656002458E-4,1.7658566230199243E-4,8.325603288688658E-5,7.485794776355243E-6,9.29991756481933E-5,1.6672443177092176E-4,5.281375842627243E-4,4.4717811921770483E-4,1.5582924025350154E-4,2.3555824004530137E-4,4.402292353070702E-5,2.1437003993759479E-4,1.6158415222068402E-5,8.952503383327816E-5,6.365043660840911E-5,1.9234105283888564E-4,9.491491116160657E-5,3.5563917609312385E-4,3.7154331092631974E-4,3.9116657280544953E-4,4.4354688454097444E-4,6.662154435109877E-4,1.93963715241281E-6,0.0019573742945612344,4.759516202938487E-4,3.5451587678879196E-6,3.7481349420188194E-5
0.633635360659143,1.991471175526963E-5,1.1566349989688588E-4,2.1460805674826687E-5,5.25855484146888E-4,4.305114593326632E-5,3.6743136341852497E-4,1.7314377093070833E-4,9.097292727723566E-5,9.311452254036404E-4,1.111855039883422E-5,1.5438318341307936E-4,2.450046615801856E-4,1.0906985318250813E-5,3.279249371566308E-4,1.6811720512813738E-5,3.979190076571242E-4,0.0837806386799025,6.089600246867247E-4,1.7550776676469906E-5,3.646272780541865E-5,1.679059749393422E-5,3.9197052928313517E-4,4.579040581758016E-5,1.1445852197669937E-4,5.756821954591267E-5,0.001146468888467514,5.015700100230842E-4,8.072662750026498E-5,3.983159387814412E-4
0.6307059419968095,6.373928954363068E-5,1.715371334291751E-4,1.0186012816466449E-5,5.258529925046412E-4,9.574608703380894E-5,3.6209703934157234E-4,1.7568184418869002E-4,8.909532685125765E-5,3.8164763920773355E-5,1.808242785416573E-4,2.172074325800312E-4,7.521614603785486E-4,4.7546279610540445E-5,3.275446568862082E-4,5.903781882142093E-5,4.933946169220703E-4,3.7108613585557144E-4,4.4354253194003705E-4,1.1419247717259809E-4,5.314940414266405E-5,4.079843383929949E-4,4.109732057171717E-4,4.541368774795855E-5,1.6898370408375285E-4,5.776001938992602E-5,4.7609383888107325E-4,4.986365700126774E-4,8.306044284118436E-5,3.9454391139146904E-4
0.23288521000528964,3.208645110299463E-5,4.364572753395927E-6,2.0536537983150712E-5,1.7977800286797237E-4,2.533248250847343E-4,3.701435342600514E-4,1.7243006615059105E-4,1.8013703726046587E-4,7.250161427218638E-5,1.0711855936491605E-4,1.532751309849189E-4,2.3480001922371446E-4,3.669820258701653E-5,2.6023904274594083E-5,6.761204994736287E-5,6.256662544660826E-4,3.6737657691504085E-4,2.027930997794212E-4,5.091707018243224E-5,3.238242665126943E-4,3.3411555293231485E-4,3.2131237255640004E-4,5.177481776898794E-5,1.0719742567639776E-4,5.56499871026966E-5,3.7308069757983745E-4,2.0500251694465464E-5,9.325573120777379E-5,4.686086200414875E-5
0.4175133740860943,8.261746271497378E-5,3.754563331333259E-6,1.050185664876537E-4,1.0936408243383693E-4,6.686747976627317E-5,9.835627989638338E-4,1.762690512457781E-4,8.657433748243088E-5,9.232254204775968E-5,1.6300743667864464E-4,1.0844813038683848E-4,2.3100149355900746E-4,1.5333040397350816E-6,4.0773979432330375E-5,7.349565347682654E-5,2.908500989360896E-4,9.440242958448365E-5,2.2434375230280277E-4,1.1760729176946521E-6,6.13251495438677E-5,4.7672909860814407E-4,6.399728379495863E-5,1.2068242956537561E-4,3.499847589897376E-4,9.8135626128345E-5,0.0011725721319000228,2.339576304557516E-5,3.5792547667439162E-6,0.015369274942383377
0.2027588757627081,5.437743181946141E-6,1.686787755440343E-4,2.4155507750645686E-4,3.7959309014875056E-5,7.139494987013279E-5,8.431329732180492E-4,2.8071168193721075E-4,2.9202586057848717E-4,9.360507105153903E-4,2.3622906075892897E-4,1.5463328975088224E-4,2.8539113364848656E-5,1.3015749930190618E-4,2.5933255535349734E-5,0.007454076007257896,3.748779288649442E-4,0.0012878818444196872,1.9003446839822603E-4,2.573779043924743E-5,3.5596500774376025E-4,3.006647470769404E-4,4.071383782283472E-4,2.3015443264374344E-4,2.4396946804444873E-4,1.292156998644731E-5,0.0011723811809233532,4.366244502467822E-4,4.172830195072013E-5,2.032058922023704E-5
0.2364656262965988,5.173752021152186E-5,1.6751339588504062E-4,1.9789782010676277E-4,2.458283364967547E-5,7.589079648903584E-5,2.190072552012873E-4,9.264507749034459E-5,2.1067327678470454E-4,7.920501409286049E-4,2.4213697991555725E-4,1.4689182277309321E-4,4.6645721937777203E-5,3.93453744338743E-5,6.27057192014854E-5,3.145308509158006E-5,0.0015785200649192411,8.522617666009329E-5,7.814285823663737E-5,1.707729860295931E-5,4.502327591585843E-5,6.278035527959054E-5,3.58226322902347E-4,9.448785266456454E-5,2.3835410481717515E-4,1.0568626196050909E-5,5.844139604136537E-5,2.6433719093466436E-6,3.621092384711043E-5,9.066751258747441E-5
0.43815208963969043,6.535564735346524E-6,1.3716602116321092E-4,2.4333579776075593E-4,4.0858152253812907E-4,9.360813929951194E-5,3.924388967693494E-5,1.7620476272748638E-4,1.744796567995632E-4,2.2094406168184368E-4,1.2430252126725637E-5,4.245785697888946E-4,4.7665846929764467E-4,2.266757582314601E-4,3.362695272919906E-4,4.5097888149779184E-5,1.1605825219956843E-4,0.001326565050309231,2.199452713002172E-4,9.663111383762058E-4,3.109532634157794E-4,3.687439722609111E-4,3.9222007964214925E-4,5.120245765266679E-5,3.490932070617038E-4,6.294348378675294E-5,4.8066401382848063E-4,5.614788351317091E-4,7.21032313193102E-4,3.7728270128814154E-4
0.23994764591573817,4.0519361304810857E-4,1.6258486349199304E-4,1.959764286183866E-4,1.3652244746878428E-4,1.2968546466020096E-4,8.158861401304201E-4,6.252019903557298E-5,2.1818036349122982E-4,1.9029348982504317E-4,1.6588168780936967E-4,1.4688621662364886E-4,3.874851921715534E-5,4.065133519265674E-5,3.9909554551493214E-5,1.0351951805575178E-4,6.925268476268325E-4,1.01568025854806E-4,2.946984599560582E-4,1.748007949728146E-5,7.598403212902299E-5,3.4093233377715626E-4,2.465197642118379E-4,4.430436546538815E-4,2.320297272854961E-4,1.226423818684378E-5,6.17481031973475E-4,6.6067508299446326E-6,7.078693869535738E-5,9.039074302692942E-5
0.6345262910375937,1.561550860712459E-5,4.2874382417098535E-4,2.936703053418421E-4,1.553188197456231E-4,1.4015457632393226E-4,3.5878394388073225E-4,1.709561076012278E-4,9.084536878710712E-5,5.670088282652298E-5,9.33371133618569E-5,2.5992474757930735E-4,5.880309852506456E-5,3.655116591575034E-5,2.1894485845277224E-4,5.1787419395396976E-5,2.7475149159564863E-4,8.790296705189565E-5,1.9398279542454883E-4,2.971824559260453E-5,3.534700879965171E-5,3.0443784855772307E-4,1.573652466587362E-4,4.191300163506652E-5,3.2847099665052635E-4,7.887152196302605E-5,5.206716202977117E-4,1.749698709058319E-5,0.0016188373060946385,5.4353820419684255E-5
0.03889090758470681,6.328275182550919E-5,1.70333446209265E-4,2.377793300747364E-4,1.3093609376890042E-4,1.5589430208934644E-4,1.9191582144292485E-5,1.7328446247703367E-4,1.0934778655128169E-4,6.105480593458188E-5,4.1806619389044784E-4,2.143693142281362E-5,2.3486057230944998E-4,1.4523765622625584E-5,8.691318284444901E-5,7.349541111889514E-5,6.064366287051681E-5,0.0013131365799485988,4.987363382031938E-4,9.480235727077644E-5,3.536535904067301E-4,3.211562536295291E-4,2.6578778730460516E-6,4.764921402049652E-5,6.730417654029729E-4,6.42868632677516E-5,5.189183122409279E-4,5.025905299186335E-4,4.870025415968334E-7,3.7481349420188194E-5
0.20814884597712086,9.17845615957517E-5,1.6806820889841398E-4,1.1482693853717194E-5,1.3999580123999847E-4,1.255061294788243E-4,2.930703769625704E-4,1.1332542689606802E-4,8.244293817553714E-5,1.0478313429272716E-4,1.9053557053763166E-5,2.102988739172413E-4,5.428124917144047E-5,6.911014598488476E-7,2.5933255535349734E-5,3.986167259073888E-5,2.9412562031789536E-4,7.736141671110431E-5,2.1054632942673655E-4,5.7730508660739076E-5,4.848106346274424E-5,3.2089738900257494E-4,3.5054013734811497E-4,1.2407327898320453E-4,2.503231943952377E-4,9.780043577586347E-5,0.0011723012011405104,2.3047462967603732E-5,1.428736848668143E-4,5.5012316289560956E-5
0.19015283085390017,3.5701867020954695E-6,1.7014872951037513E-4,2.476164426075177E-4,1.274915251299528E-4,9.262223417832703E-6,3.3503320210369174E-4,1.9328276310744068E-4,3.852871009362074E-4,5.210464987915388E-4,1.4758618574908566E-4,4.194792690047283E-4,1.936292372425199E-4,4.0432992668915676E-5,5.736380014356215E-5,6.762152096065144E-5,7.241181698570649E-5,8.250537287208648E-5,3.805180280503994E-4,1.2216696741611458E-4,2.7601979224443213E-4,3.6248059180359066E-4,3.778572490878174E-4,3.327802725287052E-5,3.7739827840024094E-4,5.7744429618158595E-5,0.0012190669610556725,5.335791296778166E-4,4.129730253820894E-6,3.755718566940996E-6
0.8257929532093341,1.0477283750708834E-4,1.4353153332689045E-4,2.928437094916014E-4,1.0727208557811419E-4,9.441062326338064E-5,1.6284027712524092E-4,1.2893429584599498E-4,8.783916672290218E-5,9.758255121826728E-5,1.7139878042052414E-4,1.1204708779521201E-4,2.3494761333202162E-4,3.8955874825589136E-6,4.210600639167569E-5,6.220001227041084E-5,2.949940590076898E-4,7.406279176627945E-5,2.2226627520316954E-4,4.732074174253503E-6,6.007612160582461E-5,3.363709552968015E-4,6.784199167085481E-5,9.806441066475391E-5,2.55023749851108E-4,9.671606618974211E-5,6.081635359989957E-5,4.267804868695506E-4,3.619910996906356E-5,1.2194344519751563E-5
0.01918185522519078,8.367661259569582E-4,7.819785761276632E-5,2.252367051718821E-4,1.371222512893098E-4,7.49439945449581E-5,2.101342817953964E-5,1.8726950682624888E-4,1.9938389808678292E-4,2.7048759983265978E-5,2.3821295164690677E-4,2.617161733898572E-4,2.2905867543421507E-4,1.3702300800679047E-4,9.396362280545297E-5,1.161985536841162E-5,3.8302594647226997E-4,8.709331681944897E-5,6.83322319841161E-5,2.0659686251260906E-5,4.4883018993491236E-4,2.9533287323108817E-4,7.859142538100248E-5,9.654917625899924E-5,3.8036624270717243E-4,6.146646486779172E-5,3.519836742680027E-4,4.8752726519651625E-4,4.3515454254149794E-4,6.0301619292262834E-5
0.6266314002559832,1.0134595980680475E-4,5.351905201903657E-5,2.983320869555084E-5,0.0044837477968597515,8.886746367952852E-5,7.573238753497656E-4,2.744712189510978E-5,2.2704642716231153E-4,9.273452355002886E-6,4.657764388980184E-4,1.594727965301562E-4,1.9624054798876304E-4,2.121937566894383E-5,2.5710123903130692E-5,4.459012243831362E-5,3.0489772542469947E-4,4.395055667163737E-5,2.2637059860571512E-4,6.856253160869341E-5,4.661332225990646E-4,3.9616201430903847E-4,3.544871497938929E-4,9.75991431894665E-6,5.567803668813802E-5,1.0234218254309469E-5,0.0011475304806701754,2.3409235427062413E-4,4.230013392053564E-6,3.9186663850093034E-4
0.8272888960266662,3.750127758597441E-5,1.7074288023313943E-4,2.543634638552258E-4,1.0643547337770427E-4,1.5578741216026577E-4,1.3581604420991804E-5,3.322755988305494E-4,8.713324796761227E-5,2.1970225599479492E-4,1.5372565824474193E-4,2.0726814935813744E-4,3.523615131901004E-4,2.217656241888852E-5,3.996539854450369E-4,5.007033943148676E-4,4.905977868515075E-4,3.545171760601767E-4,2.740904525514332E-4,2.8835052784273885E-4,3.5518572554019015E-4,3.0312232567910593E-4,3.78670516740193E-4,5.554828168182161E-5,3.557221131602021E-4,6.41832984777734E-5,0.0011168717308185578,5.007629985070896E-4,5.0405310157439556E-5,6.450206543842033E-4
0.42397092940675285,3.6588382575142476E-4,1.6375120148483317E-4,1.2124027026101048E-4,1.0656474636209945E-4,8.314361933797968E-5,2.228819910564633E-6,1.6960520430214326E-4,1.625210185289145E-4,2.0146956461745724E-4,4.339796162062413E-4,1.534923956640563E-4,4.6342630681718274E-5,2.165437861892907E-5,2.2000082611740252E-4,1.0071506849030194E-4,6.745161731403312E-5,6.144174133873318E-5,1.907451271418616E-4,0.0948688336671537,3.4031932453802553E-4,3.401835382989955E-4,4.655847635322264E-4,4.446307526348147E-4,6.595617194952005E-4,1.9528097614003636E-6,9.271893836234393E-4,2.7706293951059124E-5,3.5662940402430066E-6,4.814331735404252E-5
0.20593044827924692,8.537979110704777E-5,1.199383840121622E-4,4.388391784987557E-5,1.1281380657055062E-4,5.828403987829347E-6,3.333689782993038E-4,1.8774935270620056E-4,3.975224989857237E-4,7.124322907931853E-5,4.413580731065116E-5,2.0041586736328966E-4,7.839895642232765E-5,1.3553656344964627E-4,5.685000447433859E-5,6.831812429820513E-5,8.243192785871595E-5,3.585938324548622E-4,2.2435006401258503E-4,3.244573458676621E-4,3.460260146570675E-4,3.1819555021241465E-4,3.8371890990228385E-4,1.1659701150565417E-4,1.987890674886355E-4,1.0200305085829149E-5,0.0011453303719074649,2.1457061371156483E-5,2.0364151282140708E-5,4.632476710771005E-5
0.6252671829460115,5.671426212499085E-6,1.7014872951037513E-4,2.145653985851294E-5,1.6551506838028595E-4,3.079522042752449E-5,2.2249236538206295E-5,1.8714898348750635E-4,1.807453385072508E-4,6.838409157640776E-4,1.1239033778824175E-5,0.0018966386225724714,1.769079304996696E-4,4.028274544568836E-5,3.301195814412435E-4,6.912479480181152E-5,3.7877097600402126E-4,9.332591108967581E-5,1.826080209569404E-4,1.1465501108501744E-4,4.506424815594479E-4,2.933161573167716E-4,1.28363241276917E-4,9.264212525031655E-5,8.989092061425962E-4,5.7621497356778974E-5,3.5380400281306005E-4,5.900201304144074E-4,8.31881113064646E-5,5.567682379818249E-5
0.21903820340570698,1.4700670887743893E-5,4.8927867158671266E-5,2.3768096245562403E-4,1.5197185781983894E-4,8.313502349326549E-5,3.400181393538639E-4,3.9288610217855264E-5,3.4846234861514306E-4,7.120403352705899E-4,2.645496722073201E-5,2.12576448289766E-4,7.529321060994095E-4,3.2457249675821214E-5,5.74908392393987E-5,5.918437018082027E-5,2.887252265207236E-4,3.712856889139113E-4,2.4129081408366134E-4,1.1206128745620494E-4,3.8593768464531065E-5,3.451623414326649E-4,3.497348779958167E-4,4.5338624704697774E-5,7.232774503725974E-5,6.126942655608338E-5,3.4097016653939454E-4,5.17127294478297E-4,0.022841429795141935,0.0025208017330281217
0.21399772846459114,4.8045832389188804E-5,6.122246242641903E-5,8.068751667714337E-5,1.480347760838848E-5,9.749805158170399E-5,6.489990942155993E-5,3.619064310853956E-5,2.4411688609413996E-4,1.610117705538442E-4,2.3279476274646693E-5,2.4726834804858353E-4,3.0158012583862505E-5,2.074794702854488E-6,3.477643537693522E-5,2.505007295771022E-5,4.491011814781547E-4,8.40401141916243E-5,1.833787756240364E-4,8.501843767082468E-6,8.780974760867859E-4,8.927586626920872E-4,1.3483163518523823E-4,1.7760138200871617E-5,2.3187521760671245E-4,4.981322023230806E-5,3.5184393996308514E-4,2.6160681873720396E-4,4.8357762459175384E-5,6.511488047900915E-4
0.4220030445610337,2.331241707200354E-5,6.891552183914817E-5,3.089111137396941E-5,1.093425068756823E-4,5.9854154868060975E-6,9.321757938752401E-4,1.8559509475974417E-4,2.3012301231908886E-4,1.0004553875292503E-4,1.5478155800527623E-4,2.0394655784876153E-4,1.9638517402720092E-4,1.5852338386507549E-6,0.017450844626162136,4.122476045135295E-5,3.2703124230096584E-4,3.633096762734383E-4,6.562469125903343E-5,9.693865085137351E-6,3.408596279339125E-4,3.413878116628375E-4,1.0947942243702056E-4,9.964496342748614E-5,0.008667897833727314,6.205684937572948E-5,0.0011361873974710735,0.0013479084152984667,5.477208756736458E-6,3.807960989954273E-5
0.6204750221869239,8.261746271497378E-5,3.754563331333259E-6,2.326710650184194E-4,1.0572998316983186E-4,6.645400596439373E-5,9.916580511082139E-4,1.762690512457781E-4,8.714006624065674E-5,1.0045483465118436E-4,1.6300743667864464E-4,1.0844813038683848E-4,2.3100149355900746E-4,6.888352057665409E-6,4.1896582447244657E-4,7.349565347682654E-5,2.959665472865863E-4,9.440242958448365E-5,2.2434705174128363E-4,1.1760729176946521E-6,6.13251495438677E-5,4.7672909860814407E-4,6.377008593358559E-5,1.1988859130552156E-4,3.499847589897376E-4,9.8135626128345E-5,0.0011725721319000228,7.128386523525145E-6,3.5792547667439162E-6,8.82705020864476E-5
0.21633051187065433,2.673943059874553E-5,1.6806383161287818E-4,2.3544695330946736E-4,1.0003673251792971E-4,8.853388748478202E-5,8.904223647029292E-4,7.121864069424045E-4,6.638992366548733E-5,8.025708459850577E-4,1.9147098993815327E-5,2.10410765118387E-4,2.9054011061851464E-5,2.0045108750018725E-4,4.291288319054137E-5,7.01231432156078E-5,6.789092917334217E-5,3.9018085920836034E-4,3.506439387127583E-5,5.622072543350213E-5,4.4710297230188945E-5,1.36537210842938E-4,3.518705485992255E-4,1.2413340027721704E-4,7.227860474267537E-5,1.5193311328350363E-5,5.829913902144406E-4,9.959281145951746E-4,9.410319650765553E-5,5.400761125102275E-5
0.6235830014230247,8.250686502562857E-5,7.39844520923362E-5,3.134364474714855E-6,1.0934417135825716E-4,8.511948841026092E-5,2.2785216750874978E-4,2.818265566148287E-4,2.2946523317793935E-4,1.4120126678352223E-5,1.0482332367177182E-5,2.7065855300202325E-5,2.295490513559467E-4,2.1815268383214026E-5,0.0020209474763502266,4.214773343060889E-5,0.001540111598427328,3.585938324548622E-4,2.939363404080823E-4,9.417567765570654E-6,5.369002993488569E-5,4.785720034369028E-4,6.501325587925902E-5,1.1819128204683796E-4,0.001848443818409272,5.373836599337759E-5,0.0011745243086073375,1.0892833048730727E-5,9.109805021318719E-5,3.181713883819463E-5
0.02960927185857326,1.0093130940780706E-4,1.6615421313007805E-4,2.472826919331905E-4,1.2493418958278891E-4,7.880908045408645E-5,3.6343200656336987E-4,7.667880143267412E-4,2.1175333325430226E-4,3.149502003692772E-6,1.7234077138225364E-4,2.3795140491965588E-4,2.3676395137426468E-4,3.9044017019094664E-5,2.408102010796459E-5,2.2680607913624187E-5,3.921728011269919E-4,5.6725892914097455E-5,5.548570398996285E-4,1.8833267910524116E-6,3.267269800143649E-5,3.5821435099778155E-4,0.001067910602201552,9.803862064463524E-5,3.588748329415798E-4,5.9247488964476897E-5,0.001222061162284183,2.3828832097962364E-5,4.88251858432503E-6,6.0436236953167755E-5
0.07240374080977069,8.916094889091739E-5,1.7984681587547699E-4,1.018187186582738E-5,1.4284872720619354E-4,8.09103843027342E-5,5.4938733554487994E-5,1.0988676731703844E-4,6.53119147913576E-5,5.0839646430321034E-5,2.3622906075892897E-4,8.033616627864585E-5,3.921532001524904E-5,1.3309378521013824E-4,7.459908965999303E-5,7.247987334287656E-5,6.728667884414646E-5,3.928340831599462E-5,2.1229715600137424E-4,1.4578149199281603E-4,3.091574001674822E-5,3.366071637099117E-4,1.3294196129475877E-4,4.702416230588127E-5,3.5383434392838645E-4,1.0310872826405015E-5,0.001198205629502346,4.350961648217391E-4,6.263572742043792E-7,9.511462172211627E-5
0.4348485579700715,2.673943059874553E-5,1.6720760380870215E-4,2.3544695330946736E-4,1.0003673251792971E-4,8.853388748478202E-5,8.904223647029292E-4,7.121864069424045E-4,6.638992366548733E-5,8.025708459850577E-4,1.1284163681577196E-4,2.0445335200059325E-4,2.747108686506685E-5,2.0045108750018725E-4,4.289668392175585E-5,7.003032311639712E-5,6.789092917334217E-5,3.9018085920836034E-4,3.506439387127583E-5,1.3538897405099828E-5,3.548143036514231E-4,1.36537210842938E-4,1.3118548747976578E-4,7.656318584040748E-5,7.227860474267537E-5,1.5193311328350363E-5,5.668558911577468E-4,9.64226319119292E-4,9.410319650765553E-5,3.8275084991984806E-5
0.8353754913189975,7.638608631214664E-5,5.380813764898693E-6,1.050185664876537E-4,1.0937017303770024E-4,1.2917366841952694E-5,9.302700818851865E-4,1.4751596880351292E-4,8.66053516520152E-5,8.022013100710381E-4,1.6024943095153667E-4,4.079953339881501E-4,1.945605090397755E-4,2.1566634989344844E-5,1.4853563879035588E-4,4.147439179971015E-5,4.772097723214309E-5,9.399697395152491E-5,2.3514198473291925E-4,3.4799412598051135E-6,3.447544134698577E-4,3.732988803568692E-4,7.292341560335291E-5,1.2014577928317779E-4,3.521914742648303E-4,9.8135626128345E-5,9.07685526212458E-4,2.339576304557516E-5,1.406504752992334E-4,4.0419243567276246E-5
0.8334701926336603,7.816011849847783E-5,4.491786802027326E-4,6.697759708450954E-6,7.770464768139138E-6,3.6954276043913373E-5,3.3779824784292516E-6,9.498987836827022E-5,1.747487390009252E-4,2.1265855432745873E-5,8.414746170231117E-6,9.70869004980633E-5,1.810910678172485E-4,3.595264280163935E-5,1.5826097337466152E-5,4.150493897496758E-5,1.1658500920896624E-4,1.0133319833367326E-4,5.042772429894776E-4,1.1312950342304999E-4,3.412856115258139E-4,3.4101755743949603E-4,7.329551786283857E-5,4.506975866587368E-4,2.893507933014229E-5,5.132892460655152E-5,2.647105948086917E-4,2.1394810021886933E-5,8.187221874802987E-5,6.045507002889472E-5
0.22965044821140498,8.350029742293166E-5,1.466848504395351E-4,1.866981988234724E-4,1.434515225278456E-4,1.0066737524632927E-5,8.932847441799347E-4,2.7357626755263666E-4,3.954982188340118E-4,1.6051857896362583E-4,1.7299009218318902E-4,4.094625631574641E-4,2.0025641221814458E-4,4.261065739911236E-5,2.480196503630523E-5,2.083102227577608E-6,2.9434507075438456E-4,0.0012965818116207365,4.0341989019392294E-4,3.0584928639604317E-6,3.1859175844636584E-4,4.364081094332215E-4,8.429192602724578E-4,1.278522748184845E-4,2.4504046019270764E-4,1.1124138227470953E-5,5.356220615428382E-4,2.5021879761970695E-5,4.4788567451778646E-5,2.0253714872643202E-5
0.0430541198935816,8.548959187089959E-5,1.4663517480745057E-4,1.6628051140913977E-5,2.675302728520146E-4,7.917992465367681E-5,6.82828780051822E-4,1.746625384053734E-4,2.3071462449760969E-4,6.346897441130046E-5,4.374541082056056E-5,6.35300740702371E-5,1.79493083549315E-4,5.203501232521082E-5,2.627788572840752E-5,1.5999547148907586E-5,7.958216135051216E-5,5.687052630931955E-5,4.984961674607298E-4,6.28382916778606E-5,3.4623651531715904E-5,6.147266369589698E-5,3.9263394940103715E-4,1.1829380776683685E-4,0.0011645243347964429,1.31482056374088E-5,5.636694528551743E-4,4.3577365335103005E-4,1.394070286494285E-4,9.266177950413936E-5
0.1884519725672323,8.167523386350733E-5,5.8362922218593735E-5,0.016201055243665757,1.0656249563354755E-4,9.264599795012852E-6,3.30615298995463E-4,1.9328276310744068E-4,2.8754943711438994E-4,2.1455252488402227E-4,1.4758618574908566E-4,4.212448436688976E-4,1.936292372425199E-4,4.122961378996682E-5,0.03518186170989665,6.838903825458122E-5,7.241181698570649E-5,8.250537287208648E-5,3.805180280503994E-4,8.905090789819548E-6,3.42559539766682E-4,3.6248059180359066E-4,3.778572490878174E-4,3.327802725287052E-5,3.7739827840024094E-4,5.392633651327694E-5,0.0012190669610556725,5.335791296778166E-4,5.0515319573274954E-5,3.755718566940996E-6
0.24428902994838436,1.4998277752577646E-5,3.7127543850044594E-5,2.0526139713654206E-5,1.4054941637774306E-4,1.2575361354455223E-4,2.2278776131557304E-5,1.12864754310138E-4,4.168578734411352E-4,9.216828165189915E-4,2.3415499022967523E-4,1.99477791227011E-4,1.9640846351077595E-4,1.3553454656882086E-4,1.08562907888695E-4,2.2402113471982387E-5,2.9877382960897587E-4,3.60070062624207E-4,5.266871185603847E-4,6.73223690281203E-5,3.123706303989578E-5,1.9470795810967484E-4,7.304610928250436E-5,5.3676428162766356E-5,2.4822717248042475E-4,5.7561219330870435E-5,0.0012545867480121783,5.02930160021234E-4,1.4136811330852473E-4,6.664135823580567E-5
0.619452784108379,3.815092290084428E-4,1.6258486349199304E-4,2.0669213926917862E-4,1.5490268941358078E-4,8.352710442074607E-5,8.407261398530782E-4,6.328344358121038E-5,6.034757201963963E-5,6.253436478047022E-5,1.6588168780936967E-4,1.8878625775259496E-4,2.2906408169589946E-4,4.065133519265674E-5,3.9909554551493214E-5,1.0475434468043854E-4,6.956654355914979E-4,5.687212929011001E-5,2.888654555734073E-4,3.869269680815236E-5,7.598403212902299E-5,3.6899785449374196E-4,2.465197642118379E-4,4.430436546538815E-4,3.574982593727711E-4,6.467735505100649E-5,6.17481031973475E-4,2.5003083630230946E-4,7.078693869535738E-5,5.6204988952752886E-5
0.21078956396378332,7.534890034801927E-5,1.663554700381482E-4,2.3680294161428816E-4,1.0003673251792971E-4,3.024767552217399E-5,3.237388258547473E-4,1.4948403322914054E-4,6.114446539959336E-5,7.787250798245954E-4,1.7459871066603994E-4,4.294282096935567E-5,1.9525290768204843E-4,5.313855761248829E-5,2.8908935930765088E-5,6.024066518180021E-5,1.0093446811264354E-4,5.9337292688287795E-5,4.3239997803130374E-5,5.8817284138090744E-6,3.549362978667942E-4,6.007534037352793E-5,2.1508249900037944E-4,8.667827121152288E-5,7.055917579118131E-5,8.736756494930872E-6,8.327742153463005E-5,9.344566016377862E-6,9.25331237160659E-5,6.664047952886251E-5
0.8468003691632247,7.666684082942657E-5,1.4663517480745057E-4,1.3517902204156326E-5,2.030909492898462E-4,5.6362809112813845E-5,9.136253528567142E-4,1.7587623869761416E-4,8.358974518325487E-5,6.346897441130046E-5,1.6401742742029146E-4,6.0351516652212175E-5,1.556840971563974E-4,5.094639244693038E-5,2.627788572840752E-5,1.3837802612418045E-5,7.958216135051216E-5,5.738862426203826E-5,2.1113667427909204E-4,6.28382916778606E-5,3.4623651531715904E-5,6.147266369589698E-5,4.043060518010098E-4,1.1879558163503269E-4,2.805370066122245E-4,1.2898591602130288E-5,8.349279994923462E-4,4.3577365335103005E-4,1.394070286494285E-4,9.398083077870248E-5
0.051628811209938674,2.1353188343826697E-5,4.5227931402463636E-4,2.817172950175245E-4,1.0901296520241652E-4,1.260990354704834E-4,8.361471049817774E-7,1.7093763881029066E-4,1.8513360347828322E-4,9.232965979050507E-4,1.5516241900272973E-4,4.2645293337069737E-4,0.021906540061827896,4.0432992668915676E-5,7.490453134524383E-5,5.1414956551519504E-5,7.244845318323356E-5,2.5171576970258337E-4,2.5325877388584567E-4,1.2798915454209232E-4,0.03863778727752368,3.6400059359435576E-4,4.162568529163618E-4,1.2661579734506606E-4,2.7567349450474253E-4,7.867670903602461E-5,9.172666172890258E-4,2.7404373925195356E-5,8.12932382470875E-5,3.406451834278844E-5
0.05181743264539168,3.9988580701557486E-4,1.6375120148483317E-4,2.050342665636009E-4,1.0950579516353143E-4,8.78793505452717E-5,5.483341969490677E-6,1.69722827416418E-4,3.083385666689131E-5,1.9029348982504317E-4,1.5529853227234282E-4,2.538418251956691E-4,4.6342630681718274E-5,2.1748692468970405E-5,8.977742169892435E-5,1.0071506849030194E-4,6.986832131709846E-4,6.144174133873318E-5,2.9406446760916316E-4,1.7410327372349743E-5,3.4037727460364977E-4,3.401835382989955E-4,4.7044365673052773E-4,9.363362129054454E-5,4.971389734302457E-5,1.6483242539078412E-6,9.154136690635227E-4,7.095864191328049E-6,1.1109705728959733E-6,4.81093141036059E-5
0.24995427904042505,8.740726721453435E-6,5.6774957879592E-5,2.1344738677337814E-5,5.255134261482907E-4,3.842160338733782E-5,3.637358002387949E-4,8.010492368070154E-4,1.8017088083479554E-4,9.232965979050507E-4,1.1091288590032077E-5,1.5439038985644294E-4,1.9701127755337647E-4,3.9668384637502465E-5,1.0922170041653123E-4,4.389887560281799E-5,1.1996236768723969E-4,9.528211057766072E-5,1.9061371488947188E-4,2.3455291515818922E-5,7.622139591322962E-5,3.581250420638238E-4,1.1819298844108035E-4,5.0250861497490616E-5,2.655964423974623E-4,5.756835059385243E-5,3.7443430871875546E-4,5.038427265052674E-4,8.128483747012882E-5,4.668514836103723E-5
0.02602470200260726,1.0119783654194968E-4,3.213779815425224E-5,2.418062509538728E-4,1.8396669589709796E-4,4.011131444932966E-5,4.0085015650235444E-4,7.679641331554844E-4,1.8005120542220412E-5,1.7958132860085773E-5,1.1455631046807472E-5,2.4368890757845186E-4,1.7829790280872733E-4,3.9327460156840486E-5,6.858865076932975E-4,6.77081569926551E-5,1.1299437787556476E-4,5.6725892914097455E-5,5.548570398996285E-4,1.8568844500983821E-6,5.482190256949033E-4,3.4558873978308356E-4,0.0010445770828238464,9.187250037582265E-6,3.6551419101576435E-4,6.440242765729055E-5,3.809880308322044E-4,0.0010625478097753046,2.605326471743309E-6,6.663210806777892E-5
0.8434241570709845,8.591125351580593E-5,9.764181572259639E-6,2.7644769021494354E-5,1.4767320957393822E-4,1.5467598411906587E-4,3.2735313382403346E-4,1.472066473062218E-4,1.7522140238210133E-4,9.495121943562004E-5,1.6959886574971112E-4,0.0011496377761184412,1.9542893998895715E-4,2.1409273585792812E-7,2.2564275352428053E-4,4.0553529583522126E-5,1.229879121384905E-4,3.5546938572167223E-4,4.3540917155196365E-4,9.912962876532912E-5,3.407958337759785E-4,3.439154687178731E-4,1.2659740856009173E-4,2.0946325531981653E-5,2.782316972665467E-4,7.672855650252756E-5,0.0012435814892763947,1.4380606528858765E-5,5.343765810325739E-5,3.805482673366585E-5
0.20359514132068746,6.370702442860124E-5,1.6806820889841398E-4,1.4490375606472691E-5,1.1737011116532515E-4,1.2561587582127635E-4,3.1695845601632767E-4,1.094312462012915E-4,8.915101498787337E-5,1.0478313429272716E-4,1.8075544761183578E-4,2.76540002747599E-4,5.428124917144047E-5,5.170399475622328E-5,2.5933255535349734E-5,3.986167259073888E-5,4.965239543375544E-4,7.670396378824026E-5,2.1048640666269046E-4,5.7730508660739076E-5,5.290545803923729E-5,3.2089738900257494E-4,4.1128353570330043E-4,1.2407327898320453E-4,1.6616320440803565E-4,6.282391265479511E-5,0.001180534603304136,2.3047462967603732E-5,8.411791256487456E-5,5.5012316289560956E-5
0.016991548908536686,1.5899896789922953E-5,5.064644337197519E-5,2.1607646667190392E-4,9.985304733158522E-5,8.41801162553543E-5,3.2262558984649586E-4,1.040852642818987E-4,1.6829665712209813E-4,0.022029496063810602,1.5478155800527623E-4,1.5550835585500107E-4,2.3597586746045915E-4,2.6855724481653214E-5,2.2292597249024194E-4,5.575601980408546E-5,9.538316629908035E-5,3.50572491739191E-4,3.754869811664022E-4,5.173201072165223E-5,4.2747065870038113E-4,3.7578924658373934E-4,3.608796768138649E-4,1.1254394776949602E-4,2.7372950868697287E-4,1.290518794997948E-5,4.72003577377159E-4,5.042654277563145E-4,2.9129119608813114E-7,4.831198787434714E-5
0.41985836774095575,7.67096971492145E-5,3.7890987827949056E-6,1.2025363657131916E-4,8.238741228096251E-5,8.41801162553543E-5,3.2662859537786526E-4,1.040852642818987E-4,1.663018908065107E-4,2.196977074728963E-4,1.3746410063286699E-5,1.5549073567287206E-4,1.9821518078585199E-4,8.868222998849503E-6,2.2071775755521945E-4,1.6098441309629523E-5,9.538316629908035E-5,3.5467275546364183E-4,2.2645406447619062E-4,5.30576260333638E-5,3.381097311504607E-4,4.7752332746419334E-4,0.0283764275803161,1.1081296850225572E-4,3.473073356718439E-4,2.730445888737414E-6,0.001217323412236979,2.747689950906042E-5,9.395833660196277E-5,5.025511176030015E-5
0.22831499631095475,8.261746271497378E-5,0.009048072796819774,7.167875952856072E-5,1.1212134229634832E-4,2.5178068007096065E-4,0.0015032936294510232,3.412228867128456E-6,8.259914186647427E-5,9.302472992587106E-5,1.6416391216720092E-4,4.076101074240639E-4,6.933260320727496E-4,1.3775450431455981E-6,4.0773979432330375E-5,3.190648160745256E-5,2.9418870500585293E-4,3.2861250113432673E-5,2.3497684488278114E-4,9.117249806132982E-5,5.758001469253434E-5,3.7208408084165765E-4,6.554534980886877E-5,1.2288083249325192E-4,9.046039160278095E-4,9.8135626128345E-5,0.0011634549217896947,3.130624005076988E-5,3.5792547667439162E-6,3.482858446826186E-5
0.22380771053327267,2.673943059874553E-5,1.6720760380870215E-4,2.836983604833945E-4,1.7929168561715567E-4,4.198712412258883E-5,8.904223647029292E-4,7.043003530732333E-4,6.638992366548733E-5,8.025708459850577E-4,1.1284163681577196E-4,2.0445335200059325E-4,2.747108686506685E-5,2.0045108750018725E-4,4.289668392175585E-5,7.003032311639712E-5,7.241654168377098E-5,7.100864707606253E-5,3.506439387127583E-5,1.2507039236362284E-4,3.548143036514231E-4,1.36537210842938E-4,4.236414181368101E-4,3.1611821008173724E-5,2.586713608758545E-4,9.118810199294826E-5,5.642107392810204E-4,9.80989282247634E-4,9.493942067598917E-5,3.457498065724581E-5
0.8405143707067617,8.261746271497378E-5,7.53702363042894E-5,3.089111137396941E-5,1.0937262684295991E-4,5.9854154868060975E-6,8.995549879242139E-4,2.818265566148287E-4,2.2745733594468359E-4,2.1510192538487852E-4,1.5478155800527623E-4,4.072641651230957E-4,1.9556844695515723E-4,2.155578519648174E-5,0.03585304250673266,4.1058631760479514E-5,3.2521548371263007E-4,9.27296397896748E-5,2.939363404080823E-4,1.0022059421408298E-5,3.408596279339125E-4,3.744431355299963E-4,6.472203850199376E-5,1.1878223257931162E-4,1.6671392582173219E-4,5.373836599337759E-5,9.171440126051055E-4,1.0821990585596918E-5,5.009368831148209E-5,4.022835560109899E-5
0.4192520073281592,8.261746271497378E-5,8.090346612596872E-7,8.475532713082397E-4,6.979508639738911E-5,5.795065836578314E-6,1.0867049240348631E-5,2.80983291275954E-4,2.2745733594468359E-4,2.1510192538487852E-4,1.5478155800527623E-4,2.054543085971621E-4,1.9656001393651744E-4,6.264194652146198E-5,3.9370820565494944E-5,4.104597884727913E-5,3.207470134231555E-4,3.585938324548622E-4,4.99694433621556E-4,3.244573458676621E-4,2.7092793473538872E-5,3.787785081376093E-4,1.1301348148769144E-4,1.1608767819959055E-4,2.2733822995288385E-4,5.2843280011817026E-5,0.0011762976435674348,2.1189636643148833E-5,5.009368831148209E-5,4.8039952735193884E-5
0.06114755812147607,3.176004727065643E-5,4.50059801752303E-6,1.09035103100136E-4,1.470790334933757E-4,2.5039831727653446E-4,8.699928262921532E-6,1.469927100524528E-4,1.8787213780528086E-4,2.1511549540119935E-4,1.0652866958809379E-4,0.0011561288830225448,1.8061363591783208E-4,3.627887926474416E-5,2.2530986228475455E-5,4.193022004449601E-5,6.21668098777504E-4,3.554908559447344E-4,1.9775683033902437E-4,9.912962876532912E-5,3.24503523201949E-4,3.3663052389341084E-4,1.2514825639679984E-4,5.2102863027175844E-5,2.8068055703041393E-4,7.691973069545174E-5,3.752221686909895E-4,1.4349972632163348E-5,5.329601730734543E-5,3.8054968451516476E-5
0.4320195813064486,2.6714204279855783E-5,1.2078927028092531E-4,2.3680294161428816E-4,1.0003673251792971E-4,8.480472189396474E-5,9.2787154638041E-4,1.8428354859291614E-4,6.2270232595629E-5,1.736340560428367E-5,1.756035238350312E-4,2.0445335200059325E-4,4.048087158387703E-5,3.869842002900006E-5,4.444995839119251E-4,6.024066518180021E-5,1.0041500491618987E-4,5.5487596842763396E-5,2.7738846135907507E-4,4.654646433795368E-6,3.546474161662542E-4,1.3476425531089303E-4,3.731984656312745E-4,9.113037166411812E-5,7.191934694409627E-5,6.218033114851859E-5,0.001138365287697043,5.594081913230343E-4,5.783118813748962E-6,6.902401780951875E-5
0.21186236330427377,5.172673528145296E-5,1.701427415354977E-4,1.97962045178904E-4,7.702859664507225E-6,4.071094685073807E-5,2.2651313490622618E-4,9.264507749034459E-5,2.094338537807966E-4,7.920501409286049E-4,2.4213697991555725E-4,1.89188741355668E-4,1.9364077972727284E-4,4.0499314784611774E-5,6.27057192014854E-5,4.010097212313278E-5,0.0015785200649192411,8.520436383752605E-5,2.30098475051679E-4,4.0162092766600214E-5,6.217228054876504E-4,3.715870306156621E-4,3.5776038157682893E-4,9.448785266456454E-5,2.452906994085202E-4,6.2980639046504E-5,5.844139604136537E-5,2.5848635489107876E-4,3.597313088115509E-5,3.4734151234450795E-5
0.825048955207522,3.750127758597441E-5,1.7074288023313943E-4,1.959221093329733E-4,2.0200793240246517E-4,9.623412840778015E-5,3.119542519828969E-7,1.7691581325439287E-4,8.698860746271307E-5,2.1970225599479492E-4,1.5372565824474193E-4,2.0726814935813744E-4,4.3186545304652876E-5,2.217656241888852E-5,3.365379141816353E-5,5.201272834514817E-4,4.905977868515075E-4,8.30608508932854E-5,4.903408712924782E-4,2.8835052784273885E-4,7.240168224646978E-5,3.0394132900869535E-4,2.4686953954436956E-4,5.6501991466598125E-5,3.5495324642617393E-4,6.41832984777734E-5,0.0010947482398607836,2.7052123348576725E-6,5.188715979922732E-5,4.880576228432325E-5
0.621673478194388,4.217845400193312E-6,5.691861368061334E-6,2.3389494324535526E-4,9.803430444290553E-5,9.404326111173916E-5,4.200011497730314E-5,1.7566851543820278E-4,8.713324796761227E-5,7.073307649753658E-4,2.7334372543424627E-5,1.5574505424253242E-4,3.5077510887374433E-4,2.1562786458356976E-5,4.2198997210920916E-4,2.0000567309352552E-5,5.33341510057787E-5,9.40265222007113E-5,2.396452862533764E-4,2.7635318638534065E-5,5.7876497361868446E-5,4.8317054811756154E-4,6.160698383590781E-5,4.0410665380578835E-5,3.4782421835409543E-4,5.776001938992602E-5,3.2654739576290016E-4,4.749773125123534E-4,1.360765994356216E-4,4.795230087429872E-5
0.04536370013917057,8.834134101907873E-5,3.157432453668932E-5,1.719100376948195E-5,1.4020751949928628E-4,7.917992465367681E-5,5.4578018757703186E-5,1.222352808789541E-4,6.121011025804368E-5,6.440924048576588E-5,4.3853942913621425E-5,5.7367429537855434E-5,1.5613770300166425E-4,4.825205165916444E-5,7.457534138198291E-5,2.3437900535741866E-5,4.152665107668915E-4,5.674062353715941E-5,2.1362738331295276E-4,2.7021270719583453E-5,3.4623651531715904E-5,6.147266369589698E-5,1.3171185399762716E-4,1.182758606449018E-4,3.5388410361579623E-4,1.252327557605426E-5,5.312034347646506E-4,4.980982707555947E-4,1.394070286494285E-4,9.266177950413936E-5
0.8299724160964754,5.189064339776749E-5,6.881068087418158E-5,3.089111137396941E-5,1.076106332131507E-4,7.682266481764972E-5,1.6547832664847334E-4,2.918279106749326E-4,2.111094391524394E-4,1.2252507820582692E-4,1.5478155800527623E-4,1.0832720416497305E-4,1.9572689706874762E-4,2.265079006617183E-6,2.0970558713001575E-6,4.1058631760479514E-5,2.5830042671007975E-4,3.532348613425561E-4,6.543706235506507E-5,1.0022059421408298E-5,3.375168761337414E-4,3.413878116628375E-4,3.5795553700176285E-4,9.964496342748614E-5,0.008375245398617465,5.3862493529406504E-5,0.0011696574235888347,1.0821990585596918E-5,5.020128690743294E-5,9.040804487395646E-5
0.4324391817754708,2.300715564365811E-5,1.6120320561747358E-4,4.703865655055511E-5,1.1061299096926947E-4,6.042113544614232E-5,0.0013290401986113848,1.4571774707472583E-4,3.216635987343043E-5,4.9881120767450286E-5,2.3876472559592436E-4,1.0452747617311091E-4,2.400003543844926E-4,2.0108452958195568E-4,4.207731293431832E-5,7.005032800783316E-5,2.658375968789652E-5,1.83266931668877E-5,2.558311575258108E-4,9.252158330404622E-4,3.5624783676240006E-4,1.3350168008844913E-4,1.323732687483282E-4,1.9759494766717198E-5,7.179491876880282E-5,5.3998089153339164E-5,0.0011543007592708042,4.293645524177395E-4,4.207125683449278E-6,2.222629706617704E-5
0.8295000101312052,2.300715564365811E-5,3.689068276659564E-6,6.060777303431325E-5,1.1061299096926947E-4,6.042113544614232E-5,0.006219540782790924,1.746368359918258E-4,3.943770564441984E-4,9.850864349923876E-5,2.3876472559592436E-4,1.0347368295919719E-4,2.400003543844926E-4,1.6226449718313875E-6,2.143843278267319E-5,7.402424788116572E-5,9.622917811744781E-4,3.327815225701272E-5,2.579949569559377E-4,9.252158330404622E-4,3.5624783676240006E-4,3.373283885083471E-4,6.513905382291127E-5,1.9759494766717198E-5,3.5364583296378365E-4,5.4952728630097994E-5,0.0011543007592708042,4.2423200532162115E-4,4.207125683449278E-6,2.222629706617704E-5
0.6498893173401687,8.342403620435671E-5,5.092248706766682E-5,2.4735001916439476E-4,2.663633825344034E-4,9.055258808458504E-5,4.0020631935064376E-4,3.874232943501073E-5,8.407993731154716E-5,4.476704716241392E-5,1.7537160675179636E-4,4.359995797854028E-4,3.511199373520763E-4,2.1229905958616424E-5,4.2431365313856477E-4,1.8150461529167227E-5,5.293994497295616E-4,8.303191079052912E-5,1.896427961342383E-4,9.597353753111541E-5,4.549412573374609E-4,4.8120918281510547E-4,4.7160368711755146E-4,1.9603160545907367E-5,3.283428196695003E-4,6.134167411684338E-5,3.247800170334941E-4,4.702932462870277E-5,1.3629043131605013E-4,5.045048383802945E-5
0.06736088609059301,2.673943059874553E-5,1.6720760380870215E-4,2.3544695330946736E-4,1.0003673251792971E-4,1.2415427817354224E-4,8.904223647029292E-4,7.121864069424045E-4,6.638992366548733E-5,8.025708459850577E-4,1.1284163681577196E-4,2.0445335200059325E-4,2.747108686506685E-5,1.903302477530151E-4,2.4048025448886363E-5,5.408490993122716E-5,6.789092917334217E-5,6.809745292097008E-5,3.506439387127583E-5,1.3538897405099828E-5,3.633204813532905E-4,1.32118737309623E-4,3.118445801658675E-4,7.656318584040748E-5,1.2986200465421553E-4,1.5193311328350363E-5,6.188721341604532E-4,1.3538700413919902E-4,9.537973579009118E-5,3.8275084991984806E-5
0.8284422833329123,2.752281057241302E-5,6.881068087418158E-5,3.179367849661443E-5,1.143196916117583E-4,7.682266481764972E-5,1.6547832664847334E-4,2.918279106749326E-4,2.111094391524394E-4,1.7105252033912403E-5,4.712708786217427E-6,1.0832720416497305E-4,1.965345286349835E-4,5.53496230739572E-6,1.8065722560273167E-6,6.022942145291173E-5,7.800778262120545E-5,3.532348613425561E-4,6.543706235506507E-5,1.0022059421408298E-5,3.375168761337414E-4,3.413878116628375E-4,3.9303741098615575E-4,5.1433576803286605E-5,0.008375245398617465,5.3862493529406504E-5,0.0011696574235888347,1.0821990585596918E-5,6.8389698422072E-4,9.040804487395646E-5
0.8408771590209172,8.535555006222104E-5,1.4663517480745057E-4,1.7251271619131587E-5,5.224596249837825E-4,9.404667676070973E-5,2.402447853371816E-4,1.7794328194570866E-4,8.384049793705668E-5,6.907729120169464E-4,4.3853942913621425E-5,1.5421907613368706E-4,3.4774164339530686E-4,5.094639244693038E-5,2.627788572840752E-5,1.6048065852064324E-5,7.958216135051216E-5,9.612897503074599E-5,4.984961674607298E-4,6.251657687162765E-5,4.047759694337112E-5,6.197091386538083E-5,4.0971253975094935E-4,1.182459363373724E-4,0.0011942758239941833,1.2898591602130288E-5,5.459489242969497E-4,4.3603447290870186E-4,9.18796912025096E-6,9.266177950413936E-5
0.05538712145175938,7.687922798289883E-5,1.466848504395351E-4,1.867217519292986E-4,1.434515225278456E-4,9.191916213667851E-5,1.2655409918740522E-4,2.730768555781831E-4,1.848387190057696E-4,1.4889666788746347E-4,6.829263683914643E-5,1.7376796900694602E-4,4.888630243971256E-4,5.987634272640239E-5,2.4938629910160437E-5,2.083102227577608E-6,6.558576464677933E-4,0.0012965818116207365,3.9371801671071147E-4,3.0584928639604317E-6,4.280251045056657E-4,4.283308663757861E-4,8.429192602724578E-4,1.278522748184845E-4,2.4504046019270764E-4,1.5906215816890786E-5,5.445596266145157E-4,2.502876086068355E-5,4.4788567451778646E-5,2.0253714872643202E-5
0.8328963528294357,7.627548862280144E-5,1.3996992595741753E-4,1.050185664876537E-4,5.371942847183289E-4,9.44156421637092E-5,9.089505934470271E-4,1.4751596880351292E-4,8.855326553999519E-5,2.1386177516659932E-4,1.5740435562742163E-5,4.079953339881501E-4,2.3100149355900746E-4,2.339214684846495E-5,1.0984660212187051E-5,4.23153382858722E-5,5.314854644434559E-4,9.620612132082763E-5,2.2536418580212784E-4,2.1529975789041254E-6,4.0189212669558644E-5,3.3943029181084843E-4,2.8612482199501243E-4,1.2068242956537561E-4,1.1663061315328242E-4,9.8135626128345E-5,0.0011725834472774,5.0771062414114234E-5,1.310376357284227E-5,4.745863784809169E-5
0.0027864151909199886,4.0519361304810857E-4,1.6258486349199304E-4,1.9604065369052784E-4,1.3324382768929808E-4,8.352710442074607E-5,8.233921282841278E-4,6.328344358121038E-5,5.723154973895905E-5,6.253436478047022E-5,1.6588168780936967E-4,1.8878625775259496E-4,2.2906408169589946E-4,4.065133519265674E-5,3.9909554551493214E-5,1.0531366379800923E-4,6.925268476268325E-4,5.433978804441886E-5,2.946984599560582E-4,3.863761749822943E-5,7.598403212902299E-5,3.6899785449374196E-4,2.465197642118379E-4,4.430436546538815E-4,3.574982593727711E-4,6.467735505100649E-5,6.17481031973475E-4,2.644015614967169E-4,7.078693869535738E-5,5.619681248088129E-5
0.24815909416236198,0.03142146279164491,3.537755038794584E-5,2.0605153691990557E-4,1.7609304018670745E-4,1.3964214712015874E-4,7.708638398601494E-6,1.7860183271338787E-4,9.031847754268127E-5,9.904547808297106E-5,1.6536495415812261E-4,1.994152796720169E-4,4.0211167460324726E-5,2.5228399569839426E-6,2.2165009147311404E-4,7.371571279785954E-5,2.3415726612706838E-4,9.418237950956401E-5,2.4599459751269365E-4,2.561258080266303E-5,3.4281146185577844E-4,3.053878604941108E-4,1.8108007538084235E-4,4.4999622422573315E-5,3.432029779428487E-4,5.9742669577447156E-5,9.113583197430248E-4,4.5881217258056015E-4,8.321726802232497E-5,4.8183572557641526E-5
0.2209294142061835,8.535555006222104E-5,1.4700743217296622E-4,1.719100376948195E-5,2.029716125183045E-4,7.917992465367681E-5,9.136253528567142E-4,1.859608070599963E-4,8.272363243690608E-5,6.346897441130046E-5,4.4236887227595315E-5,5.419793710167815E-5,1.5553669775769717E-4,5.094639244693038E-5,5.7116382500340876E-5,6.837239398230138E-5,7.952760318245929E-5,8.270458305327725E-5,2.5200646171690184E-4,6.28382916778606E-5,2.803394486426934E-4,5.5135257393880996E-5,4.100555786634892E-4,1.182459363373724E-4,1.998148066190067E-4,1.1185136609871976E-5,5.459489242969497E-4,4.3577365335103005E-4,1.397785940545541E-4,9.246089261686328E-5
0.8374507169521306,7.471461695029707E-5,0.0213125374308876,6.778580638156976E-6,1.4369214545253633E-4,3.8106105355869046E-5,2.7716443239762734E-5,2.8025091812110693E-4,8.94431248497408E-5,8.348850277686312E-4,1.650917326508377E-4,2.2137292261082553E-4,2.1606447800772539E-4,6.393976132878125E-5,3.477669537274981E-5,3.6298099623519216E-5,5.075073021647039E-4,4.297205850244219E-5,2.422113724082617E-4,3.43798261559619E-4,4.135520725864094E-5,4.0566794681250217E-4,3.686573237070556E-4,5.6076394147786766E-5,1.5162481469408598E-4,1.2702368616324254E-5,4.950814417732843E-4,4.658422004747241E-4,5.132302575781553E-5,3.739662751607415E-4
0.22654889476465456,7.72377764583272E-5,4.8717615106587126E-5,2.2918802631944607E-4,4.003156024403327E-4,1.4012242847633873E-4,4.5126975836085265E-5,1.7669895767145986E-4,1.7274883711801197E-4,2.1325729558586322E-4,5.8939485478785346E-5,4.110097565026157E-4,3.4581623124305464E-4,3.882761781628497E-5,3.3230363299408786E-4,4.718399202312031E-5,2.9051718059780994E-4,8.743387266476913E-5,2.3397591955919104E-5,4.1408684704712694E-6,4.2572831403105653E-4,3.686918246669054E-4,6.725346168510535E-5,9.806441066475391E-5,3.428936899949387E-4,5.832094729041326E-5,0.02964539106282214,3.388712146010895E-5,3.605354830020193E-5,3.642445364151036E-5
0.8360509514906185,7.627548862280144E-5,5.380813764898693E-6,1.050185664876537E-4,1.0937183752027509E-4,9.380799647157688E-5,9.302700818851865E-4,1.4751596880351292E-4,8.861324874408151E-5,1.332955387599194E-5,1.5740435562742163E-5,4.079953339881501E-4,2.3219355953691212E-4,2.1565662722770407E-5,3.8297123950670165E-6,4.2142114060256395E-5,4.772097723214309E-5,9.399697395152491E-5,2.3514198473291925E-4,2.8754493123500454E-6,5.757801488956896E-5,4.774277482637757E-4,6.469552018268203E-5,1.200658140563264E-4,3.5027081042584315E-4,9.8135626128345E-5,0.0011678759681371061,2.339576304557516E-5,1.406504752992334E-4,3.200802680437188E-5
0.022912469295507165,3.7372388973879955E-5,1.7074288023313943E-4,2.505032391880302E-4,2.1609956114674184E-5,1.5578741216026577E-4,1.3581604420991804E-5,9.222454713623393E-5,8.713324796761227E-5,2.1970225599479492E-4,2.418069802417064E-4,1.894518463294905E-4,3.6236832481709635E-4,2.217656241888852E-5,3.996539854450369E-4,5.007033943148676E-4,4.903287686657162E-4,3.5043853707984155E-4,2.73934998128195E-4,2.8835052784273885E-4,5.472689585541411E-5,3.0312232567910593E-4,3.78670516740193E-4,5.554828168182161E-5,3.557221131602021E-4,6.41832984777734E-5,0.0011168717308185578,5.036004350629601E-4,5.0405310157439556E-5,4.4454483700607E-5
0.6229075412594555,8.124541825443076E-5,1.6821821077850439E-4,3.089111137396941E-5,1.093425068756823E-4,4.085157860443209E-6,1.8688081968908077E-4,2.795502934380466E-4,2.2745733594468359E-4,7.961959482126721E-4,1.5478155800527623E-4,2.0768737411223118E-4,1.9191600085881013E-4,1.89675209195369E-5,2.8544203113076627E-5,4.1480011170062646E-5,0.001540111598427328,3.584999217131234E-4,2.939363404080823E-4,1.0022059421408298E-5,3.547446780066622E-4,3.822560601137628E-4,1.3286810496145667E-4,7.744837617731079E-5,1.5852668882832742E-4,5.373836599337759E-5,9.177898076466861E-4,1.0892833048730727E-5,9.109805021318719E-5,3.8187206414556765E-5
0.22130348496131824,7.65338265009769E-5,1.2425538429859916E-4,4.388391784987557E-5,1.094831325676556E-4,4.129679995814967E-6,3.333689782993038E-4,1.4754031874420948E-4,3.975224989857237E-4,9.634376171202785E-6,4.413580731065116E-5,2.0312353158059645E-4,8.108234393901488E-5,1.3553656344964627E-4,6.3368886268088134E-6,4.168507618225488E-5,8.477433013609847E-5,3.585938324548622E-4,2.3547127357499912E-4,3.280803170364538E-4,3.460260146570675E-4,4.7505702932638537E-4,3.8371890990228385E-4,1.2009784783650428E-4,1.987890674886355E-4,1.0200305085829149E-5,0.0011453303719074649,2.3394000540315625E-5,2.0364151282140708E-5,4.63229294570007E-5
0.8426330091045486,8.591125351580593E-5,4.495620956314827E-6,1.0667120252608394E-4,1.400396045621354E-4,1.2439810819107045E-4,1.6769981057766737E-4,1.469927100524528E-4,8.34169863051365E-5,9.828840569754665E-5,1.6885408213417955E-4,2.164731614054661E-4,1.9539908982155E-4,1.7702795518989585E-6,2.2477658143715313E-5,4.056045549114579E-5,1.229879121384905E-4,3.555168060087615E-4,4.370031616652638E-4,5.683422804506738E-5,3.407958337759785E-4,3.1968628903811345E-4,1.251301738115686E-4,2.7509709963960326E-5,2.5087046256528115E-4,7.672855650252756E-5,0.0012442412359209296,1.4380606528858765E-5,5.343765810325739E-5,5.463427292334281E-5
