0.5212058588077304,0.0,0.0,0.0,0.0,0.0,0.0,0.0,0.0,0.0,0.0,0.0,0.0,0.0,0.0,0.0,0.0,0.0,0.0,0.0,0.0,0.0,0.0,0.0,0.0,0.0,0.0,0.0,0.0,0.0
1.0,0.0,0.0,0.0,0.0,0.0,0.0,0.0,0.0,0.0,0.0,0.0,0.0,0.0,0.0,0.0,0.0,0.0,0.0,0.0,0.0,0.0,0.0,0.0,0.0,0.0,0.0,0.0,0.0,0.0
0.27893453335438056,0.0,2.35709283700082E-4,2.068553782084098E-5,0.0,2.2459206022733575E-5,1.3508871562681375E-4,6.730087423256053E-5,1.810956571340966E-5,0.0,4.3835511974836505E-6,1.3975521605945332E-4,0.0,0.0,2.083168903437717E-4,7.48117237174795E-5,1.4401837912409972E-4,0.0018458715883000964,0.0,0.0,2.3082625038650464E-6,0.0,2.4228649312897807E-5,1.4026944372689523E-4,6.764954055995097E-5,0.0,9.756795651058507E-7,0.0,0.0,0.0
0.46515076044677556,1.5646914870887544E-6,0.0,0.0,1.2151294160161533E-4,5.780173071131011E-7,0.0,7.422916404441331E-7,0.0,0.0,0.0,0.0,5.854002800761901E-6,0.0,0.0,2.0109504110440895E-4,0.0,0.0,0.0,0.0,0.0,0.0,0.0,0.0,0.0,0.0,3.849852830189256E-8,0.0,0.0,0.0
0.0066985793143437,6.091275400386446E-4,9.158495067027588E-4,0.0,0.0,0.0,0.0018656530151199976,0.0,5.9682485280477724E-5,0.0,0.0,3.91860321934421E-5,0.0,0.0,5.05408564985401E-5,0.0,0.0,0.0,3.7021146290643594E-7,4.8780019466258546E-4,0.0,0.0,5.101981316553184E-5,0.0,0.0,1.7246084692476704E-4,0.0,0.0,0.0,0.0
7.663625728473872E-4,0.0,0.0016137126076027908,3.34353553831783E-4,0.0,0.0,0.009491733019227766,0.0,4.8756835360228255E-5,0.0,0.0,4.76296588136543E-4,0.0,0.0,6.228428260160804E-5,0.0,3.52913776925004E-4,0.0,0.0,0.0,1.0945327994779395E-6,3.182322262860515E-4,1.2909130313212396E-4,8.518498414781403E-5,0.0,0.0,1.6929213871745314E-4,0.0,0.0,6.344477634318814E-6
0.5768372777448485,9.947875360739765E-4,0.0,0.0,0.0,2.441609499541338E-5,2.303363978797885E-6,9.214977635956453E-6,0.0,8.470251041917478E-5,0.0,1.9845780412873447E-4,7.647049526673929E-5,0.0,0.0,2.623852621975349E-4,1.0112476168150749E-4,0.001571699470943062,1.161203481689314E-6,2.4391041820869864E-5,1.8678356028185157E-5,1.0674374242141856E-4,0.0,2.6866366747767653E-5,0.0,0.0,6.391832348147921E-7,0.0,0.0,0.0
0.3780284079064885,0.0,0.0,0.0,0.0,0.0,0.0,0.0,0.0,0.0,0.0,1.9501738685674848E-4,0.0,0.0,4.656718417607482E-6,0.0,0.0,0.0,0.0,0.0,0.0,0.0,4.388273930499474E-9,1.7152570290532498E-5,1.4049976740137454E-5,0.0,0.0,0.0,0.0,5.206692302329308E-9
0.21915281603532155,2.0017481247476336E-5,0.0,4.112227096069682E-5,0.0,2.4407011736642354E-5,0.0,9.56890290224367E-5,1.767896090529868E-5,0.0,0.0,0.0,1.48267838475919E-4,1.1370784707747482E-5,0.00182742599029545,0.0,6.513559491284717E-4,1.0309656175102762E-4,2.7177099640953204E-4,1.0975774595347813E-4,0.0,0.001233168092521667,0.0,0.0,0.0,1.611035320179769E-4,0.0,0.0,0.0,2.1685015331105065E-5
0.0843193326671581,4.034075349082251E-4,9.246626384594646E-7,3.422837090764761E-5,4.150716300610057E-4,0.0,5.018225394120939E-6,5.509898473234911E-5,1.4703216616951708E-6,3.0923036205029943E-4,2.4844944988696647E-7,1.0182809691352186E-5,1.0111564778074987E-4,2.3889191407076618E-5,5.294407727299566E-6,9.020464263998175E-6,2.1373025277111445E-5,0.0020341189096474543,1.9052394618718717E-5,4.24359886330895E-4,1.9322525671700314E-6,1.6800431315503253E-4,1.2663093510986594E-7,3.402154865732932E-4,0.0015543928495854067,2.6545629750841858E-5,2.1596696629480193E-7,7.742859462936625E-5,1.3085126753496843E-4,2.314849175401372E-6
0.766243155603554,0.0,3.4458840418245996E-6,4.3272434621202155E-5,3.125456797733824E-5,0.0,0.0,0.0,1.2264227419690537E-5,0.0,1.133664996263897E-6,0.0,0.0,0.0,1.5589193119149096E-4,1.4485938455739383E-4,4.472292021744027E-4,0.0,1.500170756009419E-5,0.0,6.595815975344473E-6,5.36703549870579E-5,1.3646502813895315E-5,0.0,0.0,0.0,0.0,0.0,0.0,0.0
0.5882576437246408,1.096235916458419E-6,6.01578037190241E-6,2.1851284800587244E-6,5.473816345118801E-6,4.7432613842963735E-7,1.0093135226921747E-5,3.1067596282046823E-6,2.7751399994042876E-7,4.28273670939042E-6,2.2738998952637453E-7,3.1149879466279732E-6,1.7301643229172385E-5,1.8365940534229463E-6,9.052637582641403E-6,1.027014378385029E-5,3.681498817289081E-7,3.6743272118235554E-4,4.458804404372598E-7,1.128717992412184E-5,1.5771608721194133E-5,2.0150923137548565E-7,5.876034104540584E-6,3.8010020364550234E-4,1.7825497130086296E-5,1.032784594407146E-7,5.49910347775173E-7,2.6537188551084405E-6,1.4490976425152814E-6,1.7342096420729837E-5
0.3344998734613044,0.0,0.0,0.0,0.0,9.564453037584828E-6,5.4892685409522286E-5,2.1717549361901607E-5,0.0,0.0,3.7469264635970227E-6,0.0,1.4417555204925995E-4,0.0,0.0,0.0,0.0,7.680001188653848E-4,8.4713989414337E-8,5.003038638654187E-6,0.0,0.0,0.0,5.666108125959334E-6,0.0,0.0,1.168975170514333E-6,0.0,8.103532642992089E-6,7.799619108969E-6
0.9727687954490574,8.061470779056404E-4,6.794222241008653E-6,1.6236523321922548E-5,0.0,2.2004521190942673E-5,4.2801594701267695E-5,7.353194175712112E-6,1.1203327550889662E-5,0.0,2.111965839433314E-6,1.704061330482301E-4,7.623708265935706E-6,3.060407925058145E-5,1.1849737354512754E-4,8.364630012288828E-6,6.821102712354938E-5,0.0014058434976131004,6.88011755393855E-6,7.110291961346348E-5,5.08473485549905E-6,8.543578636074868E-5,5.15764389072867E-5,3.084629302261394E-5,5.0094966000498E-5,9.321462793142527E-6,5.121586892346327E-8,3.086973878721291E-5,2.4649659587633407E-7,3.154622579991189E-5
0.42969517045136213,7.726686681092415E-6,2.0109307042704626E-4,4.1168566950153447E-5,1.2299527203051138E-4,1.811263125409292E-6,9.825277662492819E-4,2.859606289238059E-6,1.3880781032303515E-5,4.958799694744517E-4,6.407336149800514E-6,6.905559588579811E-5,1.6399338086791514E-4,4.0521997077974195E-5,1.7776973151467196E-4,3.2111339891204954E-4,5.253543262619211E-5,2.484678901438211E-4,2.74446488737412E-5,5.394166845553619E-5,9.14180547374929E-6,4.4964237941175963E-5,6.454407851368683E-5,1.1932460278947804E-5,1.1202393121038573E-4,1.624801689228919E-5,2.306124237908332E-5,4.240873102251711E-5,1.7147961918370422E-4,2.2308003191153543E-6
0.931851697375765,2.394982982383268E-5,3.900447562815335E-5,3.7257469848650355E-5,2.4534528376195604E-6,1.6296501795197816E-6,5.443334870453526E-5,4.04695469068718E-6,7.446422437951844E-6,1.8194971407597704E-5,1.3768553445171116E-6,5.133305906503408E-5,2.7187184702524507E-5,7.140303072672152E-6,1.8571673466445036E-4,8.917984111724889E-6,2.2306691096777542E-4,2.4249452427031614E-5,2.8295752109487545E-6,2.473516461690098E-6,3.5517949917834925E-6,3.219668541997833E-5,4.7708236485578866E-5,6.103957681789677E-6,1.6737504870353077E-5,3.1149942397104753E-6,3.309019521411378E-7,6.3802312720394E-6,1.851481929358452E-6,5.708920961031913E-7
0.2093585723690602,8.237644647661332E-6,0.0,6.868016389495287E-6,6.974205752304026E-5,6.724710782763098E-7,0.0,1.3871152689946485E-6,3.9853177964618705E-6,0.0,0.0,3.5519949863056837E-4,2.2001752472122982E-4,1.6593266641373744E-5,0.0,1.24999483188636E-4,0.0,1.221792411619411E-4,0.0,2.53605645353406E-6,0.0,0.0,3.065492863328254E-5,0.0,5.941238094629495E-5,5.508225306776325E-6,0.0,1.8319381911139925E-5,1.7343711701728567E-5,0.0
0.10826557714403376,4.811126719596643E-6,0.001651446648774234,2.693513652531356E-5,2.8085651863759284E-5,4.025966822965188E-6,2.3419661491425313E-4,1.5182767975809742E-5,1.7457920516695196E-5,3.420302143758257E-4,3.9212321695529485E-5,6.610104042600206E-4,1.7045733365344322E-4,4.532497252195773E-5,2.3171127268327036E-4,1.4685756495876178E-5,9.335845696143632E-5,4.866662150097886E-4,3.0053463938100466E-5,2.9894441532170497E-6,5.783911946425219E-6,2.012303445343763E-5,7.657076644891748E-5,4.6864713359471704E-5,2.5122190761752173E-5,1.6069632276824672E-5,2.219410075402613E-4,3.788308308543667E-5,1.7513851760958873E-5,2.8050649365285636E-7
0.8596013773438,4.1020530503247326E-4,6.570205385700214E-5,8.119555031971292E-5,0.0,3.807859432042955E-5,0.0,9.48618953697749E-5,2.7376795107094355E-6,0.0,1.680559259022844E-5,1.1404446184794728E-4,2.3610439080929096E-4,9.566029936916894E-5,1.5354163989058424E-4,0.0,3.9967139901599753E-4,5.706464240982348E-5,0.0,7.57334797934882E-6,6.710790362203365E-5,1.2222909512571146E-4,7.192937083178404E-5,0.0,0.0,4.501930285635E-5,3.029643719265118E-6,8.103499593612626E-5,0.0,1.0526842737066082E-5
0.608270133972539,0.0,2.3782606219333972E-5,1.1322273661442182E-5,0.0,1.0847016341667216E-5,1.2045632323616148E-4,7.449271290030478E-6,0.0,2.3078452785782675E-4,6.1636369543681E-7,1.8878631785107528E-5,0.0,6.3820491844541636E-6,0.0,0.0,1.63555781996937E-5,7.744552617451394E-5,0.0,0.0,0.0,2.1423133933234506E-5,0.0,0.0,0.0,3.516078537015355E-7,2.5911597019225266E-6,6.325809699823613E-6,8.037418121154092E-6,0.0
0.8161136906154427,4.588871543624245E-6,0.0,0.0,0.0,0.0,0.0,0.0,0.0,1.825929252279062E-5,0.0,0.0,1.826245120118308E-4,0.0,0.0,0.0,1.888359561023473E-4,0.0,0.0,5.095948637441912E-5,6.24862072607045E-5,0.0,0.0,9.042872377006995E-5,3.684785721885044E-5,0.0,0.0,0.0,1.086957722295695E-4,0.0
0.0999844365218002,4.3662261605324564E-5,2.368269398534211E-4,8.858526377702704E-5,7.682657586088433E-5,1.1704251944966065E-6,4.57745455366865E-5,8.075950908759018E-6,6.22624309759073E-5,1.9459480794112847E-5,5.383067311956832E-6,1.2183532811805885E-4,8.09566536567403E-6,1.1909720791234285E-4,2.588505985013996E-4,2.392033770019152E-5,1.2035401544474174E-5,0.0015015683318598408,3.7636606753952127E-6,4.218442026528754E-6,2.6274521999110128E-5,1.7523116658184965E-5,2.9587188707584037E-4,1.6082325543636058E-4,7.253273071046683E-4,6.847908101006844E-5,3.827781528187115E-5,1.8905962334244997E-4,2.228087622418405E-5,1.311420309025592E-5
0.14467865766583718,1.495229653532989E-5,0.0016540791006917682,3.676723661227567E-5,2.9747932102029748E-5,7.485933918988147E-6,0.0,3.43006380521677E-5,1.2993909876804924E-5,0.0,4.164182248534219E-5,6.856964184753499E-4,2.774977149989177E-4,1.7984704221974716E-5,6.559384243299475E-5,8.186529446534228E-6,1.1512098424413525E-4,3.1867652017756806E-4,0.0,3.4251192785847135E-6,1.2199176044883274E-5,2.3149955933778222E-5,0.0,4.720955334359099E-5,0.0,1.7253081807663463E-5,2.2131195092762497E-4,1.5960534190369324E-5,1.797055579836292E-5,0.0
0.305825731935203,1.184515342192971E-7,3.119071951587913E-5,7.131205363775309E-5,4.721140499833685E-4,6.008295730907424E-5,5.15528227541346E-4,1.9255776657362857E-5,4.7133110704982674E-5,1.2764856946487565E-6,8.878096323132237E-7,1.4882310604221983E-5,3.301693245112811E-5,6.41473141651696E-5,1.984333080124727E-4,2.714175768181329E-5,1.860331772117942E-7,3.22873010382863E-4,2.0794604524938306E-6,4.356356116146383E-6,1.5746659860705435E-5,1.727985759332762E-5,7.391101691783907E-4,1.4549553424522019E-5,5.042593640173964E-5,3.566302094840813E-5,4.574800574636489E-5,1.105477259335614E-4,8.623287489754621E-5,1.0001905900962002E-4
0.009824710456002271,5.844308275603127E-4,9.298672053976113E-4,4.970022089285522E-5,0.0,4.3443708655325146E-7,0.0,6.971572825443637E-7,6.197716093153349E-5,2.6890470675530686E-6,1.1826760053369888E-7,6.177121363483911E-5,1.236936768900293E-6,6.16267298658323E-7,4.910750881095003E-5,8.437068916800884E-7,2.127307977119799E-6,5.9243858241711835E-6,0.0,4.0725737329870494E-4,4.776436816493186E-7,0.0,5.625187211992434E-5,0.0,1.1356712822936483E-5,1.6965559256303732E-4,2.2428480416414998E-4,0.0,0.0,0.0
0.06868772276485091,0.0,0.0,0.0,0.0,0.0,0.0,0.0,0.0,0.0,0.0,0.0,0.0,0.0,0.0,0.0,0.0,0.0,0.0,0.0,0.0,0.0,0.0,0.0,0.0,0.0,0.0,0.0,0.0,0.0
0.5541161395786455,1.7236897516304716E-4,4.010739279476427E-5,9.338859929129678E-6,0.0,0.0,5.149632867303724E-6,0.0,0.0,0.0,6.2362739755696585E-6,1.4442478570418935E-5,0.0,0.0,1.7738302402636262E-5,0.0,1.5015100535538877E-4,3.9345983949122266E-4,1.159251514482655E-6,2.991225327802894E-4,0.0,2.7992669582991035E-4,0.0,3.344188322985947E-5,0.0,0.0,4.307214748058382E-6,0.0,5.321723741574503E-4,4.775035949503165E-6
0.690745708535833,1.2263642919267562E-5,1.4853071182506848E-5,1.4315919530514877E-5,7.206786048188737E-7,1.092308827657082E-6,4.1605742478399196E-5,3.3940975153716237E-6,5.557780446920154E-6,5.672548987751842E-6,8.718167265073321E-7,4.1831912832128306E-5,9.224359607896314E-6,1.1884069446244508E-5,1.6167728145582284E-5,1.3138459934592758E-6,1.3192279311932636E-5,4.046852581337591E-5,2.9954751819002906E-6,1.303681143136762E-5,4.330860961911886E-6,7.972552527673173E-6,2.743739235697155E-5,2.3039487772643986E-5,1.574963584508468E-4,6.372106380937812E-6,6.926078833071993E-7,1.7509468998028237E-5,3.6349461756240646E-5,3.1064582599689805E-7
0.6652026131376152,3.3204255190749166E-4,0.0,0.0,4.2209578047131376E-5,4.855604067212546E-5,6.827565010240548E-6,7.606704292107268E-5,6.159720231488421E-7,8.292549319139131E-5,5.681711152833882E-6,1.6475583998283125E-4,3.672845915915631E-4,3.486468046786147E-5,2.219787460283749E-4,0.0,2.2822628661147196E-4,6.179027687872721E-5,1.550123738751527E-5,3.5865990805156693E-4,3.632370408275343E-4,0.0,1.5665824496436277E-5,2.121384412881447E-5,0.0,1.9498663009581798E-5,0.0,2.314555441289753E-5,0.0,1.726114248184945E-4
0.35532293349823607,0.0,2.441882302239996E-7,5.727959506629493E-5,3.662441761263358E-7,0.0,1.2570284718460051E-6,8.674934903753004E-6,7.100643153120139E-5,4.2238894142488087E-7,8.647686573846576E-9,0.0,0.0,1.635831444993812E-4,3.158674609301597E-4,7.29898055292508E-7,1.7930592710555908E-7,8.432921977340755E-4,4.399667122395103E-8,0.0,3.069520855132785E-5,0.0,3.8325035497502704E-4,0.0,3.013687935516467E-7,9.493533662677273E-5,6.821132741039057E-8,2.6401692733089426E-4,2.0174002952163774E-4,3.063484237252123E-7
0.9593333497113018,1.2869588598695928E-5,4.916897044391954E-6,2.2604788944636088E-7,8.174016790590382E-6,1.0382356994184099E-7,2.1182414903372826E-5,2.877994855822117E-7,3.0243045449345194E-8,1.2569189843644893E-5,9.558363168798565E-8,1.3765401921114933E-5,1.903135844123327E-6,1.9208383882370096E-7,1.224774248099196E-5,2.2776394225193455E-5,4.393800910752031E-6,3.7576691809944116E-5,6.653676011954983E-7,2.2025757177039262E-5,1.891135230652285E-6,1.3081047422345886E-6,5.645561753489831E-7,3.3995876191248125E-5,3.642022562719735E-5,9.557045210489337E-8,1.7163936979088849E-6,2.847317073584147E-7,2.752364226416589E-6,1.5953621369415858E-6
0.742173165095025,0.0,0.0,0.0,0.0,0.0,0.0,0.0,0.0,0.0,0.0,0.0,0.0,0.0,3.341779853435648E-5,0.0,0.0,0.0,0.0,4.5481170956240606E-5,9.057758969915838E-5,0.0,3.2776492094750998E-6,0.0,0.0,0.0,0.0,0.0,0.0,0.0
0.07682906212341445,0.0,0.0,1.3919895611283893E-4,0.0,0.0,2.786176517893099E-4,0.0,8.116007692595399E-5,9.427007707784416E-6,0.0,0.0,0.0,8.081110015729825E-5,2.2393472028166478E-4,0.0,3.6150798729564935E-6,0.0,4.301681826970291E-6,2.494295484291403E-5,0.0,7.14096197359196E-6,4.2841450833899775E-4,0.0,0.0,0.0,6.971914411135259E-6,1.1278767675083418E-4,1.1868943551396143E-5,0.0
0.01259606252741823,1.7251521376097763E-5,4.401317471767506E-5,8.353127012792793E-6,4.860484320131934E-7,4.3088183703625115E-7,2.931290477343144E-4,1.963145466292552E-6,3.2441451073857374E-5,3.8330478411012823E-4,4.784695769522877E-6,1.0931428835992515E-5,3.794447192735857E-6,1.1799762051901003E-5,2.047732752321807E-5,4.045711151574267E-6,1.0147472703124905E-5,7.618579592261264E-4,1.2718958598606546E-4,1.3436680328404193E-5,3.5368475496900737E-6,1.3924661832455441E-5,1.3694818533169397E-4,5.211490441778091E-6,1.3646062063968857E-5,1.3138578786518132E-5,4.774556029281912E-6,1.9021621207127862E-5,4.2093796107637595E-5,9.279774494215523E-7
0.4535823452575668,4.816744851968291E-6,3.4161874225656927E-4,6.982172245266774E-5,1.265851383896207E-4,1.113218839816806E-6,0.002779657693439902,2.9651697839845184E-6,1.0511225493254843E-5,1.7515991113710859E-4,1.2373512059546607E-7,1.0382239386208773E-4,2.5569833185551523E-5,6.997460103288479E-7,1.4622020253908043E-5,6.262518455532534E-4,8.872336761108855E-5,5.655603802423024E-5,7.668977628068581E-5,3.7001352834807697E-6,4.910455516861495E-5,6.691224291611145E-5,2.7695181794640155E-5,1.787724026639154E-5,3.218140193400915E-6,3.205447781637527E-7,3.6122220765609634E-5,1.3652770646134885E-6,4.853481934086913E-5,1.5570616434263796E-6
0.05347288619593693,0.0,0.0,1.7598670729010977E-4,0.0,0.0,1.9073530583993945E-5,0.0,9.604001298748128E-5,1.5851194283664845E-6,1.0963906033876488E-7,0.0,0.0,1.7779237872824817E-4,1.84722753741625E-4,0.0,0.0,6.445261578671015E-4,3.442137049068198E-7,0.0,4.401519561168452E-5,0.0,4.695106196687637E-4,0.0,0.0,0.0,0.0,2.9544806874722435E-4,5.7682001343734586E-5,0.0
0.0,0.0,0.0,0.0,0.0,0.0,0.0,0.0,0.0,0.0,0.0,0.0,0.0,0.0,0.0,0.0,0.0,0.0,0.0,0.0,0.0,0.0,0.0,0.0,0.0,0.0,0.0,0.0,0.0,0.0
0.6287991361799666,0.0,0.0,0.0,0.0,1.6848309631970437E-6,0.0,2.85344787572535E-6,0.0,8.796128259116117E-5,0.0,0.0,1.0541393918268346E-4,1.4432996180262802E-6,0.0,1.7438866794852045E-5,0.0,0.0,0.0,0.0,1.441906889085435E-5,0.0,0.0,0.0,0.0,4.9375516943337075E-6,0.0,2.1357845675427474E-5,0.0,0.0
0.24901833026739784,2.1616370879734616E-4,9.06628933747123E-5,1.4744518350497797E-8,1.698539111506112E-7,9.706856491487681E-6,0.0,0.0,5.9139396542643136E-6,0.0,3.065864952018237E-9,3.956920028644063E-6,7.452578270479418E-4,1.1013775506817742E-7,5.097469364639753E-6,2.8710079242770208E-5,8.581097926256981E-8,0.0,0.0,4.8410194018103964E-5,0.0,2.3469449974602678E-8,0.0,3.955976393874378E-8,0.0,1.7381044014463944E-5,1.0696462865082427E-6,5.8151740990985116E-5,0.0,4.533755067911559E-8
0.22927434873254826,4.130484804656061E-5,2.9150113282838578E-5,7.129748856854468E-6,4.0960683846613086E-4,7.630639075977955E-6,8.91584004149891E-5,6.406051543539793E-6,1.1185997636878954E-6,1.7413916820375685E-4,3.1701804464711093E-6,1.355887956242574E-5,7.641054642931549E-5,8.273498911279835E-5,6.177057069922114E-5,8.287792065908027E-4,1.7142957021256418E-5,7.861525062163821E-4,1.8518543791464438E-5,4.291256707988561E-5,8.119651562580379E-5,2.437166245734631E-5,4.536790102279734E-6,1.3508850033013898E-4,9.92941748910838E-4,1.326342417666696E-5,3.1661190141819065E-6,1.2955300486457413E-4,4.237497597482725E-6,1.4296488774714179E-5
0.5431455645186894,0.0,1.3001533307095448E-4,0.0,0.0,0.0,9.356403769507676E-4,0.0,8.838959535231777E-6,0.0,0.0,6.91820103737667E-5,2.4705319416030763E-4,0.0,0.0,8.826632252602665E-5,0.0,0.0,0.0,0.0,0.0,0.0,2.058759042962568E-5,0.0,0.0,0.0,1.884318297168935E-5,0.0,0.0,0.0
0.016130531857993125,0.0,0.0033469785426473997,5.873741102808721E-5,0.0,6.029874472592621E-6,5.912637854383257E-4,3.0644071395668654E-5,3.618373732900574E-5,7.072947033519466E-4,7.214068758032185E-5,0.0013522966015596957,3.4591797845993986E-4,9.279482423821714E-5,2.974550341280572E-4,0.0,1.7569545338878232E-4,0.0,8.365263484017798E-5,6.757459123756727E-6,0.0,5.1418662285564865E-5,1.5735838651852118E-4,0.0,0.0,3.298022210868641E-5,4.3747511575220924E-4,7.766172480073946E-5,4.4550161847434155E-5,0.0
0.7785386000580929,3.092089375225492E-5,0.0,0.0,6.416360082550431E-6,2.0466854394330906E-5,0.0,7.330124895046218E-5,0.0,0.0011761213362697876,6.474989263231338E-6,0.0,0.0011890800491839784,1.696120498255932E-5,1.2457578873552422E-4,3.770663063650857E-5,9.297967643356294E-5,5.435618393361789E-5,4.395309168405072E-5,1.7148767866934292E-5,1.5325295719643232E-4,0.0,2.4672395322214175E-6,1.1724922352808074E-5,5.876681976979497E-6,5.5078978805997E-5,0.0,2.3627663560822775E-4,5.1188701857123443E-5,6.183081813699543E-7
0.18171049630719488,2.3318187041190498E-5,0.0023176860651646218,2.7803581451846894E-5,7.739421011006079E-5,1.0494743975591612E-5,2.023398866144222E-4,2.373983951387174E-5,2.258019121343616E-5,4.16386057185723E-6,5.80200763052681E-5,9.699340286831749E-4,2.787067920636865E-4,3.9711095271364094E-5,1.0272740456376824E-4,8.58919693531253E-5,1.5195345602601646E-4,5.3477383436682E-4,2.910847639365353E-7,5.007034681761709E-6,2.5344790870253073E-6,1.2368495285596426E-5,2.0325932914847478E-5,8.421024268776433E-5,7.756153856169539E-5,2.8138432379352863E-5,3.092616195038699E-4,4.599907490339847E-5,3.069347874771574E-5,8.827966445865933E-7
0.3916257338442531,0.0,0.0,2.259783761363932E-6,1.589892308383742E-4,0.0,8.778638887654366E-4,0.0,1.1482421497481787E-6,0.0,0.0,0.0,0.0,0.0,0.0,8.195149522524689E-4,0.0,9.176392674908684E-5,1.3086449626435135E-4,0.0,1.8303770370634638E-6,7.897439865976801E-7,2.111422738586692E-6,0.0,0.0,0.0,2.279617796782E-7,0.0,8.702459188246922E-5,0.0
0.640271121182538,5.459035338597929E-4,3.0674247534251226E-5,3.8654092627125614E-5,1.0975222451023724E-6,1.3629633514311835E-5,2.7343028375289147E-5,6.041206267737612E-6,2.419242090263477E-5,1.6340580168106075E-6,1.4221010745992368E-6,1.0927778755799169E-4,1.951551821009635E-4,4.3139094248299196E-5,8.593049241713964E-5,1.3090501011331734E-5,4.711987100598245E-5,9.833688509245256E-4,4.791132258521232E-6,4.8146258796596826E-5,1.42524473689686E-5,5.42228674294806E-5,1.0815839354481779E-4,2.0369582510363537E-5,3.141920497359542E-5,9.42857169980801E-6,4.868981201901878E-7,8.242209005579974E-5,8.859089781030013E-6,2.286879777253706E-5
0.5112833493243876,0.0,0.0,0.0,0.0,0.0,0.0,0.0,0.0,0.0,0.0,0.0,0.0,0.0,0.0,0.0,0.0,0.0,0.0,0.0,0.0,0.0,0.0,0.0,0.0,0.0,0.0,0.0,0.0,0.0
0.532188929105199,0.0,0.0,3.345589975497204E-5,7.306376396339263E-5,3.0520764542413535E-5,0.0,4.648192090813992E-5,0.0,1.7904387118911769E-4,7.766440320191271E-6,2.7229687675608053E-5,3.240360142587587E-4,3.816562540597142E-5,1.371617876292182E-4,4.5843888460858306E-7,1.7424098062516696E-4,8.958742558248616E-5,5.13303298953996E-6,0.0,2.719175781216974E-4,1.9947139300463777E-5,2.6564001015293235E-5,3.2918530529422055E-5,7.144873949260322E-5,0.0,4.793766639707341E-6,3.059242531131615E-5,5.1774632346531063E-5,6.029865576721934E-5
0.17207590563474365,0.0,2.891753917266172E-4,1.0816130860718962E-4,0.0,0.0,5.6043822225911745E-5,0.0,4.276229384833115E-5,0.0,7.360189971981551E-6,1.4885691954408923E-4,8.886982183741354E-5,1.0558112868066941E-4,0.0,0.0,0.0,0.001844015573832764,0.0,0.0,5.071392103209126E-5,0.0,3.119192081805097E-4,0.0,0.0,0.0,4.673858992239422E-5,2.474936019655887E-4,0.0,6.55809004725937E-6
0.2691010095246373,3.876692694969694E-6,4.665210684783798E-4,4.209536771001525E-5,7.322902352127027E-5,8.744611362177461E-7,4.903274645521049E-4,2.2950064130443404E-6,2.524759557368029E-5,8.907078429389089E-5,1.1203635550132708E-5,8.109160707655042E-5,6.879312966515377E-5,2.545956213612421E-5,3.629240463827855E-4,3.503102147777471E-4,1.0228286061194977E-4,5.6814355983224996E-5,9.313252077472429E-5,9.20668622022179E-6,5.0704671635034475E-5,7.30039317276333E-5,1.279402729189312E-4,1.0598332365967703E-4,3.2559873070093835E-6,9.168670361890711E-7,6.983961370761724E-5,3.5355588999406556E-5,4.5103745348205056E-5,7.877451617272674E-7
0.8442100619772915,0.0,0.0,0.0,0.0,3.0981624279197546E-6,3.4980139307033426E-4,1.6341146003067568E-6,4.48705672510724E-6,2.888071231102982E-5,0.0,0.0,1.0316868912492936E-4,0.0,0.0,2.1409132721726427E-6,1.770042919256215E-5,0.0,0.0,0.0,6.502280622118844E-5,0.0,2.264665450127437E-5,0.0,4.7691626287692864E-5,0.0,0.0,0.0,0.0,0.0
0.5,9.07637663605041E-8,1.475631822658867E-6,0.0,0.0,2.4433390788727807E-9,1.0307409570144724E-7,1.6802961727650402E-8,0.0,2.218304790191758E-7,3.293772018835615E-8,4.2425851271938674E-7,1.187057131183056E-7,0.0,1.0607613961115062E-6,0.0,1.9781795497253858E-7,0.0,7.237526484926065E-8,8.820610886370907E-9,0.0,1.8762613943034932E-7,0.0,5.63042576652171E-7,0.0,0.0,4.146243087158035E-7,0.0,4.686105928950514E-8,2.8260431914095475E-8
0.00427782086245565,0.0,0.0,3.112442749287539E-4,0.0,0.0,0.008920192662983464,0.0,4.5386934356720516E-5,0.0,0.0,4.49793393919043E-4,0.0,0.0,0.0,0.0,0.0,0.0,0.0,0.0,0.0,0.0,1.2499981396767417E-4,0.0,0.0,0.0,0.0,0.0,0.0,3.699548793206225E-7
0.19978115668260618,5.930825187396455E-5,0.0,0.0,0.0,1.8399145370261533E-6,4.1023598801048504E-5,6.139334220669262E-6,0.0,0.0,0.0,0.0,9.947693506502206E-5,0.0,0.0,8.838490207965695E-4,1.3849887189752749E-4,0.0,0.0,1.2777781811322085E-5,2.7991076213984197E-5,8.641033302351348E-5,0.0,0.0,0.0,0.0,0.0,0.0,4.625902291462284E-5,3.8151692195748576E-5
0.564633666880961,1.4709769823568916E-5,4.137760178002454E-6,4.233975767938843E-5,1.073649083791274E-6,1.4113640357816173E-6,1.763653899378029E-4,3.2987257705215973E-6,3.1892196185960237E-6,1.217580710179302E-5,9.251661043851045E-7,8.507886862417382E-5,2.4830646191922048E-5,5.019888943740957E-8,1.6248069160068658E-4,5.013483420939978E-7,2.193676607550372E-4,0.0,2.678316936294226E-6,7.601569888859508E-5,5.262649296372073E-8,6.289320247233077E-5,2.59059206835807E-5,3.156258513530385E-5,5.455591748042779E-7,4.7421746218585495E-6,0.0,2.7117833061414148E-5,1.7846137045402164E-8,1.565430888573817E-7
0.417039358958464,2.0368660426021564E-5,5.766900871570356E-4,2.0361008109983673E-5,3.6524455385731495E-5,3.331383358035441E-6,1.1968376226626863E-5,1.4989344560578428E-5,6.493877921607438E-6,1.5249162784946766E-4,1.3263599133928747E-5,2.3122054521766453E-4,6.135916239467879E-5,1.0315788564761299E-5,2.920582389212029E-4,3.713305117417102E-6,1.226709989732926E-4,1.56231414810155E-4,5.1044289155315815E-5,1.3417372840648072E-5,1.3303712930776053E-5,2.3219025217774403E-4,4.741589274352946E-5,4.465664039174479E-5,2.5363809826082577E-5,2.5000663433075472E-5,7.854218517778369E-5,2.2167482498740994E-5,1.9447251947655703E-6,4.957553254339977E-7
0.7302975799603211,0.0,0.0,2.439739169790552E-5,0.0,9.335923419413381E-7,0.0,3.7799182990487756E-6,6.0757457873799894E-6,1.0211244823294151E-5,1.3596369731810065E-6,5.2831449803813726E-5,1.991981070757649E-5,6.657116773149087E-6,1.8544748906852262E-4,0.0,2.2375584446636512E-4,8.15458280109982E-5,0.0,0.0,1.2347555562522394E-6,0.0,4.267484716156489E-5,0.0,4.282892735382596E-5,0.0,0.0,0.0,0.0,0.0
0.2594852866427916,0.0,0.0,2.5800263879413983E-5,0.0,0.0,0.0016184812624991567,1.4229329929577378E-6,1.57332583403857E-4,2.1939435884683092E-5,5.858736848309891E-7,0.0,0.0,3.556093159052956E-4,2.3459990639847434E-4,6.937324338943875E-5,0.0,0.0011283837762316351,2.100629969835202E-6,0.0,8.309699608929172E-5,0.0,8.863979586575522E-4,0.0,3.7283353576277934E-4,0.0,0.0,2.248543775602423E-6,0.0,0.0
0.0020946714980455416,9.66430136165102E-4,9.34583571746455E-4,1.6071835215420382E-4,6.402978448091479E-4,1.251703104344691E-6,0.0010107754755469963,0.0,0.0,0.0,1.6805057526215176E-6,3.041753394037327E-4,3.453959351504028E-5,0.0,3.7382299128763184E-5,0.0,3.522500383761457E-5,1.9703316356058955E-4,1.9480105744836773E-5,0.0019250789155793543,0.0,5.821739449777117E-4,0.0,8.830547086918268E-4,1.6729671002171868E-4,1.2745303277192789E-5,9.193315925633223E-5,2.4191622286997552E-4,4.409103056109763E-4,1.0681982019087162E-4
0.830113432233125,0.0,0.0,6.304002422351197E-5,0.0,8.646464021734582E-7,7.987637984446679E-5,0.0,4.503010872346234E-6,0.0,0.0,0.0,0.0,4.81752775473508E-7,0.0,2.4386182788565954E-5,0.0,0.0,0.0,9.203129492121489E-5,0.0,0.0,4.201382864694337E-5,0.0,0.0,0.0,0.0,4.567296301496924E-5,0.0,1.028673141721606E-6
0.7539463837122449,4.901021898667021E-5,1.3668773276264776E-5,7.43297866518745E-6,5.4148308390149745E-5,4.007124424717086E-6,5.110289960433352E-4,1.6046681911253537E-6,5.7126778227870865E-6,6.739978693905211E-5,1.3530105098367808E-6,1.2093769828048748E-5,2.0742353203044318E-4,8.200345158630867E-6,1.6637356638081915E-6,1.7668800064895337E-5,4.359071673283165E-5,7.462331206545572E-6,6.208794465442732E-9,7.767060665385677E-5,5.652143803959506E-5,8.586997806653719E-5,2.1495257258001113E-5,5.747119560083735E-7,2.445925585304034E-4,1.594121516734144E-5,1.8033663396004366E-7,1.4543474991948456E-5,1.7767382346536333E-4,1.6100895790285345E-6
0.8747218412539949,7.02280110203477E-4,3.1534068792557555E-4,9.568810878685365E-5,0.0,5.8219675194079954E-5,0.0,1.397193231516453E-4,1.597584663659839E-5,0.0,1.8443458543088736E-5,0.0,4.5447992104000374E-4,1.2607636695885244E-4,6.389890745023228E-5,0.0,4.568915992665685E-4,1.3232789060713509E-5,0.0,1.7775996705570466E-4,1.4849269432005375E-4,1.356647264192586E-4,7.463777953338043E-5,2.0525793514825907E-5,9.333512429544414E-5,1.088084152658263E-4,7.060124813346492E-5,1.0063300972467667E-4,0.0,1.6797166699525516E-5
0.019717730712219148,3.202514479752631E-5,0.0,1.886565927904562E-4,1.4154403305858999E-5,7.961626860091413E-6,0.0,0.0,0.0,0.0,0.0,0.0,0.0,0.0,7.748624692522722E-5,7.94943662019078E-6,2.028091472879374E-4,0.0,0.0,0.0,5.180044456947116E-6,1.6788549710921826E-4,1.185599707626928E-4,7.221668592133544E-5,1.4989047858958204E-4,0.0,0.0,0.0,4.295881515225092E-6,8.124941588157645E-6
0.09171732348120165,7.903146759940426E-6,0.0,1.9290620214528338E-4,0.0,0.0,0.0,3.563940926790373E-6,1.388463361793947E-4,1.721974732933861E-5,1.1462765093504728E-6,3.2883684443145855E-6,9.223631733421442E-6,0.0,2.101969808694094E-4,0.0,2.4209141248450038E-5,9.186831193052584E-4,0.0,3.672233408282257E-5,5.270238813279772E-5,0.0,5.142834527195398E-4,4.147863590956365E-6,1.0404692210618664E-4,6.856876527717996E-6,0.0,0.0,1.7609666448629047E-4,8.266977605656901E-7
0.40449338656889633,3.083978641776716E-5,3.967461424849816E-8,3.1316182454160344E-6,1.9020848953976856E-4,0.0,0.0010513336921454638,0.0,1.6268018375369058E-6,6.037598571861554E-8,6.693040186522141E-10,6.189251626863476E-7,0.0,2.69056617593918E-7,0.0,9.8036939304453E-4,0.0,7.393233634503792E-5,3.901986165810148E-5,2.098954284755929E-5,2.6382955509980318E-6,0.0,4.247646998751537E-6,1.5524418293055083E-7,5.694474747486806E-9,0.0,3.058653026572828E-7,4.642580472860226E-7,1.0556893205927112E-4,0.0
0.47718340396245434,0.0,0.0,0.0,0.0,1.5493149052762045E-5,0.0010881525859811362,6.804455877860294E-5,0.0,0.001303741025205805,1.3404782829093813E-4,0.0,7.397451868058695E-4,0.0,0.0,0.0,3.491550041796335E-4,0.0,1.5406841945944238E-4,0.0,1.6398044091342727E-5,0.0,0.0,0.0,6.07472358123742E-6,0.0,0.0,0.0,0.0,0.0
0.3449768928227779,3.307290630521962E-5,2.5018596896467034E-5,6.572104696466685E-6,3.195145683476349E-4,6.883511305395209E-6,1.6275417597709765E-4,5.487167939106266E-6,1.964997900248484E-6,1.3759812455820507E-4,2.303669545750976E-6,1.2299241517992404E-5,8.919278428881896E-5,6.504411108023265E-5,4.9802150638926655E-5,6.651862606836989E-4,1.2141982912658362E-5,6.331244056114026E-4,1.4885807374916847E-5,3.0224076980377067E-5,7.719491844418387E-5,1.7660213968212896E-5,8.200956710687532E-6,1.0871133089125303E-4,7.701689993473535E-4,9.249842073473953E-6,2.5570039633817793E-6,1.0390512800647245E-4,4.877752575948948E-6,1.1203847911284728E-5
0.13493168073525524,0.0,0.0,2.467975172764955E-4,0.0,0.0,0.0,0.0,1.406857444668903E-4,0.0,0.0,0.0,0.0,2.536124421754843E-4,2.042837420773987E-4,0.0,0.0,9.578491978871704E-4,0.0,0.0,6.38724373812094E-5,4.1689304788458066E-8,6.544969704631647E-4,0.0,0.0,0.0,0.0,4.302590669005347E-4,5.1471457963440664E-5,0.0
0.23903731278857088,0.0,0.0,0.0,0.0,0.0,0.0,0.0,0.0,3.96893090270112E-7,0.0,2.8879750327171156E-4,0.0,0.0,0.0,0.0,0.0,0.0,0.0,0.0,0.0,0.0,0.0,2.5867378946201883E-5,2.9981353154487184E-5,0.0,0.0,0.0,0.0,0.0
0.44173885507093713,1.9003652936307042E-4,0.0,0.0,1.6151959299050957E-5,1.3624624499995489E-5,0.0,3.962069762671164E-5,1.286567204414831E-5,0.0026800329685276922,0.0,1.0433421281367297E-4,0.0,1.3192131570362415E-5,0.0,6.399856265981429E-4,0.0,0.0,1.0323806364513505E-4,0.0,2.5201830715863236E-5,0.0,0.0,6.087199105615832E-5,4.619042539754703E-4,1.7197542644862914E-5,0.0,1.9549826317820387E-5,0.0,2.2934557943911955E-6
0.3246779522330346,2.7085482451417333E-5,4.226617496546858E-6,5.342841288164793E-6,6.338411404214775E-8,2.5147457473588797E-6,3.547944486494534E-7,6.264865975583246E-6,1.7055064102253637E-7,2.517465879508707E-7,1.108842868115314E-6,1.786520964088355E-4,1.3473553460383124E-5,6.2625001903858945E-6,9.808130566429488E-6,3.037949374459138E-7,2.639484298822077E-5,3.7056909362959115E-6,5.4423872201202734E-8,5.015452094617897E-7,4.465280723823227E-6,8.061468542789788E-6,4.697980473457958E-6,1.640750254560151E-5,1.901696840742556E-5,2.9617639235615314E-6,1.8895098612074257E-7,5.256216984465421E-6,3.525517288367938E-8,6.941986748276513E-7
0.7046111384701835,1.8999719680690028E-5,9.027318111918398E-5,4.24214977245305E-5,2.9985596780263924E-5,8.838692103239537E-7,3.451487213633217E-5,3.404674766834684E-6,4.0045315563667145E-6,1.444595835904997E-5,1.0279915284791775E-6,2.9466421464852458E-5,6.553734831994622E-6,8.927007883562922E-6,1.4783671897949217E-4,1.4805845072167522E-5,1.6079239752275212E-4,0.0,1.3359516393110834E-5,7.552294004054263E-5,3.806786655701949E-6,1.0338955619143623E-4,4.2310654529706374E-5,8.017960023015783E-5,2.83792921414186E-4,3.179798891443282E-6,1.1144618151575398E-5,2.828178208050072E-5,1.2312583117505935E-5,4.565159614923832E-7
0.3666532028525309,5.05933013588861E-4,1.8039731310306808E-5,6.013211810896812E-5,3.327215047757488E-6,1.2423742267623501E-5,4.3711973405521405E-5,4.79885379545969E-6,3.7119409597183144E-5,4.505036027956665E-5,2.270904677629473E-7,1.0901301662355707E-4,4.909021096320219E-5,4.884104661934644E-5,1.172475602652281E-4,2.2972357120007154E-4,5.245366999751547E-5,8.012719336304134E-4,5.595497969358324E-6,1.2570624981806779E-5,1.3087178564427822E-5,5.511990068992153E-5,1.9204589352030135E-4,1.4451506315614016E-5,5.166068309603455E-7,3.8111267697189203E-7,8.265686509594069E-6,7.192069370836986E-5,3.6869755533593073E-6,1.1611097520308802E-7
0.19000720873387894,4.928637162684705E-5,4.2488960334284415E-5,1.0496243090493985E-4,6.929628078216696E-5,4.369416801288973E-6,3.83840201194678E-4,1.83428843237733E-7,3.0356875273400013E-6,9.622167066834384E-7,6.44899639289449E-8,4.532211464503175E-6,9.180876166762486E-7,9.89732935435405E-7,4.918392479856467E-5,2.8978258514003455E-4,1.1254960455018178E-4,4.0063352168037386E-5,4.571784994109868E-5,3.587484110254986E-5,7.934317649478268E-6,9.763047294668384E-5,6.926212392605551E-5,4.668812601646331E-5,8.510243222324183E-5,7.760414701276152E-6,8.162784560441327E-7,4.651357268019219E-6,4.147311718982787E-5,5.356496333811101E-6
0.9172978931047574,0.0,0.0,0.0,0.0,0.0,0.0,0.0,0.0,0.0,0.0,0.0,0.0,0.0,0.0,0.0,0.0,0.0,0.0,0.0,0.0,0.0,0.0,0.0,0.0,0.0,0.0,0.0,0.0,0.0
0.8888095387696778,0.0,0.0,0.0,0.0,0.0,0.0,0.0,0.0,0.0,0.0,0.0,0.0,0.0,0.0,0.0,0.0,0.0,0.0,0.0,0.0,0.0,0.0,0.0,0.0,0.0,0.0,0.0,0.0,0.0
0.652642616663216,0.0,5.777243909280872E-5,1.5691705256838613E-4,8.57684091323706E-6,0.0,0.0,0.0,1.7663216478068085E-4,0.0,3.2434778559874585E-6,0.0,8.102013062696213E-7,4.0453503210348743E-4,3.8431821074996926E-4,0.0,0.0,0.0,0.0,4.924800462323067E-5,7.598928964977234E-5,0.0,8.853650292303243E-4,0.0,5.998956219515947E-5,3.632698398782123E-6,3.999051543777751E-5,7.200976095502807E-4,3.761053447670372E-5,2.769768690452534E-7
0.7173048067436465,1.4309936456790843E-5,5.957826164530719E-7,1.5739993192938177E-5,6.172542749794919E-7,1.0279242984869344E-6,2.8829867735245465E-5,1.0376971688484798E-6,7.221782209493525E-6,1.1089874743137156E-6,8.01830646636099E-7,4.465987282411987E-7,4.921688383530587E-6,1.2955147582972482E-5,4.150217695695186E-5,5.49021873183432E-7,1.084558957347068E-5,2.4514774020948877E-6,6.531428940462829E-6,0.0,3.4456492955308697E-6,2.9042392359165856E-5,4.6068532781376275E-5,4.2674599685168407E-7,8.025408698020134E-7,3.3782976513968506E-6,6.254431104970271E-6,1.3926306949427439E-5,1.6737954648427796E-6,5.016674035958905E-7
0.029854145855245057,0.0,0.0,0.0,0.0,2.197140625391757E-6,0.0,3.816698467720722E-7,3.253309528519638E-5,1.285297430639767E-5,0.0,6.790093026986513E-8,6.51424724898836E-5,2.6763251978605175E-5,5.6982671700247924E-5,3.4332002038578593E-6,4.843976512248251E-5,1.274903260786509E-4,3.5364644159002054E-5,0.0,6.8414781154383285E-6,2.9987102908668483E-4,4.377352585739123E-5,0.0,1.8365313779281994E-5,2.2911328700484533E-5,0.0,0.0,0.0,0.0
0.5980522187147148,0.0,0.0,0.0,0.0,0.0,0.0,0.0,3.3173040167920973E-5,0.0,0.0,0.0,0.0,1.2115000703681364E-5,0.0,0.0,0.0,2.0249932738686198E-4,0.0,0.0,0.0,0.0,1.5636639501105437E-4,0.0,0.0,0.0,0.0,0.0,0.0,0.0
0.7899371612303819,5.156721746557366E-5,2.6948136931492427E-5,7.6238662275491784E-6,1.5496385678016633E-6,4.144110438882729E-6,1.0477273020683797E-5,9.924172544097967E-6,1.3795761106476762E-6,1.9125990267277783E-5,1.3812042307164898E-6,1.4625122748633953E-6,1.4645362374955006E-4,9.402030860832545E-6,6.367239979658811E-6,7.950150784594187E-6,1.4920883499375595E-4,4.83563612101744E-6,4.992971279916793E-7,4.431943744664514E-5,4.835538694200996E-5,1.0412920949031413E-5,6.301482308025925E-6,5.747362469647056E-5,2.557890618091034E-5,7.905581389168082E-6,5.47257746470949E-6,7.613726951501344E-6,6.837454487400723E-5,1.2251557688588298E-6
0.06115123514357074,0.0,0.0,0.0,7.262064147152888E-7,0.0,0.0,0.0,6.144729896287032E-6,0.0,0.0,0.0,0.0015936461729070747,0.0,0.0,0.0,0.0,0.0,0.0,9.634347017144747E-5,0.0,0.0,0.0,0.0,1.167983311602623E-6,2.23821029589683E-5,0.0,1.4032183666309427E-4,0.0,0.0
0.8032362191476397,7.456488656543417E-5,2.4537966797281226E-4,1.878541944625338E-5,1.8805951728017596E-6,3.3952370656083384E-6,5.08257084246352E-4,2.6757045421422133E-6,1.846559214305896E-5,5.563164688075652E-6,0.0,0.0,4.593489653102516E-4,1.3505294994670343E-6,4.218370608074808E-5,1.918615647357393E-5,7.709621680117003E-6,1.573095102007703E-4,8.400420351633253E-7,2.0117866503581646E-5,1.4682615970472499E-5,2.7258656687257417E-5,9.204694802987655E-5,0.0,9.500993347725565E-6,9.623047097382054E-6,2.099891908600867E-5,4.571664463440099E-5,3.1486616898283856E-5,3.549663038051154E-6
0.9864423832915485,0.0,8.118286507291935E-4,0.0,0.0,1.1551892428783566E-6,0.0,4.7084540688171914E-5,2.3109414876792174E-5,4.779886178637094E-4,3.9123893311958285E-5,4.1805876748947206E-4,1.6258462994268145E-4,3.3519980472017285E-5,7.831467376702666E-4,5.340844751749497E-5,1.4342208546354058E-4,4.332539041927997E-4,1.394879513630434E-4,0.0,3.618388823548412E-5,0.0,3.4781441906418974E-5,0.0,0.0,6.462615600027082E-5,1.48145323857639E-4,0.0,0.0,0.0
0.6186357316018049,0.0,1.9866436500756925E-5,0.0,1.8692350190373908E-5,5.399457085118262E-6,0.0010723090533903239,0.0,0.0,4.7165459173751796E-5,0.0,0.0,2.810947599952879E-4,0.0,0.0,2.619168141861484E-5,5.132095512088161E-5,0.0,0.0,0.0,5.737101948201496E-5,7.353613318400839E-5,0.0,0.0,3.6885583561288896E-4,9.180718047491112E-7,0.0,0.0,1.8367461985792605E-4,0.0
0.48872977727135103,6.934248801611562E-5,8.45603943951178E-5,1.1967654761300878E-4,2.633400122538084E-6,0.0,4.088473735922219E-4,0.0,3.93240694832617E-5,3.451942920418299E-5,0.0,0.0,1.4133097190640323E-5,1.3018709780909584E-4,2.6157087576559744E-4,2.9225617947108152E-5,1.3682589790294018E-6,0.0,1.455743245888799E-5,6.656360814747721E-6,0.0,6.38768605002626E-5,3.347597729467194E-4,0.0,0.0,0.0,1.3562679172713525E-5,1.906083504722286E-4,0.0,0.0
0.29717834403274157,6.940409637652613E-4,9.770148875665112E-4,5.932907043043921E-5,1.7923145092074058E-7,2.3023722340444464E-7,0.0,0.0,7.406145424432462E-5,0.0,0.0,2.8085128613875748E-5,0.0,1.1261270625442003E-6,1.1974899705254353E-5,1.9671088217078645E-6,0.0,0.0,0.0,4.836479000048525E-4,0.0,0.0,6.765949103077444E-5,0.0,1.3981517448908339E-5,1.9801532764477232E-4,2.484860562029577E-4,1.2213521169709457E-8,1.304312523583863E-7,1.682394180262392E-8
0.16252059463888352,0.0,0.0,0.0,0.0,1.7635452819730784E-6,0.0,0.0,0.0,0.0,0.0,2.2877718161645134E-4,0.0,0.0,0.0,1.1477015375289595E-5,2.40567321631728E-5,0.0,0.0,0.0,0.0,0.0,0.0,3.893403293392337E-5,0.0014477699822314804,7.688839059687624E-5,0.0,0.0,0.0,0.0
0.9456616448878333,2.693692295142009E-4,0.0025306172458103553,3.375767123624474E-5,0.0,7.476046779168325E-6,5.239088470072128E-4,4.938193411044977E-6,1.631705691171921E-5,6.226322630907563E-4,5.481244634254594E-5,0.0011110723484456747,2.5912316436749845E-4,7.132483991404551E-5,0.0,0.0,1.2581118205365753E-4,0.0,0.0,7.727276790529083E-7,0.0,0.0,7.142603219625736E-5,0.0,6.713486706315336E-6,0.0,3.192938065556297E-4,3.575536795687908E-5,4.8431518753415655E-5,0.0
0.03548881834666506,1.4469517748238883E-4,2.825074520765468E-6,1.11107987480445E-6,5.42384852907405E-6,3.205685966438441E-7,3.257507745119527E-5,7.508243425189365E-7,4.731130723203688E-7,1.3154178924175148E-5,4.498187216040547E-8,1.1346692964795188E-6,2.1385159538351496E-6,8.746195012007438E-7,1.261919728620107E-6,2.6125488866540455E-5,4.437312536645349E-7,4.627481938158118E-6,4.3432987936680665E-6,2.9658854267847033E-6,3.4317252574140595E-7,8.701738292954946E-7,1.3406423879406903E-6,2.9435102901527223E-7,6.43018692523607E-7,3.790356464415642E-7,2.677092429429275E-7,6.544914796649365E-7,3.1329006819399833E-6,4.143526458913593E-8
0.11641775716668298,8.412527994154315E-7,8.53299635402028E-6,1.9134996892317783E-5,1.3878512587611759E-6,9.587683935061594E-7,1.8881693415827845E-6,1.4954002433667382E-7,1.345906236418501E-5,8.6439619019072E-7,1.8737656694836965E-7,1.2463601696207247E-4,7.991914546594268E-4,1.927123147411249E-5,2.033603875224674E-5,6.286724683688853E-6,1.3067896402873128E-5,6.58568769808785E-5,5.951266577921594E-7,5.162276425422541E-5,4.903863070038985E-6,2.958893729513879E-6,5.071461654839226E-5,2.1587669651745576E-5,7.870308084635834E-4,5.306993017368466E-5,1.145798479554912E-6,1.028613465208025E-4,7.4371945062167455E-6,1.20924653706483E-7
0.041322240978343784,1.5699112825812136E-5,0.0019796737648042273,1.1964843837919903E-4,2.2585371233050383E-4,2.2570677616708147E-6,0.0,1.0536108594829195E-5,9.447713306343685E-6,6.18781608460917E-5,8.018731599942057E-6,4.811669929255793E-4,3.741787609197189E-5,1.345890278005524E-5,3.0781544934111056E-4,0.001038099088603263,4.4309591619411505E-4,1.8920891869824927E-4,1.9311439315629754E-4,5.233801453467936E-6,9.579443430914774E-6,4.898603454124559E-4,4.240888683389636E-5,1.1616849477740415E-4,4.7354828151237E-6,1.7494235445233113E-5,2.1988060287884688E-4,1.740367238620388E-5,9.976451704500307E-5,6.774596704661464E-6
0.31565701335651103,0.0,0.0,0.0,5.5240517927203566E-5,0.0,1.2171928028867812E-5,2.0816640711661222E-7,0.001549238207647475,2.3028376642446507E-7,0.0,1.2658095736600017E-4,1.9581883737595E-7,0.0,0.0,1.0013526418959073E-4,7.583013047831592E-6,0.0,6.142758719436849E-7,0.0,0.0,0.0,5.785972527962961E-7,0.0012784797530919806,7.916714732074514E-4,4.2008979030415855E-5,0.0,0.0,0.0015490649250746475,0.0
0.15326266247140174,0.0,0.0,0.0,5.012080231898072E-7,7.936212104365332E-7,0.0,2.425004523934011E-6,0.0,1.5444848852611128E-4,0.0,0.0,6.625336218608569E-5,2.41613165771458E-5,0.0,6.632490076094571E-6,0.0,4.0915277067476096E-4,4.936394144324606E-6,0.0,4.3433109158147164E-5,0.0,5.0274653217616804E-5,0.0,3.829951545549208E-5,9.38959642034861E-7,0.0,6.0224798628924926E-5,0.0,1.2926680673990554E-7
0.6778270639481748,4.8371256777749415E-5,3.2844729249599664E-5,1.0345774665225164E-6,4.009143704685539E-5,1.2403008421481323E-5,6.724427161299502E-5,2.537715677765325E-5,0.0,6.5390653246673804E-6,5.212156677237358E-6,1.6158279585542885E-5,0.0,3.1936028680070118E-6,2.7146140435549915E-5,6.658225778305961E-5,9.612112935039066E-6,9.716597075863974E-4,4.3134217047592963E-7,0.0,1.3267584529300678E-6,2.491471690947404E-5,6.759763335122446E-6,1.7107408961401318E-5,7.656365003722718E-6,0.0,6.30957065592227E-6,0.0,9.529239484562616E-6,1.1001537124790141E-5
0.025274858261251372,1.2919483921812288E-5,1.7354194894389242E-4,3.1755908944054293E-6,7.090908550223069E-6,1.3611382178187154E-6,3.37691904394176E-5,2.8643298007051184E-6,2.720537330187437E-6,1.0398638874644893E-5,4.246588418366397E-6,7.549156633072267E-5,2.450605625713797E-5,4.719411716501525E-6,1.181658760785788E-5,1.4853734284979556E-5,1.4095316294976131E-5,8.290663013910718E-5,6.483172401592669E-7,1.2222696476699836E-6,6.430808049536945E-7,2.947701943867802E-6,6.874850518074163E-6,9.27305803417892E-6,5.675726024140868E-6,2.367766758437827E-6,2.3066377113040183E-5,5.38949119184232E-6,5.024459510051298E-6,1.3035293452577545E-7
0.28867360234466644,4.9417744510215066E-5,4.754108640566123E-4,0.0,0.0,0.0,0.0,8.993909422020377E-7,2.077343068715663E-6,1.1703906500342703E-4,1.0634464372429914E-5,4.71559892644172E-4,4.847137865666504E-5,1.320268923974258E-5,0.0,0.0,0.0,1.787421925474764E-5,0.0,0.0,0.0,0.0,0.0,4.765506960109173E-6,0.0,0.0,5.998877314756608E-5,5.997236810275819E-6,2.802978982636074E-5,0.0
0.9031721623152662,4.31962063836847E-5,4.7769722210085595E-5,0.0,0.0,1.278640560600353E-7,3.8574769112089844E-4,0.0,1.666570378466644E-5,2.3802823048891695E-5,1.7078116133269133E-8,1.4825341376840717E-5,6.033103977960439E-6,4.0629239115925445E-5,6.620267875962618E-5,8.595836564248907E-5,7.37655442055995E-6,1.6729108299634344E-4,9.929619933183556E-6,7.560508947852156E-5,0.0,0.0,9.197325015470588E-5,2.294097875365185E-5,0.0,2.0334390319606614E-5,5.104357274694283E-6,8.164620390137481E-5,6.838962304342089E-5,3.405826321397119E-6
0.12572412786641457,1.0031165559026516E-4,4.897362899711516E-5,3.384523618772928E-4,0.0,5.8033720986912776E-6,2.812484072218724E-6,1.9553180047410958E-5,2.4632708184074925E-4,0.0,3.8080913050727408E-6,9.615109456677803E-5,0.0,0.0,3.7087081308844844E-4,0.0,8.262491407394578E-5,0.0011788453111839388,0.0,9.39476007367233E-5,5.7627562740895057E-5,1.1802791460221019E-5,8.586974851313615E-4,1.694572559775989E-5,1.6049814346012021E-4,2.6137572497996374E-5,1.2547507550336548E-5,0.0,3.085410601562004E-4,3.1545998510231666E-6
0.04645708625915776,6.580272561021601E-6,0.002219932142575529,3.6584348838132406E-5,0.0,2.805603211407808E-6,0.0,2.021962161974791E-5,2.373125807064379E-5,1.9691401491425458E-4,5.1609672498502815E-5,8.888178463716058E-4,1.4357770238819813E-4,6.129261764969457E-5,3.1210258554834226E-4,0.0,1.0097567713944184E-4,6.589095346880084E-4,0.0,0.0,0.0,4.988896070738254E-6,1.0417075618804793E-4,6.343262347569346E-5,0.0,2.1856309978657653E-5,2.983589274230867E-4,5.152485079515125E-5,0.0,0.0
