0.999911241236638,1.522137565627714E-4,3.385487743693341E-5,9.971106340408318E-5,1.9412649237603017E-4,3.799617822470544E-5,8.820277150546194E-5,1.1782160580575019E-4,1.0345422538653255E-4,9.59583876718301E-5,4.527575275609881E-5,1.331207332313774E-4,4.1038338821178277E-5,1.254296676803594E-4,1.0067909701530847E-4,1.4028329547578902E-4,5.733799862289599E-4,2.2772204058787732E-5,1.3272247396407252E-4,6.397114542945548E-5,7.249563017845138E-5,1.014464982474894E-4,5.511179815677613E-4,2.6769488490708442E-5,2.520859395637381E-5,5.473275164101688E-4,3.447836009459988E-5,3.1173620279959077E-4,5.350215259365364E-5,1.6779039361802963E-4
2.8928974527225957E-7,1.7307660404009448E-4,1.3693027678083694E-4,3.243283642732475E-5,1.9071827550271882E-4,6.117464963475018E-4,1.3533187181514206E-4,1.632789238191773E-4,1.029965940531755E-4,1.286699952491705E-4,6.280624160349407E-5,8.057182733971101E-5,6.166963203716651E-6,8.357839800927145E-5,6.269557857334419E-6,8.531306121470716E-5,8.276308152402844E-4,2.4155604431610897E-5,1.322939899671346E-4,5.801318019916962E-5,7.215023961082464E-5,2.8258627605317142E-5,5.581352790882296E-4,1.5405699124500965E-4,1.4562340507562441E-5,1.5556751892034063E-4,1.768829972952479E-4,2.831095081752993E-4,3.7542915079370027E-7,1.8697903286179444E-6
0.16612874949989237,1.7694661453312337E-4,1.7494143825076766E-5,7.85005723863086E-5,5.758462503534706E-5,1.1018120260993936E-4,0.0014146942395949639,3.1539527252550146E-4,7.666170777168248E-5,2.6998389587571764E-4,0.021642351698380562,7.059178802187733E-5,4.531778720316349E-4,1.5123559071065584E-4,2.04458738236297E-4,8.579295436708313E-5,8.763166210016131E-4,2.4393718595127655E-5,4.6744094837400125E-5,5.734511213045993E-5,5.839807937557155E-5,1.5093242689036908E-4,6.813451517355953E-4,9.404616368463478E-6,5.601512586006807E-5,1.728198067249046E-4,4.19983855777029E-5,3.4244648110719244E-4,6.285333220275741E-5,4.415965425886339E-5
0.3157269910173713,1.713260133055838E-4,1.1234950549218654E-4,1.008492008323369E-4,1.0930355557872289E-4,4.066705288019984E-5,6.57752118975477E-5,1.1789690790108669E-4,1.0648132889226229E-4,9.976833348820641E-5,4.9343980803255905E-6,1.2558695141228526E-4,5.729931864126097E-5,1.0328090991324727E-4,1.0121120350999299E-4,2.684133956433482E-4,8.684719791719984E-4,7.396528007786054E-5,3.008025846073049E-4,6.456616580187404E-5,7.354880163319163E-5,2.4178109470432113E-5,4.650115621355098E-4,3.0319941555179566E-5,1.0417383816035283E-4,1.0487066477325214E-5,4.712054225960126E-6,3.10711611076284E-4,9.24099952185712E-5,6.381876897575349E-4
0.8775332874095828,1.429244169685872E-4,3.0980128118036984E-5,7.665355968176502E-5,1.80916589111291E-4,1.9263329356947184E-4,4.635691945306133E-5,4.02228500748553E-4,6.380398516999506E-4,2.1677443422026842E-4,6.129251839209869E-4,5.59424933800169E-6,7.321268050740733E-4,8.009101755000903E-5,1.6532549064599732E-4,4.428831474247391E-6,9.642977937469446E-4,1.6244263311883584E-4,4.7178787370052764E-5,3.64636846765968E-5,1.7695369305611793E-5,9.057747024483867E-5,4.741589481713007E-5,1.3347255901443098E-4,9.056570811271806E-5,3.927558777726181E-4,5.8928382727831146E-5,2.419661402316782E-4,1.1276306049925483E-4,1.6279859822956376E-4
0.6272612708498324,1.555918250348143E-4,1.3582733938774E-4,8.386979814513238E-5,6.508134896516221E-4,9.881944569164997E-5,1.7110462740944806E-4,1.3076306638452586E-4,5.511750649583892E-5,1.419271539274826E-4,6.458692596570471E-5,1.2446017209940922E-4,6.410252301154361E-5,9.797078541469418E-5,2.3298064769191804E-4,1.654582068205424E-4,8.80161389593984E-4,6.329208537632522E-5,5.631953251691434E-5,5.772861501359796E-5,1.1122350569420082E-4,3.481918149341758E-5,2.681444148048684E-4,1.948122428575401E-5,1.2030358887317569E-4,1.5741673590711163E-4,2.8944129001778744E-4,2.795441983096284E-4,2.2454364856691177E-4,4.6546927867524985E-5
0.819017651617754,1.287280623999361E-4,3.350627253497082E-5,1.0620257758567919E-4,7.798159408319363E-4,1.3478127378648146E-4,2.7820386730758445E-4,3.406851453949122E-4,1.0558819010377897E-4,3.581499962977628E-4,2.83056921659212E-4,1.3045748186905312E-4,6.743600760060223E-5,1.2421021060955758E-4,2.0395965838349836E-4,1.6555805517938708E-4,5.738207645535429E-4,3.655511496225437E-6,4.201624371325423E-5,7.551489292155672E-5,7.621296384739026E-5,8.57555906703952E-5,5.181047525359083E-4,3.6666871163496936E-5,2.0546132535375185E-4,1.641393903372547E-4,6.937741247001833E-4,4.937351158736376E-4,1.5306359857014277E-4,5.3746486348309644E-5
0.8006520807045981,1.522137565627714E-4,3.306629446147633E-5,9.869305596039876E-5,1.065115682215236E-4,3.799617822470544E-5,8.820277150546194E-5,1.1640825459918004E-4,1.4029340564498965E-4,2.347935256709361E-4,4.4693156087468905E-5,1.331207332313774E-4,1.1942515486048563E-5,1.254296676803594E-4,1.703111880908655E-4,1.613398159813314E-4,5.764042567837604E-4,2.2772204058787732E-5,1.3033440547185787E-4,6.397114542945548E-5,7.34244987758763E-5,1.1121798169336628E-4,5.183045414817529E-4,2.6769488490708442E-5,2.0398384941183446E-4,1.6425600086469194E-4,4.420523516680355E-5,4.955031763751264E-4,5.350215259365364E-5,1.6779039361802963E-4
0.5746225143745567,1.5519691995141688E-4,3.078154097746588E-5,9.635780697255329E-5,1.1919854655682244E-4,2.481066647645743E-4,5.202671957335288E-5,1.1800913390409863E-4,2.1871482530106822E-4,3.459369106104226E-4,2.6873504488373506E-5,1.0156222316580482E-4,4.6819233148696925E-4,1.2505649912806772E-4,9.759401516876552E-5,1.677138553256272E-4,5.733799862289599E-4,8.313607141260601E-5,1.4646320481078763E-5,6.517005805749024E-5,9.528543700012456E-6,1.0393823305924618E-4,6.040944574345672E-5,2.9064554276447478E-5,0.0017477539165910707,5.772866465736354E-5,6.802907742574607E-5,3.4415251203225814E-4,1.204707227251717E-4,1.6935085523079403E-4
0.49181757747524274,1.6912855638693506E-4,3.253764350625087E-5,3.52208056184468E-5,5.421472755381118E-5,8.772324064247279E-4,4.681774253918842E-5,3.2074520925694163E-4,1.4805189869924486E-4,1.897617083163574E-4,7.174836779875383E-4,7.825873626350472E-5,8.035463751089667E-4,3.262946393534396E-5,6.635005648665147E-5,1.9540410022687585E-5,8.135128802350933E-4,1.574175336169067E-4,1.0793962130882506E-4,6.762350420321778E-5,4.245388690659609E-5,1.226024308644797E-4,0.0010111883066356636,2.4825912165763272E-6,4.1773943266183256E-5,5.388144603331974E-4,2.0811544994413702E-4,2.802186459167724E-4,5.1214161740543974E-5,8.408034975629216E-4
0.5465452750487928,7.975766603960995E-5,1.3539067528793157E-4,1.3235257842145922E-4,5.321050090722584E-5,3.413063222343844E-5,4.705269395755764E-5,3.386974635498191E-5,2.4149645872596862E-4,1.1838634819331984E-4,4.741856651351998E-5,1.554777255411589E-5,8.623962487045713E-5,8.406366375923914E-5,1.2043080736249363E-4,4.337014999729597E-6,8.808943914965754E-4,2.381965804554304E-5,7.8856005674671E-5,3.6005475879430715E-5,4.541884716001967E-5,1.6373749144978054E-5,5.569985147517905E-4,2.367719860539111E-4,6.087541295667562E-4,1.5074616544861485E-4,4.576065309308972E-5,2.433075852161687E-4,6.560340853961353E-5,4.028218195030476E-5
0.6515298954339039,1.7559009720816233E-4,3.0820195050818765E-5,5.6038113368156206E-5,2.608725196205254E-4,1.4110683510412564E-4,3.4635351499061285E-5,1.3431013972143885E-4,2.3797581446125243E-4,2.7004884323676335E-4,5.388270038985475E-4,6.5361138999730305E-6,4.4047056062809477E-4,1.0335620462919356E-4,6.510103874925436E-5,3.0676631157309196E-4,2.6851820522316987E-4,1.5779762678771209E-4,3.525360179438833E-4,6.025649164899364E-5,3.4093179792297736E-4,0.0010825514779168595,3.7122762612614975E-4,1.3442765749943663E-5,1.900284450202764E-4,1.5862863069729242E-4,1.6196776320935872E-4,2.8577436515255157E-4,1.0297628351029448E-4,0.017187230994076798
0.7247836362175731,1.7543842877502133E-4,3.355855578930319E-5,5.6038113368156206E-5,2.660090524528695E-4,1.411846432940292E-4,0.0013826037619263753,3.3738637245248255E-4,2.3797581446125243E-4,3.580193750613506E-4,2.8347848041002197E-4,6.5361138999730305E-6,4.4047056062809477E-4,1.039994227051155E-4,2.057729560697197E-4,3.071591502763042E-4,5.3764295241485755E-5,1.5779762678771209E-4,3.732864748261499E-4,6.025649164899364E-5,0.01335010451413009,0.0010840566771745308,3.7122762612614975E-4,2.890774073499084E-5,1.8512413703985017E-4,1.571533709738712E-4,6.938055967319297E-4,4.0703074932738764E-4,1.5565485187047756E-4,3.442981871618067E-7
0.12230661760657499,1.5546823107115952E-4,3.231653345698679E-5,8.32894969666339E-5,5.1317503102583895E-5,5.2273911719991745E-5,4.677417484610551E-5,1.2987198932082046E-4,2.168958622177703E-4,2.9604246715442517E-4,2.7440728318694574E-5,7.727698620107906E-5,8.352276687642221E-4,5.004921343185927E-5,1.5733251532657204E-4,1.5147950244019263E-4,9.230918092888587E-4,1.5647099382540313E-4,0.001782893456957165,5.623766888636949E-4,1.0413843692470332E-4,9.937798100322468E-5,5.966646622101271E-4,2.3594990344634475E-4,0.019894605805024446,5.391830205266622E-4,4.06160426737483E-5,2.73102992773566E-4,3.8585556752323305E-5,2.43412207397227E-5
0.20012674508741302,1.528115931284082E-4,1.2765312422616972E-4,3.1904436176448304E-5,1.9797521137531832E-4,3.6792370658937174E-4,1.3978059838473677E-4,3.872333956798118E-4,2.0474611406018996E-4,1.1448133964838447E-4,1.1510547405083288E-5,2.6423938207436112E-5,5.273182923726669E-5,8.140120705313789E-5,1.63123309626796E-4,2.334027631079469E-5,8.241838848309439E-4,6.327503884920266E-5,8.078601891636755E-5,2.1641610821793622E-6,7.366775109508876E-5,1.020422168387336E-4,4.868022565133306E-4,0.010896551523132778,6.884641752562221E-4,1.730582775571128E-4,1.051123517848985E-6,2.9585350537061406E-4,1.4557198611258598E-4,6.262056192070431E-5
0.14481696476856176,1.5325986049418355E-4,3.3846487300835745E-5,8.435618296710423E-5,1.9124479915532685E-4,3.556959762240742E-5,1.0688282601678057E-4,3.5212800891524853E-4,5.929490662627783E-5,1.228823254119998E-4,5.257701842094806E-4,8.34974616777563E-5,5.2644924497821226E-5,1.2824394058048237E-4,5.915067482709019E-4,7.878995294153225E-5,2.8881742558626124E-4,2.317071884611481E-5,3.475433854693645E-4,5.953292776945939E-5,1.8465724608981047E-6,1.0155456512578235E-4,6.615586741366657E-4,1.8622317544085874E-4,1.8929496128209847E-4,0.0010738060027112575,8.507628030831811E-5,3.2600303736823205E-4,1.3252908982840794E-5,2.5538918650472775E-5
0.4130296779109216,1.726453290092368E-4,1.4232095052664842E-4,7.07365641685875E-4,1.667724950410844E-4,1.1583975734600579E-4,1.3482188414144485E-4,1.0846976738047632E-4,2.030593066078864E-4,1.8856990849933924E-4,2.5818158873168516E-5,2.731759872828295E-5,5.986557516124213E-5,7.833807870284987E-5,7.694345149655043E-8,7.522766857854564E-5,8.275566575829236E-4,9.465664355180533E-4,1.1085862941582953E-4,6.345742737762117E-5,6.938504470580713E-5,4.649734037103317E-5,4.8578524502871436E-4,1.4334246708309824E-4,6.893242361819346E-4,1.1900157023404841E-4,6.59366246299844E-5,2.863963059931754E-4,9.223514902099532E-5,6.21144159658553E-5
0.2992092166097765,1.770990505168095E-4,3.37627184556269E-5,8.406997287016873E-5,1.8459528412642873E-4,3.781506169706777E-5,2.7336351965323623E-5,1.1207499740642908E-4,1.45219756350266E-4,2.7701093713104893E-4,3.9467303546659224E-5,1.773353538677878E-4,7.226609450208565E-4,8.005005455800798E-5,1.0113262146048096E-4,1.4242220748151313E-4,7.747944240432898E-4,2.1454107940393692E-5,4.718049017449498E-5,5.6470126043012825E-5,3.202802133018687E-4,5.7969386658799556E-5,5.003907822409756E-4,6.270495617548591E-6,5.527598455291453E-4,1.7375632058154464E-4,3.298742313204229E-5,3.434088935170745E-4,6.429847001768463E-5,3.939285800519123E-5
0.023587275575339905,1.5591128320889381E-4,3.618435332304753E-5,8.601441183234204E-5,1.9248856593429646E-4,1.9456574855514694E-4,4.639632325841799E-5,6.628556147658944E-5,1.0927935490575756E-4,1.269953756348501E-4,6.615594596169192E-5,7.959759622101024E-5,7.897057608512262E-5,8.030378536167727E-5,1.0029664709280149E-4,9.097672027060929E-5,8.172820034653809E-4,6.678795743183884E-5,1.2362938177683133E-5,6.382392566862902E-5,3.0523568154741996E-5,2.979843262196019E-5,5.515511927894474E-4,1.5264592919389598E-4,1.8888042476482945E-4,1.3071396308851136E-4,1.1237942533019494E-4,3.2646703712122953E-4,0.013587511600748434,1.6906273258062224E-4
0.5083163478736525,1.5766303033779434E-4,2.2206790791192408E-4,1.0068702044163984E-4,2.002596110545559E-5,1.9445392329144647E-4,4.67449412858778E-5,3.566521731787769E-4,6.528833895782175E-4,1.269953756348501E-4,2.74434281992247E-4,1.2070302066709309E-4,8.1836952820351E-5,8.40266881164549E-5,9.787138262915332E-5,1.7362992725695296E-5,8.500426750175002E-4,6.65576495660918E-5,1.2294235633440366E-5,7.580884759149812E-5,1.3366108661815582E-4,4.9495711607528206E-5,0.0010480401847118952,4.227429222676926E-5,8.359288156677117E-5,0.0014126146368081158,1.4596789336854043E-4,3.44366693943313E-4,1.2267970319082756E-4,1.739062026984348E-4
0.10804983191993292,1.3172066948869803E-4,4.700840404149039E-5,4.901348415772712E-5,1.3332831398287157E-5,9.07118820767145E-4,1.668008538305169E-4,3.9222420427402623E-4,1.0477498669790625E-4,1.8765596440972987E-4,7.247950824850563E-4,1.2454664740874422E-4,2.705818383459691E-5,1.2778533852160045E-4,1.7860393751549248E-4,2.7844806846408194E-5,8.395593392211118E-4,1.966582393820464E-4,6.738128894529274E-4,6.487175962241077E-5,2.8110663601852976E-5,1.438880623152819E-4,8.524822257930623E-5,2.47633298029467E-6,7.269649653429949E-4,4.935898460179895E-4,2.0221594826560523E-4,2.8844935776876717E-4,5.455548666485926E-5,3.516329224421856E-5
0.29208320772164953,1.7708268314925834E-4,1.2652337047451266E-4,8.425633794283923E-5,1.823971780577685E-4,1.7006688629254177E-4,6.900455685556545E-5,1.1414840120266359E-4,8.188799704746324E-5,2.70061353942703E-4,1.1321311495458353E-5,1.143016418608727E-6,5.31100528939912E-5,5.306369051891929E-5,3.517914896161756E-5,7.650620737808809E-5,9.603916603372672E-5,2.49777033711552E-5,1.0579530828171943E-4,5.783950197429929E-5,2.61167577800976E-5,1.0407908309900286E-4,4.8566571413595727E-4,2.2794881085475588E-4,5.754101394194254E-4,5.560835363816568E-4,2.752585156423104E-4,2.942866527860573E-4,3.4857591318780164E-5,6.133235014614305E-5
0.26282891199189967,1.5592582625716854E-4,1.5845645510308186E-4,4.9104304215222664E-5,1.8075574040094504E-5,3.7934356898808866E-5,9.518094573468224E-5,3.93809760643439E-4,1.0407327215756481E-4,3.545521227091479E-4,6.597148047186613E-5,1.244997403961154E-4,2.610255977742464E-5,4.648629710502912E-5,9.787138262915332E-5,1.750454730085166E-5,9.622905052469966E-4,1.977348034091995E-4,1.1622808615220564E-5,7.584012322336157E-5,5.3304781186025647E-5,1.023918615009688E-4,5.002870682395924E-4,2.9300311312185815E-5,4.6728235520248685E-4,1.4627976651571952E-4,1.2953215417332641E-4,3.416141577380445E-4,1.2112647031044249E-4,1.7365414944031454E-4
0.2772052105666993,1.722662625042685E-4,2.2241433992904085E-4,1.022836231509027E-4,2.217482662499112E-5,1.1851669615484863E-4,1.694095588144966E-4,3.775418803424885E-4,2.0093955068746955E-4,1.1456514427557357E-4,7.82159467100572E-4,1.1997075754135005E-4,3.26138033296616E-5,9.661103410619045E-5,3.3614413242345287E-4,2.4051267851654004E-5,6.411938562845333E-4,2.368096521743185E-5,1.1439542684429894E-4,6.124661919458432E-5,7.203923808876498E-5,1.530994724355905E-4,4.836582036577878E-4,5.9386508495443726E-5,7.258296326419526E-4,1.730582775571128E-4,1.438927922604353E-5,3.1342362368798256E-4,1.5228239880333378E-4,2.4436981083969234E-6
0.030670631927727177,1.6561370335474893E-4,2.9094426829474532E-5,1.023826445768014E-4,1.3919500822544636E-4,1.938336525080153E-4,9.029099999394242E-5,1.303766270076072E-4,2.4119349342433097E-4,8.202717514353543E-4,4.133791653050011E-5,1.1179812753710084E-4,2.750826177414883E-5,9.799050967312467E-5,1.9097576302406013E-4,2.929415732619505E-4,8.3867359685181E-4,2.0697602878739347E-5,3.239454821791803E-5,6.370778635076801E-5,4.364409473465307E-4,1.7302449245984378E-5,1.717300624968067E-4,1.5773052521587566E-5,1.8787506266254692E-4,5.214726725549673E-4,3.738960992455322E-5,2.7783840110866124E-4,2.0765073190937255E-4,4.178767614782161E-5
0.5918308321133207,1.3048391110798843E-4,7.972061825094807E-5,5.24182937169029E-4,5.78519728037007E-5,1.0110148971475968E-4,7.004414088699728E-5,3.956212181855075E-4,1.6215266870500173E-4,1.8422966707086063E-4,1.244395956430322E-4,1.1795799336126713E-4,3.921794397241004E-5,8.011777977873447E-5,1.537963630666098E-4,1.976013366033347E-5,9.22790348980262E-4,2.1763903377157444E-5,1.108479087372525E-4,1.973565734489296E-4,3.0258126092680556E-4,9.992882201659003E-5,1.689230368700975E-4,5.583660475988897E-4,5.338659001296341E-5,5.557458099952691E-4,2.1275742668953787E-4,4.1376158567274247E-4,1.5608828417902864E-4,3.928837377096685E-6
0.6152254270469444,1.555918250348143E-4,3.242397802402474E-5,8.696378936248931E-5,6.508134896516221E-4,9.951089150351977E-5,1.4147566697968823E-4,1.3261196327414226E-4,5.511750649583892E-5,1.419271539274826E-4,6.458692596570471E-5,1.2446017209940922E-4,2.75433926859114E-5,7.997983559679852E-5,1.67666906307947E-4,2.3198144729921E-5,8.260182955519825E-4,6.328139187577931E-5,1.2200380521377945E-4,1.2885998974213774E-4,4.154305645229005E-4,3.481918149341758E-5,3.191197009158453E-4,1.668534092216976E-5,1.0694342639644422E-4,1.6876657821822297E-4,2.857001440757583E-4,2.802449119858125E-4,2.2477985245783323E-4,6.26905685952986E-5
4.4678454864699804E-4,2.0060100617791014E-4,2.5980637375060054E-5,5.631716084514455E-5,1.0654346197699947E-4,3.8332623569933467E-5,0.0013647696485351295,3.649878788176851E-5,1.3953757745528703E-4,3.306065954924703E-4,3.574126289752281E-5,6.372607071486318E-5,5.57360372541935E-6,1.0247701278926855E-4,1.6401062355381494E-4,3.180676700865032E-5,9.711750711063312E-4,2.940549827914414E-4,1.3276862258884573E-5,6.314981575107672E-5,2.9833083755993403E-5,1.1194815605828022E-4,5.342528954775368E-4,3.3845670339545527E-4,5.483128436911913E-5,2.811987627656299E-4,6.893980791947564E-5,3.249169250968268E-4,1.185084708457774E-4,2.3841497718576075E-5
0.39824491038334914,1.6960039931779238E-4,4.66037165899793E-5,7.566311364987239E-4,4.9448185970671864E-5,1.919532287592261E-4,5.750178104376905E-5,1.647660920281928E-4,2.4467301247414373E-4,2.1742893326639058E-4,3.8716978818289225E-5,4.068030613095638E-6,8.041955684752128E-4,1.0258044243301675E-4,1.596901513218964E-4,2.3856122904076835E-5,8.809459364650305E-4,6.153464780730132E-5,7.807083417398202E-4,5.702045052955413E-5,2.8346700710561354E-5,1.1564198625518817E-5,2.86111997869789E-4,2.644112138454823E-7,1.0025613841387668E-4,1.6099979932779533E-4,3.89122222452072E-5,2.2743273694661318E-5,9.111928603070728E-5,4.398783546304537E-5
0.6038106512996965,4.2976215994426626E-4,2.681140121060894E-5,1.328674932364407E-4,1.895713985075362E-6,5.006212772063213E-5,9.129225736654888E-5,4.4804717983787014E-5,2.1975419379252287E-4,1.811673892942947E-4,4.6937500589678584E-5,1.543919413038319E-5,9.637091590684534E-5,9.9217084782658E-5,6.807903559603583E-5,0.0044677915765908485,8.074022181167343E-4,2.822823110981785E-5,2.5072257953663373E-5,8.693621794116805E-5,4.447877903124292E-4,1.9237165217691415E-5,5.84983160646401E-4,3.9994095054318295E-6,1.2848718562063946E-4,0.0013984297015144102,4.854602893070706E-5,4.893457069076938E-4,1.265044125229339E-4,1.7026862829815136E-4
0.767825258950365,4.4161811557048527E-4,7.973188012304412E-5,5.406582439521814E-4,5.78519728037007E-5,1.0110148971475968E-4,7.021138586092571E-5,3.956212181855075E-4,1.6145569064840475E-4,5.7438943827821956E-5,8.689170398150145E-5,1.1795799336126713E-4,8.401303114045334E-4,1.2178475235996901E-4,1.9616153181718652E-4,1.8318388358902745E-5,8.372555503110823E-4,2.1006256204932E-5,1.108479087372525E-4,2.0710942989082096E-4,3.101173819207376E-4,9.992882201659003E-5,1.6500617551535777E-4,1.798048043516267E-4,5.30181790713813E-5,1.5745121928845818E-4,2.1275742668953787E-4,4.14832087637163E-4,5.139696249364176E-5,3.928837377096685E-6
0.24977321193055452,1.9832704017994605E-4,1.6407811224276163E-5,7.828541018190504E-5,1.1493741098649664E-4,2.707811435628177E-5,0.0013622436578758497,3.6643700519180764E-5,1.3307234161743657E-4,1.9232855256061078E-4,4.174023124270639E-5,4.7888166270087E-6,1.570134393102965E-5,5.798016769495505E-5,3.8158953816840834E-5,1.9375465298936266E-5,8.801997027766791E-4,1.449473586479914E-4,1.0978713836108397E-5,5.756841953231895E-5,4.2519819940485694E-4,1.4990437073065954E-4,5.628059773016777E-4,3.286936971573142E-4,2.8907359477847445E-4,4.48918081342677E-4,4.354659798867658E-5,3.4212519664098364E-4,1.238001884314507E-4,1.6622810315928684E-4
0.20828914855773226,1.4296272704497406E-4,4.3562079763518816E-5,1.0013538682860607E-4,1.1972591290794888E-4,1.919532287592261E-4,9.355555600126041E-5,3.9692447026930505E-4,2.0372464327072807E-4,2.1742893326639058E-4,3.688805557115935E-5,4.468368642166162E-6,1.6575780050900927E-5,9.83619037156276E-5,1.6238664394486516E-4,2.406144795088152E-5,8.809459364650305E-4,6.210359612289173E-5,1.1239952273020282E-4,4.273147576586318E-6,1.2998589019891236E-4,9.456789696206456E-6,3.005701900737905E-4,2.746731166983035E-4,1.2259964322479196E-4,3.860379951614238E-4,2.9847703151962275E-5,6.488916447976783E-4,3.7200893706844704E-5,4.722826793925934E-5
0.12668662911907125,8.575453069069311E-5,1.2555490225371342E-4,3.2790212220546884E-5,1.7687452090533624E-4,3.6814587869925994E-5,1.4955755780574618E-4,1.706837920770614E-4,1.339468707616003E-4,6.473838550398712E-5,3.4049981529735905E-5,8.28735322420408E-5,4.79664341236638E-4,3.8592981615260924E-5,3.388407976331964E-4,1.627670812703924E-4,9.645522918510639E-4,1.5526739279971596E-4,1.4308587783892068E-4,3.477001360914846E-5,3.809055566720158E-5,2.0690281288215966E-5,4.8218852488936454E-4,2.8756413611825935E-5,4.292049738019564E-5,4.416384526013683E-4,5.941160372352772E-5,4.7227816223096463E-4,9.07777839745083E-5,1.6584517253087944E-4
0.2326187402383746,1.7105312810484577E-4,1.3146763497817306E-4,3.0921085099643624E-5,1.1485837890214899E-4,4.40940399324908E-5,1.3482188414144485E-4,1.619205849012403E-4,1.3375734169486446E-4,1.286699952491705E-4,6.27395491766678E-5,8.057182733971101E-5,2.4833095738571156E-4,8.32411491718377E-5,6.269557857334419E-6,7.713763606392979E-5,8.818322505367067E-4,2.3716811160039655E-5,1.3028176940506423E-4,5.801318019916962E-5,7.216884217933174E-5,2.9513239039096365E-5,5.581352790882296E-4,2.730217446320117E-4,4.4974305865467504E-4,1.5556751892034063E-4,1.543454278387276E-4,2.939049556006545E-4,6.177358472957129E-5,1.8697903286179444E-6
0.6568724728206214,1.722662625042685E-4,6.102239561595795E-5,8.941555716807503E-5,2.217482662499112E-5,1.1851669615484863E-4,1.694095588144966E-4,3.775418803424885E-4,2.0093955068746955E-4,3.3457209366707236E-4,7.82159467100572E-4,1.1997075754135005E-4,3.26138033296616E-5,9.661103410619045E-5,6.398753672250425E-5,2.4051267851654004E-5,2.652259134208073E-4,1.895715305147484E-5,1.1437750289942908E-4,6.042323709842837E-5,7.203923808876498E-5,1.530994724355905E-4,4.937721699480555E-4,5.9386508495443726E-5,7.258296326419526E-4,1.730582775571128E-4,1.438927922604353E-5,3.1342362368798256E-4,1.5228239880333378E-4,6.3088715867153455E-6
0.9009441118274576,1.5678536714090817E-4,2.681140121060894E-5,7.655593253870059E-5,4.9404764859538765E-6,5.006212772063213E-5,9.129225736654888E-5,4.496754665172727E-5,2.210840454109127E-4,1.7712883667955314E-4,6.808700692508934E-5,6.728853818105224E-6,7.410547748847937E-4,9.812322653315425E-5,0.0017704620294818419,0.0044677915765908485,8.074022181167343E-4,2.8182690238735216E-5,2.114685595003686E-5,3.8802027742321026E-5,4.447877903124292E-4,1.0188636220121141E-4,2.2427874451102126E-4,5.8267530898594295E-6,1.2283297842581492E-4,0.0013984297015144102,2.9314124907635906E-4,4.893854688467423E-4,1.9355447187085795E-4,1.7253393383719683E-4
0.042784931294350396,1.726453290092368E-4,1.3971617305262552E-4,1.8603898903291054E-5,1.6700033089695688E-4,1.153900453419768E-4,1.3482188414144485E-4,1.7113955366667444E-4,1.4656533985472385E-4,3.0357028383389375E-4,2.8082958649769145E-5,8.057182733971101E-5,8.221772302545733E-4,7.830987340518117E-5,1.4801384596246176E-8,7.522766857854564E-5,8.275566575829236E-4,5.058184561190791E-6,4.223517322059606E-5,5.802847207216974E-5,6.939894611389682E-5,4.649734037103317E-5,2.8266462968719514E-4,1.8678332429475022E-4,5.176857830099827E-5,5.584526680266738E-4,6.473131410737761E-5,2.858958835425417E-4,9.067816333556227E-5,1.027797340662637E-6
0.5279226803571202,1.7096795948400365E-4,3.21924600965374E-5,9.292328908052419E-5,1.173989871487613E-4,9.641508446357817E-5,1.3675883812222598E-4,1.2738437081997677E-4,1.1438714124768511E-4,2.1344524831635903E-4,3.8689012269181116E-5,4.977291944820827E-6,0.004509166007651911,1.0250087480274553E-4,5.211983753832845E-6,7.34645506639502E-5,5.70771423689702E-4,2.2994346053760473E-5,4.6458561234828896E-5,5.6980257478148265E-5,2.9154398273702577E-5,9.844230552026628E-5,6.095287202260391E-4,3.6422993393731964E-5,2.0927997164731657E-4,1.6103008664668095E-4,5.1480553374974006E-5,2.727814042033645E-4,9.354568217414211E-5,4.3341882311879323E-5
0.4465987383363825,1.7100426430150214E-4,1.248243171860391E-4,9.959238424131711E-5,2.4493751399028786E-4,5.842448838011969E-4,1.3669053785012172E-4,1.605860041816195E-4,1.0162037534178518E-4,1.949941202326516E-4,3.616551317836536E-5,1.143016418608727E-6,6.825278319591006E-5,5.253454800218208E-5,2.4960603570425523E-5,1.1987252439515586E-5,8.272096976446905E-4,1.9478386276893415E-5,1.0900108198589077E-4,5.8012478114880206E-5,2.61167577800976E-5,4.7603374233811154E-5,4.8566571413595727E-4,1.5871729889624663E-6,4.617423851347879E-4,5.560835363816568E-4,9.902794615538154E-5,2.942866527860573E-4,9.117090758461671E-5,2.0789144659506454E-6
0.08886474262757738,1.5523222879769937E-4,1.4281150178422486E-4,4.102474005636434E-5,5.319706985439923E-4,6.264168608059907E-5,4.170960869821855E-4,4.621231403983264E-5,2.1899423906414757E-4,3.415861678828693E-4,3.713961820593783E-5,1.259846469763646E-4,4.8544338269396116E-4,1.2981222775848306E-4,1.3856464928127586E-4,3.295026276610713E-5,9.700394486167529E-4,2.9414384162981724E-4,2.723147090619609E-4,1.8868505446924586E-4,2.7225726750503525E-5,1.0097264932095621E-4,3.405025726846368E-5,1.486341965652613E-4,1.3766930665835844E-4,1.6454165681837693E-4,2.6521608590481137E-5,3.4448919829698285E-4,1.8215373376348276E-4,1.3024866352004004E-5
0.14102294685995287,8.575453069069311E-5,1.2555490225371342E-4,7.606678527776424E-5,0.0506704541694605,1.900640103594262E-4,1.509303029577896E-4,1.706837920770614E-4,1.339468707616003E-4,6.574992351495162E-5,3.4049981529735905E-5,5.9493620299840214E-6,4.79664341236638E-4,8.001809999118954E-5,3.388407976331964E-4,1.6379283485992577E-4,9.643055653667188E-4,1.5526739279971596E-4,4.626536536224023E-5,3.6479048180760245E-5,3.809055566720158E-5,2.0690281288215966E-5,4.8218852488936454E-4,2.9486514980971212E-5,4.292049738019564E-5,4.416384526013683E-4,5.941160372352772E-5,4.7227816223096463E-4,9.07777839745083E-5,1.6282250522665174E-4
0.2438095206873127,1.713260133055838E-4,1.111466558630112E-4,2.2622849485643715E-5,1.3874342101663088E-4,1.6957886554537976E-4,6.57752118975477E-5,1.5538536828068177E-4,1.0282154473428896E-4,1.847043389147603E-4,3.615771796396359E-5,1.8367918021150524E-4,2.1344311848938102E-5,1.0284159780107631E-4,1.452083950951916E-4,2.694922581097659E-4,8.870377914833297E-4,7.396528007786054E-5,3.016874157386149E-4,6.451781314687897E-5,1.7412789677834271E-4,2.4178109470432113E-5,4.6231457775468895E-4,1.5365868177885986E-4,1.0417383816035283E-4,5.231103434865118E-4,8.394568687065701E-4,2.951991400348006E-4,9.137047398992385E-5,6.5007364348586E-4
0.3913364187466685,1.2981486953962397E-4,4.66037165899793E-5,7.566311364987239E-4,4.9448185970671864E-5,1.919532287592261E-4,5.750178104376905E-5,1.647660920281928E-4,2.472147167552002E-4,2.1742893326639058E-4,5.915562211495062E-4,4.068030613095638E-6,8.041955684752128E-4,1.0387796851576942E-4,1.775890453981082E-4,2.3856122904076835E-5,8.721184138420858E-4,2.064223193030152E-4,6.773477086209486E-4,5.749478134393497E-5,2.835156577755332E-5,8.21808782493673E-6,8.290311238341451E-5,2.7141050643975182E-5,1.0025613841387668E-4,1.6099979932779533E-4,3.89122222452072E-5,3.441941577683056E-4,5.09854966694032E-5,4.3469109603670656E-5
0.517013006914,1.7382239146625963E-4,3.167931403665237E-5,9.292328908052419E-5,1.173989871487613E-4,3.885001763621322E-5,1.3675883812222598E-4,1.2738437081997677E-4,1.1438714124768511E-4,2.1418328776652679E-4,3.8689012269181116E-5,4.977291944820827E-6,0.004495596600563824,8.415541521980812E-5,6.152793131324386E-5,6.728768948059574E-5,8.512987442282182E-4,2.2994346053760473E-5,4.6458561234828896E-5,5.679749051472197E-5,4.2167172261578593E-4,9.844230552026628E-5,6.095287202260391E-4,3.593647078507369E-5,2.082294980904645E-4,1.6103008664668095E-4,5.1480553374974006E-5,2.727814042033645E-4,9.354568217414211E-5,4.3341882311879323E-5
0.0031765931845805784,8.055780442535274E-5,1.3691750385409207E-4,1.0146202458055646E-4,5.610716533122013E-5,6.02435477500837E-4,9.434284354450874E-5,3.539112263538447E-5,2.395259903681072E-4,1.1659762248144196E-4,6.863476527575701E-5,6.766110539566687E-6,7.033041678725143E-5,1.7741403639279192E-6,0.0017288916138198764,2.2556119899069594E-5,8.266946145890809E-4,2.3774117174460408E-5,7.60320561590358E-5,3.7581971115626083E-5,7.213430141072277E-5,9.256724809245956E-5,5.569985147517905E-4,0.006392391486096253,6.11578800568367E-4,1.4473406932949325E-4,6.900580959470079E-5,6.48740992303771E-4,9.282863884205883E-5,4.028218195030476E-5
0.7032021179348367,1.5614754946053266E-4,2.6840224271981947E-5,8.329989883475844E-5,1.16976125161846E-4,4.9809872165607276E-5,5.807275751036457E-4,1.127635055277554E-4,1.0443782106826804E-4,3.5852647349895425E-4,1.5117918501965791E-5,1.8530199144547793E-4,6.535107653278653E-5,1.2723698241568084E-4,2.088261123883088E-5,1.4574646603350994E-5,5.741211430479066E-4,2.070005745411875E-5,1.3850956034838275E-4,5.774955501391196E-5,4.1030472912276246E-5,1.4819828286146282E-4,4.913918263606623E-4,2.6659347936181335E-5,3.28340319142693E-5,1.0764822051861756E-4,4.512889298426063E-5,2.7972674911827105E-4,6.451955199961684E-5,7.157665185921035E-5
0.7881574552859485,1.7738811172480443E-4,1.4286611765377055E-4,7.85005723863086E-5,2.849826930183383E-4,1.1018120260993936E-4,3.257243542555805E-5,1.3120943484062848E-4,7.666170777168248E-5,2.7238702531748944E-4,0.021642351698380562,1.0190797323335138E-5,4.531778720316349E-4,1.5123559071065584E-4,6.954381121379958E-5,8.40516158747232E-5,8.763166210016131E-4,2.4393718595127655E-5,4.6744094837400125E-5,5.7346544223681375E-5,5.839807937557155E-5,1.456465133745303E-4,6.779086947976946E-4,9.404616368463478E-6,5.601512586006807E-5,1.5684257570137416E-4,4.19983855777029E-5,4.046338758619133E-4,6.29634096091333E-5,5.857121869113316E-5
0.0048248107957454415,1.5229362994946503E-4,1.335703588214495E-4,6.340816286871351E-5,2.4383690984736915E-4,1.0602932539439465E-4,0.0025615017732578,1.2442320926001245E-4,1.0708111656868769E-4,1.9070435429368405E-4,3.658234524982967E-5,7.440602491394622E-5,6.10152112098146E-4,9.654541817341124E-5,1.6615182806109806E-4,1.534839126304201E-5,5.815563805507593E-4,8.103850690171734E-6,1.4227208803855196E-4,5.293151592652935E-5,1.3735762691710501E-4,1.1359406023407308E-4,5.521055414282495E-4,2.2994684931602687E-4,2.0782588714838773E-4,3.7257035907421255E-4,5.9755054224488655E-5,2.8300486387544053E-4,1.1733534172666979E-4,4.6447146949806515E-6
0.924780330466161,4.523337720832338E-4,2.094308310063695E-4,5.164482391449141E-4,5.985053548994305E-5,1.4949805903489267E-4,6.987750617774464E-5,3.956212181855075E-4,0.01384291214567282,6.974904771178588E-5,8.689170398150145E-5,1.1343283799048074E-5,8.401303114045334E-4,1.1926866171894933E-4,6.423305487833078E-5,2.0582789398527557E-5,8.795135243839193E-4,6.118863615411686E-5,1.0969407971711736E-4,2.0575954054661161E-4,3.101173819207376E-4,9.858153344126041E-5,2.930238061741152E-4,1.798048043516267E-4,5.30181790713813E-5,1.5745121928845818E-4,2.1275742668953787E-4,4.14832087637163E-4,5.139696249364176E-5,2.8646276905704275E-6
0.017084297552105894,4.375660310158704E-4,2.3027612071653314E-4,2.8363236451263367E-5,1.4338003834602937E-4,1.3376762619708805E-4,7.316467628230871E-5,3.1865698996450084E-5,8.13420875246375E-5,1.8768545980416812E-4,5.18540402260626E-4,8.959987436771362E-5,4.2098771206502904E-5,4.866693641889264E-5,1.5646179464048337E-5,1.6776757490936523E-5,9.647942633539714E-4,2.0035411177335018E-4,1.327312381197428E-4,8.676412433612443E-5,2.1296025029658082E-5,3.165032296625565E-5,5.618189394888521E-4,1.4933818246424591E-4,1.1104113793250576E-4,1.555466767067718E-4,5.1679831557777556E-5,2.888866276350834E-4,1.949896806540919E-4,6.180350100483414E-5
0.8517729744602318,4.422732190074854E-4,3.1665448879712733E-5,9.972197261741349E-5,1.192653446643954E-4,3.799335650716853E-5,8.931627261733972E-5,1.124783721832305E-4,1.3485422655624962E-4,1.2720957326632027E-4,7.335779563970272E-5,7.920127637079303E-6,8.471306926566493E-5,8.401619786692376E-5,6.449417751614509E-5,5.416305345382439E-6,8.482897839813975E-4,6.700837359269535E-5,8.336659174399198E-5,6.329864861792539E-5,4.2519819940485694E-4,9.850842744173543E-5,3.461878047473549E-4,1.4241195441523044E-6,4.5793883783072387E-4,4.48918081342677E-4,8.315331683494112E-4,3.3286372467159744E-4,1.224657266062187E-4,8.775205315434937E-4
0.42397712866539405,1.5590589726578646E-4,2.1445946678411143E-4,1.2675181879858246E-4,2.1794500378533241E-4,5.1393268864511507E-5,3.9871485974146163E-5,5.334739377781854E-5,2.194560116225728E-4,1.8554850252523814E-4,6.390537664277962E-5,1.0400860721097074E-4,5.593326678820159E-5,5.39469853560499E-5,1.2734427898500545E-4,1.5904674616921318E-4,6.335041005733515E-4,3.86900183428038E-5,7.594908660668335E-4,5.690241942086958E-4,3.0435302026732362E-5,1.3535149398526318E-5,3.2829094155114414E-4,1.9669171695953995E-6,1.920119082354465E-4,4.5377436238740524E-4,7.992508295387745E-4,7.901732339695624E-4,2.1256703368160564E-4,3.89822815829866E-6
0.6864620618028288,1.5614754946053266E-4,2.6159283322508658E-5,8.329989883475844E-5,1.16976125161846E-4,4.9809872165607276E-5,5.855682324120181E-4,1.127635055277554E-4,1.0443782106826804E-4,3.5852647349895425E-4,1.4745653000245709E-5,1.8530199144547793E-4,6.535107653278653E-5,5.366877412385669E-5,2.088261123883088E-5,1.4574646603350994E-5,7.532990220891233E-4,2.0764811673090386E-5,1.3850956034838275E-4,5.774955501391196E-5,4.225517753597565E-5,1.5159393072381505E-4,4.91899766238544E-4,2.6659347936181335E-5,3.282233037836107E-5,1.4484041377483804E-4,4.497206951801434E-5,2.798822778335278E-4,6.437825843790644E-5,7.157665185921035E-5
0.47980475397694466,1.6159390640245144E-4,2.3092982021622596E-4,2.8514107122833145E-5,1.4338003834602937E-4,1.3376762619708805E-4,7.016023901923864E-5,3.26679038558165E-5,7.897580951219261E-5,1.8980813499421914E-4,1.1395649526932546E-5,9.032651005000408E-5,2.462152510788075E-5,1.2716562640751076E-4,1.082782615022899E-4,7.814775187381883E-5,1.0743474214395095E-4,2.0129483393841247E-4,1.327312381197428E-4,7.607804372383143E-5,4.191907159947733E-5,3.130421439173477E-5,4.527612146550064E-4,2.257193762016067E-4,1.1822290830475089E-4,4.988342071035666E-4,2.0224203714018588E-4,7.22748120958179E-4,3.5043209330441974E-5,6.182093738028403E-5
0.6719309767152895,4.1444936648204274E-4,3.5103266391728906E-5,7.584601742895116E-5,5.75868520791318E-5,1.0723042068103939E-4,7.826594394913569E-5,3.187476001571708E-4,6.495411601540338E-5,2.777286926681796E-4,2.5859783942626293E-5,1.8344085884325332E-4,1.3802642993668865E-4,8.126976364180937E-5,1.984985740898642E-4,3.714779132551888E-5,7.840091368942902E-4,5.7551007845884626E-5,1.361830740962912E-4,2.174747434267047E-5,1.1173560131274387E-4,1.2520981681961763E-4,4.761916325443986E-4,3.415214347305398E-4,3.416741172833894E-5,1.6624710136299678E-4,4.813413050872451E-5,2.774495963524603E-4,6.810044757569309E-5,2.29687746251973E-5
0.9630331694411884,1.318816113266021E-4,8.17083609334147E-5,1.308191135072636E-4,2.1453599315106225E-4,1.89045583486047E-4,5.8473819509718476E-5,3.1324085115919993E-4,2.2104644956348548E-4,1.78917562391431E-4,2.5706246716253127E-5,1.5803651310889205E-5,3.903329624759482E-5,9.889772773292425E-5,6.224845741206514E-5,1.9722409693176694E-5,9.23177790665517E-4,1.2555204534078686E-4,2.4133727785661588E-5,6.361551595607823E-5,8.301210137258235E-5,1.0010882551043685E-4,2.2427874451102126E-4,1.344775879028555E-5,4.28400230568083E-5,1.4290866381738853E-4,4.818159046081363E-5,4.893723678978244E-4,2.0206407782975242E-4,1.9122558963407654E-4
0.980707315476093,1.522396899835876E-4,1.2030237819170247E-4,3.603009833060998E-5,1.0534137632565207E-5,3.407477370779221E-6,1.8111068828118463E-4,1.1764582969215943E-4,6.689075882753085E-4,1.848452871849486E-4,2.520107143439768E-4,1.30960971628468E-4,2.162231691772571E-5,1.23873371677404E-4,2.960986236146035E-5,1.4081895045253844E-4,8.52551850572819E-4,2.396800325371274E-5,1.3588317083742033E-4,6.396865103276254E-5,8.36898184407571E-5,1.4575027485879658E-4,5.173103612612833E-4,2.8237664873722017E-5,2.927700290999764E-5,5.217304617774208E-4,1.7942445457573726E-4,3.132651172324091E-4,9.092953098685306E-5,1.6959046758842925E-4
0.4539977110204694,4.368473659021641E-4,1.1275904408375816E-4,3.226841060404063E-5,2.4493751399028786E-4,1.953696382445767E-4,1.342055584561025E-4,1.709228523778553E-4,1.0912827495802689E-4,3.2530174408170983E-4,6.734442097875641E-5,7.920611784252582E-5,2.7742853951532056E-5,5.0707726364036546E-5,1.0135389022201697E-4,8.835071745616694E-5,9.645585751910486E-4,1.945037598758549E-5,6.705170126169837E-5,5.6843140468343E-5,2.7884438042530616E-5,4.660164879676626E-5,5.484088049855823E-4,1.5392816777812387E-4,4.2406109396257285E-5,5.57675742678462E-4,1.843044618614751E-4,3.1994385317588584E-4,9.803308587061722E-5,8.644577277779097E-5
0.04908834068729523,1.5180716547977022E-4,4.638171730193682E-5,1.2759418170730147E-4,1.2506908718276668E-4,2.449727618906429E-4,8.826232924608634E-5,3.9576695392086854E-4,1.4174081032224264E-4,2.298454073475776E-4,9.092396078858611E-5,5.4726615472174694E-6,4.6083990775757375E-5,8.412570550973356E-5,0.001071872294720424,8.855803539615294E-6,6.244898520670608E-4,2.497672682712357E-5,1.3050790773699248E-4,5.574872370626162E-4,2.9505022219397187E-4,5.208272278834661E-6,4.651760030187147E-4,2.3812278133067896E-4,3.401902986257926E-5,1.4665812862151711E-4,1.960274838519189E-4,4.949540155631586E-4,1.9921387003666262E-4,7.42054023887651E-5
0.9546626631843893,1.5052923910126065E-4,4.590508177501774E-5,9.74147839473605E-5,5.342013032757467E-6,1.840258227660194E-5,1.505923377936653E-4,1.766748912689307E-4,1.0296155955247055E-4,9.822740543546118E-5,4.2017367004258406E-5,1.3138129700791774E-4,3.354874523153167E-4,3.35913840107264E-5,1.0130726329131583E-4,8.201632872175494E-6,6.834065727784965E-4,1.577372658921905E-4,1.4887822497842984E-4,4.3645943032085847E-4,7.198730308800481E-5,1.0497895553551075E-4,4.948531596769277E-4,2.3319454288992022E-6,1.1697622372425478E-4,5.452938752837935E-4,9.648097976952305E-5,4.774829021013188E-4,1.5241340270968575E-4,1.6771979801078493E-4
0.013305442842203922,1.9230994185119585E-4,2.1965580613706606E-5,1.874489567013125E-5,2.449304387685875E-4,2.7289093955483763E-5,5.0745915896143585E-5,3.6564108736817914E-5,1.1283760192777207E-4,1.9163319559900374E-4,3.527705492772653E-5,1.026782703188549E-4,1.4492311903905135E-5,5.385150523798002E-5,1.5975468215087828E-4,8.725838736496237E-5,8.817577425375288E-4,2.3241455180200905E-4,1.4899068272886177E-5,5.620376186857453E-4,3.0003048754837885E-5,2.1698119551243533E-5,5.230756229433216E-5,3.301739789447193E-4,2.961922796746215E-4,3.733241440646573E-4,3.0392464670609185E-4,7.885844337253695E-4,5.260954775562524E-4,6.7953868820646E-5
0.08200269509404645,8.050299455027564E-5,1.4586498309174316E-4,8.092996179661209E-5,5.560882110378105E-4,9.057217340313724E-5,5.914928206011349E-4,3.1400007155270673E-4,1.1650670640129225E-4,5.988119495063799E-4,7.069559877906473E-5,1.2407587183083132E-4,2.6930220793846274E-5,1.0212508591768168E-4,2.1221296156185112E-4,1.6827315909403458E-5,7.587810494722414E-4,6.528703438726852E-5,8.53157229118266E-5,1.9379778464664064E-5,1.1341864821910471E-4,1.0712583105808642E-4,6.771173009192293E-4,2.8562820226780283E-5,3.5428551936529094E-5,1.444347360568145E-4,4.861261515890571E-5,2.7564773799693067E-4,1.7371165971812394E-4,1.7946971301142142E-4
0.5412087529398403,6.033563388273312E-5,7.725716819188114E-5,0.01896463954835511,1.9308510837932723E-4,0.0020874318178760905,5.713695078178561E-5,4.446299202019965E-5,2.2099988420041448E-4,2.1663119682254983E-4,3.8649566669844595E-5,1.1884007774159709E-4,1.922207841383082E-5,9.910998009920869E-5,1.3593659222136523E-4,2.438205817432784E-5,8.809076617552834E-4,2.347043973763552E-5,0.0012236843399070535,4.446201959939296E-5,2.7621619771313994E-5,1.074942996034109E-5,0.010017372565666312,7.867601547041396E-5,1.8838392005385816E-4,6.16239591058012E-5,1.0398590760987535E-4,1.5693913813382635E-4,2.0061744653390338E-4,2.0765447437378416E-6
0.835198535387204,1.5281161848165192E-4,1.3639028993329554E-4,9.191151473968787E-5,2.710270016654759E-4,3.6143810530701044E-5,3.003213349347654E-5,1.33718047399597E-4,1.690659739412484E-5,1.0289474127543438E-4,2.5496725462872776E-4,7.206882442466953E-6,4.3930893091874765E-4,8.213538887197153E-5,6.495773034584688E-5,1.4040392511430693E-4,7.75781715590464E-5,2.6688446798495018E-5,3.707457584313612E-4,6.025649164899364E-5,2.7619847235171547E-5,0.0010480577932814622,5.592008338917904E-4,9.297027908389564E-6,1.8493196820237748E-4,1.5738355074779007E-4,3.1646756805791057E-4,4.028041384057507E-4,1.0866008506741915E-5,5.876219415851909E-5
0.36148093675717385,8.055780442535274E-5,1.3691750385409207E-4,1.0451257656217271E-4,5.988681517253116E-4,6.02435477500837E-4,9.434284354450874E-5,3.539112263538447E-5,2.395259903681072E-4,1.1659762248144196E-4,6.863476527575701E-5,6.766110539566687E-6,7.033041678725143E-5,1.7741403639279192E-6,0.0017061442784421768,2.2556119899069594E-5,7.825167986406173E-4,9.686025042832323E-6,7.60320561590358E-5,3.7581971115626083E-5,7.213430141072277E-5,9.375826743100626E-5,5.569985147517905E-4,0.006392391486096253,6.11578800568367E-4,5.065832343531254E-4,6.906244223040609E-5,6.576482519268056E-4,1.2780773464843062E-4,3.845733317859015E-5
0.33048189116766136,9.799222640599075E-5,3.240982946642872E-5,7.593195435637198E-5,2.718824117472141E-4,3.038227146466889E-5,2.6851127918256002E-5,7.784539498342964E-6,1.141474188774825E-4,3.122125145880606E-4,2.5909972688285886E-5,1.772683857160912E-4,7.08172443870353E-4,9.4586738093676E-5,1.0098597444183074E-4,1.434923033979722E-4,7.748611277826546E-4,1.960527029718072E-5,2.3355656157631832E-5,6.311215110710251E-5,7.35019213500783E-5,5.825160446079232E-5,6.816447563504909E-4,2.1067727297137114E-5,6.176781585007536E-5,1.7420212470065734E-4,6.0338273108555794E-5,2.6502827673140553E-4,1.712590755336703E-4,9.24699887400703E-6
0.346886336381505,1.287280623999361E-4,7.271468671588919E-5,1.047276276157297E-4,6.01866739327798E-4,3.566788796885226E-4,2.7820386730758445E-4,3.406851453949122E-4,1.0558819010377897E-4,3.5875025932436777E-4,6.933255420587713E-5,1.3183685909682545E-4,6.743600760060223E-5,1.251713806742222E-4,9.266211687087225E-5,1.6555805517938708E-4,5.738207645535429E-4,3.655511496225437E-6,4.201624371325423E-5,6.384638924065717E-5,7.621296384739026E-5,7.196363922034601E-5,4.4607693375309617E-4,3.6666871163496936E-5,2.0546132535375185E-4,5.090640544258929E-4,6.937741247001833E-4,4.937351158736376E-4,1.5306359857014277E-4,5.3746486348309644E-5
0.0613953315974376,1.5882656505550465E-4,6.885660370554972E-5,1.9221911390374944E-5,1.809868460577685E-4,1.9354282644200765E-4,5.2205085349982696E-5,3.933052701199186E-4,1.4671849190214104E-4,3.0422969342306207E-4,2.8210444566900683E-5,1.0422009863763487E-4,7.268149370634673E-4,1.8885280904929283E-6,3.225258138582237E-5,4.5597790576716706E-6,8.874867026342421E-4,4.961807189004719E-6,3.9486248552552544E-5,5.4770421752554713E-5,4.3076165227295705E-5,1.1255692890043965E-4,2.9363174571949303E-4,5.735340134546278E-4,2.0857747733236975E-5,5.629030059901158E-4,6.997654799514555E-5,2.8818987212187754E-4,1.6225043072296976E-4,3.919538333509832E-5
0.056296687137839446,1.509222190592311E-4,2.431830444891626E-5,7.537350471756989E-5,1.1202734495322818E-4,2.424608948509937E-4,7.574150065881464E-5,7.624970579603491E-6,6.688538673715729E-4,2.1853712213626983E-4,1.7061260819525392E-5,1.7552409111612938E-4,2.8696447802037243E-5,3.564621712171445E-5,2.1681074304975997E-4,2.464493514946755E-5,9.561248629033062E-4,3.111239346098669E-5,1.7234426395127016E-4,5.794198979057486E-5,9.02131015378136E-5,1.485186985771573E-4,0.0011278589600967322,1.8963415822526817E-5,1.0028753004179204E-4,1.6130092464578398E-4,4.918530490823173E-5,3.4655623629928356E-4,5.5719870378869326E-5,2.2037080843768135E-6
0.7797534792811378,1.55821627319356E-4,7.717433362874777E-5,8.265481085765558E-5,2.0463446785463007E-5,1.0220892821067974E-4,3.9928187790292276E-5,2.2073763639554044E-5,2.1892879753554579E-4,9.393640990789859E-5,2.7223363956741897E-4,1.1793550282065554E-4,2.750797289476845E-5,5.6461274332650516E-5,1.3172902285579858E-4,1.3602292461960085E-4,7.841255830897011E-4,3.8376656179986215E-5,0.0012236843399070535,4.446201959939296E-5,4.441218769803396E-5,5.174825218724947E-5,3.308537394736222E-4,7.866104027870444E-5,1.8959765637246862E-4,4.461930459794791E-5,1.2885862953993925E-4,1.6108057601222955E-4,1.1818819676608643E-4,1.7220072743726007E-4
0.21715920815239986,1.5252324135684844E-4,3.363493575271493E-5,2.881044565187437E-5,7.784063452021569E-4,4.345467427769792E-5,1.694095588144966E-4,3.8538449995799336E-4,8.446985343006919E-5,3.4024079812950965E-4,3.004794382082119E-4,1.2977096932444783E-4,3.350443255933021E-5,1.241283203878133E-4,3.322144959882354E-4,2.3092363147640304E-5,5.765024970475904E-4,6.274891401659138E-5,1.0908443274660281E-4,1.2313970787975658E-6,7.618219943684037E-5,9.446465167304683E-6,5.615156807817868E-4,3.5431877449644376E-5,7.156948345742758E-4,1.730582775571128E-4,2.33390869732624E-5,4.947266700177791E-4,1.5202749295105956E-4,5.392291131297545E-5
0.27115852318770883,1.7391639042633875E-4,1.1062833208548598E-4,3.376683667641588E-5,1.3326713787628058E-4,1.659855655521699E-4,3.7226897014556335E-5,3.237788170062381E-4,1.1924763091288414E-4,1.849472346044978E-4,2.7973275732583343E-4,1.2071415416577529E-4,4.711193828718706E-5,1.029959793495029E-4,3.074322642193137E-4,1.4017757356627023E-5,7.776881250824274E-4,5.7472577899545405E-5,8.618713035475368E-6,6.488994106357817E-5,1.3522802236796202E-4,1.0918326069410194E-4,5.226885197916376E-4,2.5795265819624283E-4,8.531070157160507E-6,3.9943437924270023E-4,6.41726228305542E-5,2.833230029768014E-4,1.1812178663218614E-4,6.395242603129845E-4
0.17547638960318457,7.736394253376119E-5,7.282969722940654E-5,9.953102743667311E-5,6.746935345888739E-5,3.74934184645008E-4,8.134035086611514E-5,3.6632838001260815E-5,9.645694332900058E-5,1.270410279333087E-4,7.394231685565291E-5,5.084198812058709E-6,2.7663378679168832E-5,9.182786792167965E-5,7.319010892051236E-5,3.0371746778297317E-4,8.424305637587078E-4,1.4526777313096291E-5,7.629554017918308E-5,6.297271405386407E-5,1.0056938564762433E-4,9.201526954897307E-5,5.50135536264618E-4,2.058609932426049E-4,1.049609762661902E-4,1.3610006282888538E-4,7.845502744858279E-4,3.8381190554871714E-4,1.2741995215324002E-4,3.665292415277457E-5
0.862682614519561,4.394187871406565E-4,3.217859493959776E-5,9.972197261741349E-5,1.192653446643954E-4,9.555842335153445E-5,8.931627261733972E-5,1.124783721832305E-4,1.3485422655624962E-4,1.2647153381615308E-4,7.335779563970272E-5,7.920127637079303E-6,1.250908370346829E-4,1.0236165744986119E-4,8.19956223369034E-6,1.162329497699852E-5,5.677624634428814E-4,6.700837359269535E-5,8.336659174399198E-5,6.348141558135169E-5,3.294321334654373E-5,9.850842744173543E-5,3.461878047473549E-4,1.9928327683300575E-6,4.589893113916964E-4,4.48918081342677E-4,8.315331683494112E-4,3.3286372467159744E-4,1.224657266062187E-4,8.775205315434937E-4
0.9961153837995652,1.5212165512385272E-4,3.373164607139826E-5,1.0620257758567919E-4,1.1746031418435701E-4,3.669650300955896E-5,8.845686964362382E-5,3.3954280402438984E-4,1.034346715386432E-4,3.476268219042056E-4,1.9621582923228263E-5,1.331917148024398E-4,6.743600760060223E-5,9.66652764690124E-5,2.040079601578817E-4,1.624111134189499E-4,5.738207645535429E-4,2.299162852092696E-5,4.794134398697557E-5,5.871312078512853E-4,7.344890682816496E-5,8.57555906703952E-5,5.173841284065687E-4,2.6786227559405415E-5,2.1085085531859384E-4,1.6386684588300224E-4,2.962944197867454E-4,4.931777625969488E-4,1.5305862556451775E-4,1.693982959672594E-4
0.4337133798071227,1.76209037133848E-4,1.2469817933735746E-4,9.961137510157542E-5,2.4226281320833355E-4,1.930108059066461E-4,1.3669053785012172E-4,1.1115026578291552E-4,1.3532868485012273E-4,1.942978208236665E-4,3.616551317836536E-5,1.000737946715008E-5,3.146856288593903E-5,5.253454800218208E-5,6.477741089432577E-5,1.1987252439515586E-5,8.810294852395636E-4,1.2345712510973704E-4,1.0900108198589077E-4,5.8035495793380386E-5,2.61167577800976E-5,1.4901849072463781E-5,4.861580789510006E-4,6.207594934292024E-5,4.527344983565753E-4,5.557802961331427E-4,8.200659174747014E-4,3.0085817515144303E-4,3.929253916119231E-5,7.295597322213166E-5
0.1867046227542399,1.5484800360104055E-4,7.282969722940654E-5,9.953102743667311E-5,1.240504368188269E-4,3.7430212198999403E-4,8.134035086611514E-5,1.3996161177473403E-4,2.1842151718006332E-4,1.270410279333087E-4,7.991657525898587E-5,1.2450803724225318E-4,2.7663378679168832E-5,9.435004501648013E-5,6.157399910711806E-5,3.0455183638924944E-4,8.419872619139387E-4,1.9552556957995313E-5,9.447334884262685E-5,6.21768153532242E-5,1.0056938564762433E-4,4.50554200367527E-5,1.1584863975090932E-4,2.331010524808036E-4,1.0548916204194011E-4,5.110343104158348E-4,7.89283291692747E-4,3.8381190554871714E-4,1.2741995215324002E-4,1.746568287294441E-4
0.7022349369802723,8.050299455027564E-5,1.3406570243179968E-4,7.589262482624214E-5,2.504139113992923E-4,9.90020477854565E-5,5.81146468284131E-5,2.1953309702045935E-5,1.1650670640129225E-4,1.827706159951202E-4,3.608375559821142E-5,1.2612215404729206E-4,4.7036919990370936E-4,1.0212508591768168E-4,2.1221296156185112E-4,1.57009788585752E-5,7.843396714313037E-4,9.559830262037177E-6,8.53157229118266E-5,1.9379778464664064E-5,1.1325128581711562E-4,5.171994558765643E-5,6.82112589583653E-4,8.071333489215728E-5,4.2149452291316954E-5,1.3727697344441745E-4,5.011274251009816E-5,2.7564773799693067E-4,3.970030925911383E-5,1.6720861455160442E-4
0.37385175206911303,1.7511926029369955E-4,4.602571443075021E-5,3.341987545234617E-5,6.890623207929727E-5,1.660261705096076E-4,9.378788676585283E-5,3.249738494473744E-4,0.006282423898298034,1.0554508197731036E-4,2.71543705319808E-4,1.214941543693471E-4,8.017990188212449E-4,4.562172836586911E-5,9.361680574316948E-5,2.2424865803710397E-5,8.269790431233913E-4,2.4176184478156716E-5,1.4685370129054808E-4,7.529123071874671E-5,1.3523282901200788E-4,0.0012097128287560657,5.163701470398358E-4,4.2131182318254413E-5,2.1201023049976473E-4,4.529259326508464E-4,4.879404584767538E-5,3.502809463838166E-4,1.1808122725711159E-4,6.423430093736107E-4
0.7396928076804534,4.3031140194168204E-4,9.616821159744607E-6,2.621527956565326E-4,5.420041472900791E-4,3.0517930100788223E-5,1.654087264979162E-5,7.745600697690362E-6,2.9364192340315334E-4,1.8655228140209446E-4,3.437662694657344E-5,6.094342113419191E-6,7.778113969888426E-5,1.0257255198442339E-4,4.008516720187345E-5,3.155858871829236E-5,8.904981476096222E-4,1.4354636005737713E-4,2.4121042781014444E-5,6.329836171108718E-5,7.387649522065452E-5,0.0010721474932520996,6.826561008454359E-4,7.763937308162963E-6,4.403786711481473E-4,3.044498540663836E-4,7.81544273909392E-4,2.9422396289681993E-4,5.2286095815575384E-5,1.1186837675503148E-5
0.011207127481671353,1.522137565627714E-4,3.266577120488397E-5,9.971106340408318E-5,1.1826659577545963E-4,1.5784242601754044E-4,8.515828576544584E-5,1.1782160580575019E-4,1.339836046509614E-4,9.59583876718301E-5,3.4426618521273606E-5,1.2595958713784705E-4,1.813626692835548E-5,1.9281711620910765E-5,1.0067909701530847E-4,1.36376082513676E-4,8.93028265816118E-4,2.3782623050854748E-5,1.3033440547185787E-4,1.8978614827019205E-4,7.251423274695847E-5,1.0386368452257948E-4,5.511179815677613E-4,2.791656859705765E-5,1.1954467748783584E-4,5.501768144684286E-4,2.4644871340997906E-5,3.434086313063428E-4,1.814158480607639E-4,1.676646160896913E-4
0.9767144774191541,1.522396899835876E-4,1.2030237819170247E-4,3.603009833060998E-5,1.0534137632565207E-5,1.9463913179199906E-4,4.259156708501843E-5,1.1764582969215943E-4,6.957683901109325E-5,1.8436560696558928E-4,7.147861917091751E-5,1.33180529596248E-4,2.162231691772571E-5,1.241326060135611E-4,2.669588632589997E-5,1.4081895045253844E-4,8.178792865725682E-4,2.448729594190139E-5,1.3588317083742033E-4,6.382311366667865E-5,8.308869341565664E-5,1.4575027485879658E-4,5.173103612612833E-4,2.8237664873722017E-5,2.927700290999764E-5,5.217304617774208E-4,1.7942445457573726E-4,3.132651172324091E-4,0.013649952313495292,1.6958895824103557E-4
0.46447572167595774,1.708792312639132E-4,1.250701044665551E-4,9.959238424131711E-5,2.4493751399028786E-4,1.7006688629254177E-4,1.5796994773929648E-4,1.1115026578291552E-4,1.3532868485012273E-4,1.9174038182371298E-4,3.616551317836536E-5,1.143016418608727E-6,6.825278319591006E-5,5.178827814082251E-5,6.422465156536952E-5,1.6205413052735527E-5,9.641380568728176E-4,1.9450377136883204E-5,6.712231881957333E-5,5.6994078293996086E-5,2.61167577800976E-5,2.09346168910053E-5,4.857357714813679E-4,1.5871729889624663E-6,4.5599942749956755E-4,4.4581203622481E-4,8.451451218876754E-4,2.942866527860573E-4,9.05757888517845E-5,7.623237746352827E-5
0.7328419597384868,1.4810243284285046E-4,3.240982946642872E-5,7.593195435637198E-5,4.972267033106149E-4,3.062724990339341E-5,5.669134097358013E-4,7.784539498342964E-6,1.139229202159112E-4,3.122125145880606E-4,2.5898917449101192E-5,1.9064318127284948E-4,8.379653708353007E-5,9.6977514536134E-5,3.509531183705583E-5,2.8485622604961614E-5,8.811021700357698E-4,6.232996215523013E-5,2.3355656157631832E-5,6.311215110710251E-5,4.3729873280529217E-4,1.89268115821473E-5,5.017156588977708E-4,2.1188607287328133E-5,6.206585618903023E-5,1.5461252845997797E-4,6.0338273108555794E-5,2.674937501183864E-4,1.712590755336703E-4,1.2940141745052116E-5
0.032790954693774965,1.422888139825954E-4,4.702004006192373E-5,7.386744869683715E-5,1.669264943404062E-4,1.8935620153882405E-4,1.2722280673641015E-4,3.9820370905407356E-4,5.864912241286121E-5,2.951590315176349E-4,3.921924663304776E-5,6.850061744251848E-6,5.992104191460244E-4,3.7084429182434152E-6,9.963159392298174E-8,2.406144795088152E-5,8.812389451299642E-4,6.142546987581872E-5,1.3161811297334976E-4,5.673419108414204E-5,3.187628079281654E-5,1.1004791662400829E-4,3.078812916029871E-4,1.479964300945314E-4,1.0209771070856293E-4,5.584702227440783E-4,1.9566102154493285E-4,2.8888795221147204E-5,5.406792875249564E-5,4.4303545461337786E-5
0.09509690752499855,1.2129139521318546E-4,3.228241671188894E-5,8.32894969666339E-5,5.1293670754192056E-5,4.879623620316239E-5,2.7295961414600494E-6,3.182533016368296E-4,2.168958622177703E-4,2.9604246715442517E-4,3.601292778908276E-5,1.8337393271030934E-4,1.20558494775548E-4,5.004921343185927E-5,1.5817333490371216E-4,4.2299622544630765E-5,9.165200333154807E-4,5.755921309817304E-5,4.645918552428818E-5,5.623766888636949E-4,1.1162185738079976E-4,9.937798100322468E-5,5.966646622101271E-4,2.3594990344634475E-4,2.1058396549301065E-4,4.025295118618216E-4,4.83096183506903E-5,2.73102992773566E-4,3.756713677290092E-5,2.43412207397227E-5
0.9164001376354041,1.7150619926686644E-4,3.1853699701474E-5,4.9008976836791904E-5,1.3332831398287157E-5,8.643442248755999E-4,1.2537355738347875E-4,1.5484285832629923E-4,2.17037547740497E-4,2.6749153897741176E-4,1.8392917762881855E-5,1.2454664740874422E-4,4.131076881280081E-5,1.2688203879643927E-4,1.6070504343928068E-4,2.7844806846408194E-5,5.752558689775385E-4,5.7046897965135635E-5,7.771735225717989E-4,6.44423471743366E-5,2.8105798534861014E-5,1.0875200495504265E-4,2.884571217293019E-4,1.3974373297379687E-7,7.307373615864247E-4,1.7348496850211592E-4,2.0221594826560523E-4,2.1435108379362004E-5,9.46892760261741E-5,3.207377261695401E-5
0.021444010060785182,4.375660310158704E-4,2.3638107715183855E-4,2.8363236451263367E-5,1.3391703005711391E-5,1.810607905149915E-4,7.2587463277681E-5,3.1865698996450084E-5,8.13420875246375E-5,1.8768545980416812E-4,5.625234786784564E-4,8.959987436771362E-5,4.2098771206502904E-5,4.866693641889264E-5,1.5646179464048337E-5,1.6776757490936523E-5,9.647942633539714E-4,2.0035411177335018E-4,6.21669391968276E-4,8.676412433612443E-5,2.1400953120373403E-5,3.165032296625565E-5,5.618189394888521E-4,1.4933818246424591E-4,7.192375169033521E-4,1.555466767067718E-4,0.022993352413563855,2.888866276350834E-4,2.0885578103265473E-4,6.180350100483414E-5
0.006934586631768824,7.07693002582211E-5,1.3845280832137238E-4,1.0146202458055646E-4,1.673475093957741E-4,5.272685235217583E-5,1.326254463960861E-4,3.260974571699621E-5,2.0281293628034283E-4,1.1786028706659352E-4,2.666938390851687E-5,2.7839624935627673E-5,5.547170780612043E-7,4.6164369945706834E-5,0.0016888588894241078,2.2556119899069594E-5,8.275252658339701E-4,2.258604995940203E-5,1.0698335727950159E-5,3.7921952299257813E-5,6.924005646251218E-5,9.267436773793562E-5,4.879000922992707E-4,2.3849562465532532E-4,6.099190532920342E-4,1.4523509559543146E-4,8.107841614466663E-4,3.3598972208350234E-4,1.221450121846652E-4,4.028218195030476E-5
0.8385947306494684,1.429244169685872E-4,3.0980128118036984E-5,3.337698662687666E-5,1.80916589111291E-4,3.938440129696331E-5,4.4984178743814104E-5,4.02228500748553E-4,6.380398516999506E-4,2.157629005073013E-4,6.129251839209869E-4,8.257253773694161E-5,7.321268050740733E-4,3.8665899174208815E-5,1.6532549064599732E-4,4.275965658555162E-6,9.645445202312897E-4,1.6244263311883584E-4,1.4399930114427574E-4,3.475465010498501E-5,1.7695369305611793E-5,9.057747024483867E-5,4.741589481713007E-5,1.327425827394836E-4,9.056570811271806E-5,3.927558777726181E-4,5.8928382727831146E-5,2.419661402316782E-4,1.1276306049925483E-4,9.159391723725092E-5
0.3357570880436561,1.522744608227464E-4,4.590508177501774E-5,9.735536152168035E-5,5.342013032757467E-6,1.840258227660194E-5,1.5995002786715873E-4,1.7588542740409383E-4,4.9014699426466914E-5,3.958340704158537E-5,4.2017367004258406E-5,8.313838069214907E-5,3.305060015290008E-4,3.430827800368532E-5,1.4596518396257002E-4,1.3721536856849774E-5,5.790400406700055E-4,1.577372658921905E-4,1.4887822497842984E-4,4.3645943032085847E-4,1.3628929593873583E-4,1.0497895553551075E-4,4.959862526121109E-4,2.3319454288992022E-6,1.1712685608850769E-4,4.442710690439003E-4,9.879757714733749E-5,4.774829021013188E-4,1.5385695608179336E-4,1.641813035033807E-4
0.37959622712091307,1.2981486953962397E-4,6.899708691923711E-5,1.2391321417614851E-5,1.7995067542292333E-4,1.919532287592261E-4,5.21287956491198E-5,1.647660920281928E-4,2.472147167552002E-4,2.1742893326639058E-4,5.915562211495062E-4,4.068030613095638E-6,8.061604030331882E-4,1.0387796851576942E-4,1.7060199020066172E-4,2.3856122904076835E-5,8.718259652080106E-4,2.1850455524618286E-4,6.773477086209486E-4,5.749478134393497E-5,2.797776448165472E-5,1.1323493527173298E-4,7.079383921062026E-5,3.579882428655576E-5,1.0025613841387668E-4,5.567990051502754E-4,3.89122222452072E-5,3.441941577683056E-4,1.6208783929114217E-4,3.92145592487219E-5
0.07771370575767655,1.4769690889399926E-4,3.2312378195425265E-5,8.32894969666339E-5,5.1293670754192056E-5,4.879623620316239E-5,4.8154711276816376E-5,7.43167998106732E-6,2.168958622177703E-4,2.961458948526279E-4,3.601292778908276E-5,7.727698620107906E-5,8.334348689877903E-4,4.9363357678162446E-5,1.5773555861766256E-4,1.9234336955603983E-4,9.241546021268867E-4,5.755921309817304E-5,4.645918552428818E-5,5.600569800951146E-4,1.060687676296485E-4,9.937798100322468E-5,5.979052411491364E-4,2.2477946606584665E-4,2.056587445619093E-4,4.025295118618216E-4,4.06160426737483E-5,2.7298311795920525E-4,3.8711029536689944E-5,2.357428340017228E-5
0.5791345659333705,1.6293375472821095E-4,3.20716225161901E-5,1.1066180634525304E-4,8.093575941240234E-5,2.4693302491682236E-4,8.732238437461833E-5,1.3047466664467756E-4,4.3219282670063064E-5,3.007153407788452E-4,1.5842429179205E-5,4.941909954715357E-6,3.0236944244013762E-5,4.9906476292938025E-5,6.613486128657358E-5,1.6673900296509614E-4,9.175997424667796E-4,8.444355396080894E-5,1.0214183639357499E-5,5.6679889712014556E-5,1.88110860814291E-4,2.9542336913203048E-5,4.730926171480352E-4,2.2717253021070183E-4,1.0837684898103522E-4,1.6531180354609708E-4,3.829997531700494E-5,2.703325062070922E-4,1.234677319801561E-4,6.456993474431395E-5
0.9428155271001807,1.55821627319356E-4,2.6165854474625483E-5,1.0407594850661663E-4,2.1120777028438765E-5,1.944587796797399E-4,8.97868737760442E-5,2.2073763639554044E-5,2.196016467945759E-4,9.393640990789859E-5,2.7223363956741897E-4,1.1793550282065554E-4,2.750797289476845E-5,5.6461274332650516E-5,6.301475864609632E-5,1.3513127875763403E-4,7.841255830897011E-4,3.8376656179986215E-5,0.0012236843399070535,4.446201959939296E-5,8.336221861376787E-6,5.174825218724947E-5,3.0001981563969186E-4,7.873334716228969E-5,1.8959765637246862E-4,5.034024611894956E-4,4.098585163823883E-5,1.5385918774670656E-4,1.1818819676608643E-4,1.6709880954983197E-4
0.755368812151414,1.4810243284285046E-4,3.240982946642872E-5,7.593195435637198E-5,4.972267033106149E-4,3.062724990339341E-5,5.669134097358013E-4,7.784539498342964E-6,1.139229202159112E-4,3.122125145880606E-4,2.5909972688285886E-5,1.9064318127284948E-4,4.4934366815198854E-4,9.4586738093676E-5,2.0092763463141932E-4,2.8485622604961614E-5,8.810100937244893E-4,6.232996215523013E-5,2.3355656157631832E-5,6.311215110710251E-5,7.35019213500783E-5,1.89268115821473E-5,6.831308955253829E-4,2.1188607287328133E-5,5.598132571736026E-5,1.5250100270771E-4,6.0338273108555794E-5,2.6502827673140553E-4,1.712590755336703E-4,1.2940141745052116E-5
0.10298555283767623,1.3172066948869803E-4,4.6278451655544026E-5,4.9008976836791904E-5,1.3332831398287157E-5,8.68985088676837E-4,9.292316051709395E-5,3.9222420427402623E-4,1.0671295331948167E-4,2.6749153897741176E-4,5.673577731995906E-4,1.2454664740874422E-4,3.7477893977140965E-6,1.2817956487919195E-4,1.7860393751549248E-4,2.7844806846408194E-5,7.738923211478158E-4,2.0193454894751854E-4,6.738128894529274E-4,6.491667798871744E-5,2.8110663601852976E-5,8.252784233192297E-6,7.793721225077586E-5,2.47633298029467E-6,7.307373615864247E-4,1.7348496850211592E-4,5.807568382286666E-5,2.910776165362328E-4,2.0877116109984973E-4,3.516329224421856E-5
0.9378095069971255,1.55821627319356E-4,2.8305069583273477E-5,1.0407594850661663E-4,2.9803058642781887E-5,1.944587796797399E-4,8.97868737760442E-5,1.0817158572380391E-4,2.196016467945759E-4,9.298612528139266E-5,2.7223363956741897E-4,1.1793550282065554E-4,2.8157676126861186E-5,5.6461274332650516E-5,6.301475864609632E-5,1.3513127875763403E-4,7.677331620881371E-4,3.8376656179986215E-5,0.0012236843399070535,4.446201959939296E-5,8.560800800165463E-6,4.8122585861434464E-5,2.9502452699879363E-4,1.4123494604096191E-4,1.8959765637246862E-4,5.034024611894956E-4,4.098585163823883E-5,3.765654722400643E-5,1.1635462099836551E-4,1.7778697786294124E-4
0.9061847492095593,1.4769690889399926E-4,3.2312378195425265E-5,8.390175357393587E-5,5.1293670754192056E-5,8.47069849288947E-6,4.8154711276816376E-5,3.385432627839455E-5,2.168958622177703E-4,1.0808158801018927E-4,3.601292778908276E-5,7.727698620107906E-5,2.0517605686246445E-5,4.9363357678162446E-5,2.3651454222970163E-4,8.072982890027587E-8,8.817654061464346E-4,5.755921309817304E-5,4.645918552428818E-5,5.600569800951146E-4,7.07718453237428E-5,9.938080176737725E-5,5.990650849176444E-4,2.2477946606584665E-4,2.056587445619093E-4,4.05492750770781E-4,4.06160426737483E-5,2.7321463032521724E-4,3.77987940266761E-5,4.015058480963931E-5
