5.799226187283059E-7,2.2630958748978908E-5,2.3696586830656278E-6,2.2102410089182723E-4,4.257913722804538E-5,3.630632403888089E-5,8.672700784676877E-5,6.063901322400734E-5,2.2108213136451187E-4,4.020077483976584E-6,9.912883993338714E-5,9.688744955428904E-5,2.143508616746948E-4,1.231667186082279E-4,4.346701062574555E-5,1.6552940745109173E-4,3.392160534522892E-5,2.800752365057584E-4,1.4106671127138903E-4,1.6988917889198993E-4,6.445290071538333E-6,1.7762341536814896E-4,1.1775636549282438E-4,2.6268904725584712E-5,1.3042196316172359E-5,5.833656021944083E-5,2.721455299374986E-4,4.889391318928862E-4,6.856655204188415E-5,8.022983388963477E-5
0.9996004577134268,2.0027597379503856E-4,1.0080236521892292E-4,1.6170097864872543E-4,1.3087442824116517E-4,1.8638223443667154E-4,5.6235915021625946E-5,1.502936980465325E-5,2.244994907043029E-4,6.760570200636969E-5,3.0618015022064763E-4,1.4332090947531228E-4,2.317169890114384E-4,1.246808948107629E-4,1.1152336137842763E-4,1.6746796877057795E-5,3.068206112071421E-5,1.871206337708445E-4,1.17647426150999E-4,1.999978126805395E-4,4.0586572854954696E-5,2.7019369753494024E-4,7.770758546515747E-5,6.071716341654768E-5,4.1708082078601013E-4,2.1514379035426776E-4,2.2258585187270602E-5,1.453597411258313E-4,7.805283846950232E-5,4.0242707542214784E-5
0.6236787989883198,2.8124507359490355E-6,9.844141582356947E-5,4.0424114716340197E-4,2.830577746038138E-4,8.607933456938907E-4,8.61597575867693E-5,7.030955173880061E-5,2.2289864538905862E-4,3.534728101494565E-5,4.881053922577322E-5,3.573734537352657E-4,4.5211977493312793E-4,1.3248784270213952E-4,2.0908563126210565E-4,3.451216490788061E-4,4.865048694821933E-5,2.397959832170328E-5,2.3444100659738112E-4,4.6590178147511683E-4,2.410763726803127E-4,2.267422320416513E-4,2.9187921981293595E-5,1.4542712473380502E-6,1.7962529812083096E-6,1.2151019608692385E-4,4.8535881267551164E-5,2.527822350529283E-4,3.8360615298511074E-5,6.87858307609562E-5
0.6534908253936954,3.52315043148768E-4,1.4988546983979411E-5,2.4045132894660962E-4,1.5588175427081187E-5,5.90018855534448E-5,3.2334990631132984E-5,5.90148943601717E-5,2.2521646064179045E-4,1.4284816103180147E-4,6.64995030622868E-5,3.7673187248927787E-4,2.487432472741562E-4,1.425372920125881E-4,2.694682277831745E-4,8.79879090292733E-5,8.057132256117202E-6,3.616887688247145E-4,1.3443600921609873E-4,1.7349386754817306E-5,3.1274980700551355E-4,1.5228595306421007E-4,7.373964865462302E-5,9.086125626049905E-5,4.9117815757419376E-5,2.2822061892495524E-4,1.5079843457535379E-4,1.540115988136682E-4,1.6194264898492422E-4,2.6674543290482588E-5
0.4078912589189642,2.882407109564586E-4,9.505352790201983E-5,2.102437937903315E-4,1.4003708734868438E-4,8.279410118564491E-4,1.449448432728312E-5,3.798835577417534E-5,2.422061726256354E-5,1.4333598311173327E-4,3.104881360089206E-4,3.3329368481533776E-4,9.838199983542542E-5,8.920308565402632E-5,1.9608082302433998E-4,3.669208329399681E-4,1.0817993900121554E-4,9.067701145241101E-5,2.1149407844420887E-4,1.933009740612867E-4,1.5565638594811846E-4,7.36425377741979E-5,2.2299293738241343E-5,2.0880331521780924E-5,1.5756376216054325E-5,2.9974768595120364E-5,6.300506270356075E-5,5.646435045813009E-5,4.009310453401615E-4,1.1467112817812488E-4
0.765718755031622,3.5226865400745153E-4,1.5601337925858047E-5,2.2957128429877756E-4,2.1959540953506556E-5,5.90018855534448E-5,3.2334990631132984E-5,5.90148943601717E-5,2.2521646064179045E-4,1.4228200019204406E-4,6.64995030622868E-5,3.568854649552316E-5,2.487432472741562E-4,1.425372920125881E-4,2.697620723245583E-4,2.8764535314415324E-4,8.057132256117202E-6,3.645593316023082E-4,1.3443600921609873E-4,1.1333392779413071E-4,3.076186127140339E-4,3.076648528062328E-4,7.373964865462302E-5,9.086125626049905E-5,5.5291059749568184E-5,2.2822061892495524E-4,7.664964299847302E-5,1.540115988136682E-4,1.6194264898492422E-4,2.6674543290482588E-5
0.06477720458655617,3.898204895043663E-5,9.0476672087635E-5,3.5419133223061006E-4,1.1809624080969135E-5,3.111750778436414E-4,8.176556682908352E-6,1.999265003669696E-4,2.4069306714662525E-4,3.146512213531601E-5,8.002914474505737E-5,4.673353465018093E-6,1.4616347665777835E-5,1.246901758010498E-4,6.153438330082716E-5,3.511152965296565E-4,1.7838958172719578E-4,2.266023372377752E-5,7.310892993161653E-5,1.6619996423117197E-4,6.519846310659963E-6,1.4952244127390362E-4,1.3425489602158578E-4,1.1211416365590184E-5,7.64161352312586E-5,4.141193627762241E-5,4.6330717761945635E-5,2.931343480449232E-5,2.788321300141528E-4,6.825638385382553E-5
0.34962033549633337,7.532287433687616E-5,3.5014028310739102E-6,3.167676620103473E-4,5.4990895353652914E-5,3.11644709628713E-5,8.671777794258698E-5,3.0001818572729117E-5,1.5616319837466488E-4,1.0305542777515061E-4,9.913113327403624E-5,1.870664336744484E-4,2.5914945840028276E-4,1.1933501194898033E-4,4.685122537253909E-5,0.0010567952956842717,1.1486576072005367E-4,6.937109237646562E-6,3.562899716473487E-5,3.768685755883006E-4,3.1397348937243775E-6,1.887953704924322E-4,1.135494053158277E-4,2.6387492170897915E-5,1.2659060351500041E-5,6.23798656779502E-5,7.880236816164452E-5,4.884115629339913E-4,6.885332616608957E-5,9.327037446274482E-5
0.0011397370445143107,3.7048599537184326E-4,1.0092443310765086E-4,2.916609860401437E-5,4.4108271994144416E-5,8.171666285100843E-4,1.4372175188003856E-4,1.0841918233575681E-4,2.233240263367297E-4,3.0195102116977646E-5,5.5048001570865514E-5,3.695034407244125E-4,4.5211977493312793E-4,1.31407398454157E-4,3.198607165102774E-5,8.95399185308325E-5,1.1096333197936715E-4,2.868952774409398E-4,2.330399144137716E-4,8.827183423126203E-4,1.5505323454638087E-4,2.267422320416513E-4,7.669590822983097E-5,1.4829421562325097E-5,1.6637280555606304E-5,4.793898241566102E-6,4.8535881267551164E-5,3.4085354442905144E-4,2.5090784991968443E-5,6.93775311540559E-5
0.6027745155546429,2.2274452032736505E-4,8.380200334920959E-6,4.451353161450584E-4,4.425184408838222E-5,8.607933456938907E-4,1.395879223024479E-4,6.934592110704632E-5,2.2289864538905862E-4,4.2302850386443286E-5,4.891561353178004E-5,3.573734537352657E-4,4.5211977493312793E-4,1.3116997599650252E-4,7.09728552000458E-5,3.4523388645311037E-4,7.10555326619428E-6,2.397959832170328E-5,2.7809503676079188E-5,1.3607608380372083E-4,2.4048712780804998E-4,2.267422320416513E-4,7.614297059585479E-5,9.301325715213895E-5,8.1892201267188E-5,8.695006731724756E-5,4.897890107295E-5,2.527822350529283E-4,3.8360615298511074E-5,6.93775311540559E-5
0.0761908224115746,2.6996757930016326E-7,5.143989772211945E-6,3.032536875759459E-4,2.8665835630607933E-5,1.093047033303662E-4,8.907401583748957E-5,4.3642145021841595E-5,1.5154197202203433E-4,4.414096248533165E-5,9.134519039398549E-5,1.1063985120318728E-4,9.893913638125017E-4,1.2642146863282944E-4,1.0539214090245406E-4,1.2105672032453738E-4,5.228762871458501E-5,3.5694614859067635E-4,3.6531805620009315E-5,3.6411734391937856E-4,2.204193158075301E-4,1.887528762575406E-4,8.218593143833148E-4,1.2925871695649056E-5,6.113056829968022E-5,1.457432715105587E-4,3.420994286162235E-5,3.615993742298914E-4,6.497901481029858E-5,7.902451886287754E-5
0.730758724623821,1.9356320385227025E-5,4.529468203850961E-6,3.423871683834448E-4,2.1206324868353024E-5,3.039439040140584E-6,8.619761693450344E-5,1.3696419539888303E-5,2.017208153350752E-4,4.8188140229888465E-5,2.9640336493129616E-4,2.9955575367466203E-4,0.08428620159248652,7.459235244071811E-5,5.9767630988454614E-5,6.38368587897073E-4,8.57826042650309E-5,2.2953777928656936E-5,2.1670939839944382E-5,4.3676579576098693E-4,2.2638888670001065E-4,5.6811932082866316E-5,5.8797557982381314E-6,7.34325276937903E-5,7.967859676713077E-5,7.992275476879172E-5,1.8733381294470076E-5,1.0541118718461337E-5,3.764367900119248E-4,4.2214687424633546E-5
0.1330977005026555,3.6912196025169975E-5,9.985619373761325E-5,4.3532894393616433E-4,3.929589762392818E-5,1.0068168115543236E-4,8.741676841388058E-5,6.777240336133365E-5,1.8529563595899202E-4,1.3542213171922814E-4,6.879219764424564E-4,3.621745823909864E-4,2.5728871492526606E-4,9.541408374046884E-5,8.066074138164027E-5,3.4683139448789523E-4,5.1230188223442104E-5,4.1747156007517253E-5,2.2779772506877034E-4,1.5200343675238177E-4,1.5261611174244763E-4,1.960650392728437E-4,4.104462333060258E-5,1.7229072018892105E-4,7.058332674518531E-5,1.9283527589255048E-4,1.1117738795963224E-5,4.731771562763805E-5,4.768236648047271E-4,6.936462352423747E-5
0.5898329228759385,7.610403188928965E-5,9.97849554955154E-5,1.7008756449165486E-4,8.168685602725636E-4,1.309531017434634E-5,8.667799947916101E-5,8.496033885657336E-7,1.6590194521453174E-6,1.2926293871836017E-4,2.521013596920468E-4,1.8656190591706716E-4,2.557844529543407E-4,3.0430065954144156E-4,1.9239475087611286E-4,6.844988067583132E-4,5.1239330366896114E-5,1.2540468630775907E-5,1.2007265700469151E-4,4.639237639225422E-4,7.170223053684296E-5,1.7036435298453458E-4,7.457686399329794E-5,2.5694518085583306E-5,4.463474222916056E-4,1.9525868200540462E-4,4.891463131316418E-5,8.124494047007914E-5,3.67761886549904E-4,7.150473717640504E-6
0.49547187030525736,1.5838804683549425E-4,4.0820666364017926E-6,2.0724722117670827E-4,6.226019374407841E-4,3.972461649178836E-4,1.1221707997663758E-5,2.1588458599509854E-4,2.1423009435841798E-4,1.2568729100429513E-4,4.005050620714613E-5,2.757570236487567E-5,2.352415442765035E-4,8.950496072338484E-5,1.840974353179148E-4,9.617955445833619E-5,1.1093804087134327E-4,2.887492694938006E-4,1.7995132262015046E-4,1.5782236797545952E-4,4.911504215928179E-5,1.5413239127450774E-4,2.951122271879924E-6,1.6987835496221068E-5,7.794316029306602E-5,3.9724156168196873E-4,4.151612315058176E-6,1.6770105776468003E-4,0.004329872755041424,7.902581981166367E-5
0.1053569340083641,2.4958583774513485E-6,9.304205114556479E-5,1.2927438517001705E-4,1.5642434113710333E-4,1.1221258036529817E-4,5.2052730596115435E-5,1.5981771233739688E-5,1.3190159179172519E-4,4.198038591515663E-5,1.0651039469099799E-4,3.7692859694939357E-4,8.554164287739455E-4,9.105500680907269E-5,1.1182256937199951E-4,6.386026985744414E-4,1.108645160769167E-4,3.148874841244823E-4,6.0698491268669835E-5,1.9335239054874305E-4,1.5763677081291188E-4,1.4640412462273996E-4,2.964561952605401E-5,2.4142752040764776E-5,1.5046800482264574E-5,2.9300252527619333E-5,6.274004234884477E-5,3.569150580454291E-4,8.521786684736523E-5,2.0334447074160846E-5
0.9669575832408484,3.510581990859553E-4,9.841036480812376E-5,2.4085169633857197E-4,6.25922504405094E-5,1.1363848894114251E-4,1.2640347737171795E-5,2.1892108220226663E-4,2.2245793313148925E-4,7.903236307443067E-5,5.470236310006166E-5,7.234313926260019E-5,2.3811502764497277E-4,8.63801256897977E-5,9.071920732609518E-6,6.474298027927505E-4,1.4720540524430412E-4,3.6168538350094844E-4,2.1916143000354912E-4,1.0957190710473312E-4,6.99632935347691E-5,1.341542581588823E-4,4.107453882319798E-5,1.1074068712685649E-4,5.873632250468529E-5,8.570933442342705E-5,5.020919215387452E-5,4.4630666596508586E-4,0.001089854043441384,3.3339493113460466E-5
0.7887088131834132,2.0339108493736406E-4,1.0380112157269842E-4,3.3806896998039274E-4,1.641906635722071E-5,1.2272018064686866E-5,8.642423277694121E-5,1.3700927490420233E-5,1.5412241277280335E-5,4.413182062874767E-5,1.2605378600966195E-4,3.131992026682231E-4,1.421682467712196E-4,1.24427337609831E-4,5.9767630988454614E-5,2.0439748431657495E-5,8.121585849601786E-5,1.8592159612729122E-5,4.023254298009237E-5,2.0767687274861904E-4,2.2325615755271582E-4,6.777578731442296E-5,8.374523229845665E-5,2.3703299331044404E-5,7.94896961335068E-5,2.1522843772365285E-4,1.8063833058651744E-5,1.425474448081599E-4,8.562406047840462E-5,9.207572198591939E-5
0.7340280689020646,1.7639674470024046E-5,8.467743906176015E-5,1.8441394744275204E-4,3.6936043738435074E-5,8.018134137366626E-4,2.6283960224443248E-5,4.620171158253373E-5,1.841602801162389E-4,4.159471685402439E-5,2.9634712631031667E-4,1.0250445288954961E-4,4.50127093869879E-4,7.83871132086143E-5,1.940578325101449E-4,0.001032598628686735,1.3768945276091565E-4,5.555184818598435E-4,1.2720498678166805E-4,1.6360567154356223E-4,1.5677139692443038E-4,2.133168964868118E-4,2.944560344124218E-5,7.348448300503135E-5,5.358896762220013E-5,4.640071699592924E-5,7.949892330061273E-5,1.3518159485128038E-4,3.8880714577317345E-4,8.365245410635891E-5
0.5737842184782482,3.0671505484422784E-4,2.0683238951265217E-4,4.350457577020255E-4,3.7892661675684837E-6,1.0320790712332222E-5,8.668002454071674E-5,1.924243672257716E-6,1.6339695029570335E-4,1.4433951368194366E-4,2.915648233460469E-4,3.9752942441515415E-4,2.67701231623991E-4,1.2335409108399096E-4,2.1713113402233394E-4,2.1938248711745372E-4,3.241155698280284E-5,2.6224519528002905E-5,2.0679692732459383E-4,3.102152158167334E-4,1.7225510221080713E-4,1.6935404198689747E-4,7.530022985258118E-5,2.9241652186398506E-4,3.430340725601219E-5,6.964464605759265E-5,8.75759548742618E-5,4.425807908841736E-4,3.685130817606055E-4,1.3070976646442335E-4
0.43295980629267705,8.589599758787395E-6,0.0016857912964997508,2.8288423148462526E-4,2.845029398663086E-5,8.067621106341555E-4,1.7084706033708587E-4,1.363275286109914E-5,9.760649506774347E-6,3.9436068430533273E-5,1.1188187633814073E-4,2.980744519228212E-4,4.154650937386677E-4,1.2341720917795427E-4,8.972069105558754E-5,2.941012910153117E-4,5.197652130792222E-5,2.4746261680192713E-4,4.890453226768801E-5,1.1305725732641438E-4,3.1188802243005377E-4,0.026732924489777425,1.3126897084775083E-4,2.884510216587561E-4,1.1232753109557647E-5,7.194806726712917E-5,3.300832758952474E-5,3.3734576777389233E-4,3.1775590508681124E-6,1.9568359331727188E-5
0.27610646874505124,1.1277789461557318E-5,1.43194312973007E-5,2.8024423400806127E-4,1.7096479382451948E-5,1.5897238612776226E-5,2.579930073242857E-5,6.666651403852719E-5,4.057818702764539E-5,1.6461549303940348E-4,1.0596681979914409E-4,3.5798684423515295E-4,1.1327386623928126E-5,1.2244489567771687E-4,2.0029814596468518E-4,1.1959423605666545E-4,2.5246288424764542E-5,1.0862660323354364E-4,3.8874623104143736E-5,2.1513023283241959E-4,1.804448052329777E-4,1.9430682374089903E-4,1.351024778909524E-4,9.44012715470227E-5,2.16976168217875E-5,4.74327456103196E-5,1.9751459660017126E-5,1.4674825370966595E-4,7.368737467831673E-5,9.327037446274482E-5
0.23824911551040762,2.6549772679722674E-6,5.615398989383181E-5,1.2606320998092343E-4,1.0107652809093328E-4,7.746466704788222E-4,2.7507270245046643E-5,4.135566602723685E-5,1.6172363305072253E-4,6.669155173230172E-5,3.0092474366047944E-4,7.713311556835492E-5,6.4357011708616086E-6,1.257166690900403E-4,2.3750441279456153E-4,3.102270922517422E-4,7.192485797957442E-5,3.118033830434167E-4,2.2301586281348463E-4,1.662323335297961E-4,3.0764535319422685E-4,1.540131579385287E-4,1.3469433061108542E-4,2.601284278039354E-4,5.639773384270638E-5,4.538119697185669E-4,1.4222759138249978E-4,1.7096361444717163E-4,3.48587994052346E-4,8.841534533224488E-5
0.3971800536916559,5.812767536003389E-6,2.1132825875110533E-4,4.030658878738311E-4,2.8341399873992745E-4,4.153641642663683E-6,8.719370815724289E-5,2.6864059954137553E-6,6.30449289228468E-5,3.5262364350376356E-5,5.977074901821761E-5,1.8704566468227417E-4,8.498440992079228E-4,2.733124448090574E-4,1.0170238376213083E-4,1.0532159199054932E-4,2.9459400942191588E-5,1.997484786802234E-5,5.716791313536896E-5,4.709051437668219E-4,2.0434173537773936E-4,5.50060846164133E-4,3.0324777317907893E-5,8.910048975636803E-5,4.456246257373109E-4,5.592538843729074E-5,2.4137709630895493E-4,3.4679837870844546E-4,4.6625926419352736E-4,3.812410794475975E-5
0.3749956187584719,3.460703423194433E-4,8.474260367493756E-5,2.3781147291786588E-4,2.0956609234335432E-5,7.933816197485057E-4,8.361333163346385E-5,6.092815773262278E-7,1.2237908702083473E-4,4.161913622640621E-5,3.021617540169119E-4,2.870867336687374E-4,1.1690720676860438E-4,1.2335079511625782E-4,2.2546053429409356E-4,4.031597996487911E-4,3.512609865292448E-5,2.701362207731913E-4,3.857510515411751E-6,9.393145960728485E-6,0.023031088213324835,0.016135475046459284,4.847488910674924E-5,7.080241991881866E-5,6.408019219078746E-5,3.0035577206809997E-5,7.648920226760744E-5,7.040053584127871E-4,4.127538562277238E-4,1.0518527339277461E-4
0.01940648762037528,3.4808477812789634E-4,2.090947396502356E-4,3.171643433300165E-4,6.189663055880621E-4,1.1584886446078883E-5,2.8622054643581453E-5,6.319041082218595E-5,0.023898665980541203,1.6304066005907634E-5,8.243476136455094E-5,3.349834686202491E-5,2.303109893663012E-5,1.3005425910720658E-4,1.0149026383648695E-4,1.3657612048477902E-4,3.74251711605915E-5,1.904434415392459E-4,1.1695739344306147E-4,3.860799329741423E-5,3.1094220209620753E-4,1.731580608953912E-4,7.295869789261225E-5,1.967492043037699E-5,3.74616568355045E-5,5.236848613348123E-5,4.8527081715574646E-5,2.5932652118081497E-4,1.5428276106556647E-4,3.964981372822208E-5
0.3834798412186316,3.561776532051555E-4,5.8943899825640995E-5,2.9012768272077287E-4,4.430441569835855E-6,1.2228266803714384E-5,5.467358630198184E-6,6.871959388026443E-6,3.2078651046021375E-5,9.209398645810318E-5,1.1695989396950891E-4,3.871149512821913E-4,4.355744592760333E-4,1.035621524433757E-4,5.27236132721144E-5,4.211632347676814E-4,1.7856845714053475E-4,1.683380154774086E-4,4.579363626453781E-5,1.221085071294974E-4,6.662866126660725E-5,3.6602944686219387E-4,1.0250156799374052E-4,2.5023587813149413E-5,4.8536993601595217E-4,6.675141384938477E-5,4.215022676557291E-5,4.703685847822392E-4,8.960499726570649E-5,9.23758040056376E-5
0.5145834340917812,3.1057318658424336E-4,5.6374423959581444E-5,1.2664793260465767E-4,1.356209900726921E-5,3.926313522849391E-4,8.257777233175402E-6,9.703671417555907E-5,1.3221914507018833E-5,3.389897516797249E-6,3.0350023474746664E-4,2.78195635159063E-5,3.777525013548235E-6,8.95349172716325E-5,2.3801005271820408E-4,6.864726885291103E-4,7.06498397012452E-5,2.2169433499133668E-5,2.332711685030848E-4,3.408743496064892E-4,2.321637538490649E-4,1.5368311056673583E-4,2.125243911022705E-5,6.612129416883516E-5,4.413098113604783E-4,1.7992889959165143E-4,7.273008466845998E-5,5.827180655012824E-6,1.7917629517196247E-4,7.89819548194463E-5
0.20883078946413236,3.7979353149273276E-5,4.12313703781818E-6,2.2087129231815913E-4,5.89716273427419E-4,8.860191909762904E-4,8.232582394533002E-6,2.013022328702863E-4,2.1934236666406256E-4,8.706595976012804E-6,1.356346024310528E-4,4.910950182956675E-6,4.3858560433792645E-4,7.437901376969948E-5,8.86776395567238E-5,9.333499778573436E-5,1.7838778269932838E-4,2.2545854772120755E-5,1.8084537437213646E-4,1.6634142567490366E-4,4.066149218199952E-6,1.771016311066735E-4,1.1620853899074031E-4,5.531148074823136E-5,2.315660754900987E-4,7.518332526821944E-5,2.658895118933226E-4,4.882731426601885E-4,2.7582141825380826E-4,6.84617480583779E-5
0.5532519973496876,5.451263259584357E-6,2.731885595199282E-6,2.018657774433082E-4,6.867472845782558E-5,2.451337007020737E-4,2.0584995546813584E-5,3.573655489175506E-5,1.837962153840636E-4,1.276210295180943E-4,3.013865900698294E-4,1.6518804890995224E-5,7.89739121770276E-5,1.450409159316204E-4,1.9586493929626297E-4,6.53692978902172E-5,1.6543674903701672E-4,5.595355769818664E-4,1.8131117900820884E-4,1.6678616396554246E-4,1.3565282900292088E-4,2.1913913481539428E-4,1.177938974970293E-4,2.4319011262111715E-5,7.62529500142106E-5,4.662289623005129E-5,4.7793933186850135E-5,1.3867174796647081E-5,3.194023750696113E-4,9.024756548437515E-5
0.11350748947667258,3.251847595202317E-4,9.07833830334401E-5,1.608299226479803E-4,5.1380254046261634E-5,1.1207151977867365E-4,8.115628222039031E-5,5.288950232183548E-4,1.5616319837466488E-4,6.605283922227095E-5,1.0567588166082882E-4,3.5798684423515295E-4,1.1327386623928126E-5,1.166605809382451E-4,2.0491942044120477E-4,1.1959423605666545E-4,1.1126345153511771E-4,3.7477370812957804E-4,3.866509133587519E-5,1.941316501650668E-4,1.792855160478662E-4,1.887953704924322E-4,1.351024778909524E-4,9.124614604401622E-5,1.724874242747484E-5,7.089971618030657E-5,7.34625181520377E-5,4.743816579669141E-4,7.368737467831673E-5,9.327037446274482E-5
0.22668418336380802,3.146946079636576E-4,5.6374423959581444E-5,1.2916048644863562E-4,6.790672316271752E-5,4.995394886843447E-4,8.257777233175402E-6,6.387528491938884E-4,2.1776611934604296E-4,6.698776386627335E-5,2.9975320299512975E-4,1.4620020545892996E-5,4.444631553398523E-4,1.2496604630550268E-4,2.350642794234934E-4,1.6862429206045072E-4,7.033997612257076E-5,2.786131822056874E-4,1.454238886747899E-4,3.443598572773751E-4,2.321637538490649E-4,1.767125376511328E-4,1.2290785406839796E-4,6.718323123195602E-5,2.3888731523711502E-4,5.201291043222228E-5,8.521270220528866E-5,1.5295507733997212E-5,7.736280707537206E-5,7.888322921747358E-5
0.24835636714243164,8.444878542183727E-6,1.0187265412352198E-4,2.8328022826237375E-4,6.708198962225132E-5,3.0775113216287937E-4,2.5248877042986358E-5,1.406538716711744E-5,2.4279640758394642E-4,6.915148403472897E-5,6.343525949105048E-5,3.7164580941378023E-4,2.5244087569225237E-4,1.246902170882084E-4,1.0657382075741057E-4,2.898736531925577E-4,1.9079221021347622E-4,2.511908514743605E-4,2.2698652613333998E-4,1.1388831150300006E-4,3.115047356598398E-4,1.5267348969146553E-4,1.312496542052808E-4,3.44502714926059E-4,6.359504678787482E-5,4.822250023930629E-5,5.187630155135366E-5,1.6058130845829854E-4,9.092444292156923E-5,8.301871332744835E-5
0.9487716220497421,3.49694030185548E-4,1.0080236521892292E-4,2.400817848057614E-4,2.9726975180051612E-5,1.9509717905251688E-4,5.5205536029352135E-5,2.1969306211125922E-4,1.505164173737869E-4,7.896527459257014E-5,1.5014264881733588E-5,2.8410995856364973E-4,2.3905542210843044E-4,7.51318763384415E-5,6.33515613001503E-5,2.8616037235548985E-4,2.6453535809843755E-5,3.077474232909308E-5,1.7896085957048218E-4,1.1222768654858915E-4,5.1767419719352706E-5,2.2074968730865206E-4,6.678174719531525E-5,1.9617656993593886E-4,5.776967392413678E-5,4.232623133781678E-5,2.2459828899329105E-5,4.446064974926923E-4,0.0010991369555486117,6.844024844146884E-5
0.1622974824553009,1.2890454825307849E-5,9.016069917194983E-5,1.5426196599693348E-4,1.1452369229344519E-5,3.924251417928193E-4,5.597068032560887E-5,1.0107507040079983E-5,2.1846742503628736E-4,3.146512213531601E-5,8.002914474505737E-5,8.100621076335225E-6,1.4616347665777835E-5,1.2469787591165116E-4,6.029196239256266E-5,3.5092447016209493E-4,3.95497750352995E-5,4.652347523631909E-5,7.27856518977234E-5,1.8692848666798398E-4,2.3915376948342926E-4,1.4952244127390362E-4,1.3401988707371885E-4,9.457785786033592E-5,5.511229930190375E-5,4.127620794784962E-5,4.6330717761945635E-5,2.931343480449232E-5,5.711447145066362E-6,1.7604729164003702E-5
0.17384383902738498,2.2926877357605735E-4,1.0076863497973274E-4,0.0011216964509508103,6.17272242103691E-6,1.9509717905251688E-4,5.505912000134213E-5,1.1032652091407454E-4,2.257494470159289E-4,7.896527459257014E-5,5.433559307991241E-5,2.8410995856364973E-4,2.570393848153003E-4,1.2952497520682407E-4,6.33515613001503E-5,2.2521111091548305E-4,2.6453535809843755E-5,3.077474232909308E-5,2.116915589592147E-4,0.010601856822040772,3.5320375912067364E-5,1.7542312829126906E-4,7.650721556513819E-5,1.7206350236939993E-4,5.7625124656534835E-5,1.9675184416812782E-4,2.2636967412485496E-5,4.446064974926923E-4,7.744763377889351E-5,1.2147779932766836E-4
0.8299799852279746,3.9099705894950754E-5,4.142523187208389E-6,3.511404571708902E-4,6.300041021771703E-5,5.653189472578941E-4,1.4964682969651402E-5,3.900735626149911E-5,2.531436134934832E-4,6.151798099805772E-5,9.702687907471709E-5,3.414625391652559E-5,4.4376186947704845E-4,8.707773503844152E-5,1.0184291400490611E-4,6.399745431427788E-4,6.994273946500903E-5,9.042336878540798E-5,2.559940814335113E-5,2.8946402104046312E-5,7.137244241684251E-5,1.6264835385034984E-4,2.1364457709206752E-5,2.6844342681019885E-5,5.401760595177339E-5,7.583483950793628E-5,4.270833257871077E-5,4.7288348498413E-5,7.781424634389724E-5,6.847092317290515E-5
0.05664424148656187,2.1695696286157956E-4,5.3299388945748336E-5,2.5295541966945323E-4,4.7256425739982435E-5,1.2159201538656898E-4,8.26670796251422E-5,6.978620785358962E-5,2.57932052623224E-4,4.287490402241315E-5,3.282764344438959E-4,3.150754880646489E-4,4.994040777550959E-6,8.724985533875905E-5,6.747751154756199E-5,6.40887866511284E-4,3.6711255003248457E-4,3.6653465200364276E-4,2.5359747512218437E-5,4.528593239305396E-4,2.2526643737461554E-4,1.6588685992149964E-4,4.27159939203924E-7,9.70093052398698E-5,1.2844699042649518E-5,8.610948236245023E-5,7.986663967231608E-5,1.0391712383597183E-5,3.987147866326449E-4,4.042190004276242E-5
0.33953295766320535,3.0290930656903673E-4,2.164955618398908E-6,3.0616010261914477E-4,7.280904329028511E-5,2.1376000077500459E-4,8.626367012752024E-5,5.961927988820937E-4,2.2345007126800472E-4,1.027539333293438E-4,2.995188907121205E-4,2.147373306776143E-5,4.173988710338256E-4,1.236763853836337E-4,2.2651454084500515E-4,6.861097427245592E-4,4.369436539027616E-5,1.6872485635817811E-4,1.0580029299083703E-4,3.483328576105117E-4,2.0638690493565983E-4,3.646255390460868E-4,2.9456794123413252E-5,1.6471176814233604E-4,3.203570703296646E-5,7.108802164146037E-5,1.880773409629412E-5,6.412623556784037E-4,6.358291654906892E-5,1.0493655550522537E-4
0.2184418450441901,3.146946079636576E-4,5.6374423959581444E-5,2.2229967583886826E-4,6.668897665065691E-5,4.995394886843447E-4,8.257777233175402E-6,6.4015901625637E-5,2.1776611934604296E-4,4.930324777884201E-6,2.9877700281935246E-4,9.94785441251025E-5,4.444631553398523E-4,1.2502316740972168E-4,2.179849584008975E-4,1.6862429206045072E-4,7.096253500121332E-5,2.786131822056874E-4,1.34957185174811E-4,3.235111912949256E-4,2.321637538490649E-4,1.767125376511328E-4,1.2290785406839796E-4,6.718323123195602E-5,2.3890122766609054E-4,5.201291043222228E-5,8.521270220528866E-5,4.900177662301625E-4,6.866133992736006E-5,7.888322921747358E-5
0.2637396910331693,3.3213059862131884E-4,2.1389990968347593E-4,2.0354373023590632E-4,1.2607885605993267E-5,5.364245658458229E-5,8.106945740695006E-6,3.989852485327155E-5,1.306766136664169E-4,5.199003197876271E-6,3.0988185615638247E-4,4.211275412244826E-6,6.150941188096305E-5,7.745488263758126E-5,1.85133997651124E-4,1.6358136173175936E-4,1.0803263697694352E-4,1.129928625718807E-4,1.2161031657600037E-4,1.6485245707706673E-4,6.563325239492611E-5,1.7299590006105136E-4,4.486116884851447E-4,2.3028061473403662E-5,2.0039477118095906E-5,4.427037131026569E-5,2.3007796635048972E-5,5.191306975960874E-5,8.195827693920103E-5,4.908818814478534E-4
0.47682339058216844,3.541933522721365E-4,8.474260367493756E-5,1.436781693489891E-4,6.840427309711176E-5,7.915869395105966E-4,8.311013356381597E-5,6.100700157010511E-4,1.2439453876447807E-4,4.161913622640621E-5,3.0298919509732055E-4,2.870867336687374E-4,5.246614386030193E-4,1.3585018939173019E-4,2.2546053429409356E-4,4.01768148996453E-4,2.4293978568201344E-5,2.431910989687058E-5,2.002175401911413E-5,1.7969079260736977E-4,1.5373445360938857E-4,1.7793101102757904E-4,2.6349438917110815E-5,7.110920182988703E-5,1.269180310471955E-4,5.355797280978377E-4,4.632019693794199E-5,7.367828013881454E-4,2.542693236377692E-4,1.3007156530075921E-4
0.6878730854447064,3.996555145845564E-5,4.649006704427197E-6,2.1354059345240545E-4,3.522365011832909E-5,2.6644196053572856E-4,5.2308704607252354E-5,4.3301365811310264E-5,2.4430765674832123E-4,2.2465914527354937E-6,9.792857837428744E-5,2.4627842211694746E-5,1.992304084298711E-4,9.064504769549684E-5,8.315749808201554E-5,1.6520879727281216E-4,1.08843988822995E-4,1.2572585178173207E-4,1.932856699082547E-4,1.6493586091968442E-4,1.6965593779380092E-4,1.465518182770322E-4,2.7759772980145654E-5,2.685429899016897E-5,1.503580402846044E-5,3.2294981338853236E-5,4.282035194060207E-5,3.571012806659607E-4,2.785857630253831E-4,1.8771118195517556E-5
0.024949694922411503,3.7269537236658454E-4,2.180952504421082E-4,2.916783906495449E-4,5.1457557625746405E-5,5.274958600268409E-5,7.755411081490398E-5,6.058443252408001E-5,2.153643879521182E-4,1.4382620290626845E-4,3.0021242886846424E-4,3.935039049748987E-4,4.303771224398342E-4,1.2364368238339108E-4,1.910512213334718E-4,9.095138611452024E-5,3.772040788287905E-5,1.0295974053306327E-4,9.663851931874514E-5,1.6845771706356565E-4,2.4627407413770313E-4,2.2428363370454365E-4,2.9024660703371657E-5,5.393631473501404E-5,3.124771008448848E-5,1.2985255407248436E-5,2.735663524967159E-4,4.986685278992966E-4,7.741070842657132E-5,1.253295367481806E-4
0.19810603228603407,3.9720576505019876E-5,9.994822599626806E-5,2.2715542782679031E-4,5.059247909277963E-5,1.1995954613790814E-4,2.2650208522692167E-5,1.7408573431808934E-5,2.2255121953085517E-4,2.765364411766522E-4,2.883809567170931E-4,3.182172344247268E-4,5.906749683392019E-6,1.1481980553149627E-4,8.627596888887483E-5,1.7193886367748484E-4,3.82508443045767E-5,1.0850298411815834E-4,1.1585129138884725E-4,1.1333633008769413E-4,8.74545398658701E-5,1.3541507291487404E-4,6.875604719369413E-5,1.271222275463615E-5,5.118718800467626E-4,2.128929277093051E-5,4.664182966685344E-5,4.241483282553031E-4,3.8876382729635103E-4,1.2403780252950148E-4
0.013185118305248794,5.082179328256507E-6,7.268223256736807E-5,2.9203205421183355E-4,1.5988873858049605E-5,5.093803661137165E-4,8.632653043659765E-5,6.181329678437241E-5,2.2481877492950807E-4,6.470316829922229E-5,3.058991650266806E-4,1.0357656192044277E-4,4.20037020216222E-4,1.3349276312575877E-4,2.340188239701648E-5,2.922849032872719E-4,1.3658315660655633E-4,2.552894882208975E-5,1.298791879809137E-4,1.090684915640266E-4,7.22195822359943E-5,3.133989945252209E-4,2.235782921469993E-4,3.261593383698929E-4,2.9900009120526683E-5,2.2666919731973502E-4,8.068293606443451E-5,1.569972616374054E-4,6.446203016857678E-5,1.1184956555565918E-4
0.009021400756745665,6.191154905922842E-5,8.96293723563172E-5,2.843680964382447E-4,2.8808015404819637E-4,8.163600393540321E-4,1.3308635830516834E-5,2.1018286079516824E-5,2.248128604218806E-4,7.350426453547501E-5,5.450020560724539E-5,1.733940087364025E-5,2.3701779490087094E-4,1.3306561801106908E-4,1.007740916524862E-4,2.423882065962274E-4,2.7587939595415597E-5,1.8879914889611646E-4,1.8193749992697383E-4,3.6784732715317014E-4,2.458014918074292E-4,2.200001859091861E-4,1.3297603740627841E-4,2.2408292053236066E-5,5.580818368863943E-5,5.51147421774544E-4,4.5937848836965795E-5,0.0010398123919279493,4.4115018008264646E-4,6.838977310962814E-5
0.44525149009139253,4.3136199207199064E-5,9.857777773451447E-5,9.245065062569158E-4,6.661683978634943E-6,8.607933456938907E-4,5.111762942906896E-5,1.0893506838028319E-4,2.1527024242322745E-4,2.9312503688026363E-5,5.4569254126798955E-5,3.124673872743497E-5,2.4376997216120643E-4,1.2982026075195884E-4,9.668181244066961E-5,3.6616620976040546E-4,4.6908483416794935E-5,2.397959832170328E-5,2.3406567228462935E-4,4.990910905875159E-4,2.410763726803127E-4,3.211729003558788E-4,7.784401633463614E-5,2.012944831392164E-5,5.8577655971816706E-5,4.249130796089876E-5,4.8555275792134706E-5,1.7132844674599257E-4,7.877906804880938E-5,1.1468203847680604E-4
0.6603919772061824,2.4958583774513485E-6,9.304205114556479E-5,1.2889251583308512E-4,1.561638366461426E-4,1.1244413330767372E-4,5.2052730596115435E-5,1.5981771233739688E-5,1.3190159179172519E-4,4.199614961212173E-5,3.0882520144140174E-4,3.7692859694939357E-4,8.539718440997736E-4,9.105500680907269E-5,1.106577729048555E-4,6.386026985744414E-4,1.108645160769167E-4,3.1858726822935973E-4,6.991144856208033E-5,1.9335239054874305E-4,1.5763677081291188E-4,1.4640412462273996E-4,3.0295862672041306E-5,2.4142752040764776E-5,1.1573740193033818E-5,4.4920417740576665E-6,6.795991408987129E-5,3.446916960457321E-4,9.355429536679651E-5,5.265421341913763E-6
0.8905122166201574,0.07024495645338856,2.3696586830656278E-6,2.319383305826592E-4,1.32195275325148E-4,2.6053467810995185E-4,2.3562639658800953E-5,2.2466204172303728E-4,2.2114980891780497E-4,4.020077483976584E-6,1.2731857561731037E-4,9.773949028116068E-5,4.3259729114617206E-5,1.2553507891804828E-4,4.460611923114759E-5,3.0599837966836785E-4,3.392160534522892E-5,2.800752365057584E-4,1.8348472598760657E-4,1.642762426498434E-4,6.445290071538333E-6,1.7679003968799805E-4,1.3235913991330048E-4,2.6367012975117027E-5,1.3042196316172359E-5,5.833656021944083E-5,4.213392111703246E-5,4.889391318928862E-4,6.856655204188415E-5,6.87458139257407E-5
0.5650242937382063,2.4427778167461012E-5,1.0165511983216362E-4,1.7008756449165486E-4,8.405962561617757E-4,1.1532004071051612E-4,8.667799947916101E-5,8.496033885657336E-7,1.9568852572564673E-4,1.2926293871836017E-4,1.5153011907801685E-4,1.8656190591706716E-4,2.5593621077865984E-4,3.0430065954144156E-4,9.097072970417881E-5,3.884860505888962E-4,5.1239330366896114E-5,4.041107657119829E-6,4.504157604838913E-5,4.639237639225422E-4,7.275417852994301E-5,1.7036435298453458E-4,7.70985503306512E-5,0.020365203552320285,4.455025467943586E-4,1.9469137333487797E-4,4.891463131316418E-5,8.124494047007914E-5,1.0926457855809236E-4,6.572237246735181E-6
0.5374533174067004,2.751291689257649E-6,9.176698478883541E-5,4.2303465805556043E-4,3.7892661675684837E-6,1.0320790712332222E-5,5.2094121518449105E-5,1.546072496037502E-5,8.999390789515404E-5,2.0690766372977333E-5,1.0414988249640403E-4,3.9752942441515415E-4,2.6836585064058256E-4,9.115230306194495E-5,2.1881630938226914E-4,8.514311381912891E-5,1.122969950276745E-4,3.1455697928870293E-4,5.3391425050137466E-5,3.394600576827649E-4,1.7227242576375553E-4,1.9809344516803478E-4,7.78356459859975E-5,0.0011047527757322446,3.440670517525422E-5,5.445637622447327E-4,5.238832439104625E-5,4.600483304471745E-5,3.8715539164414854E-5,1.3011270636835047E-4
0.19193401365050813,5.2351061577581346E-6,1.0080684847429619E-4,2.8288741761635334E-4,1.7284975403006194E-5,5.325717862479819E-5,2.4259748593001545E-5,1.7755241377850828E-5,5.317521799172517E-5,2.7513626477487205E-4,3.204698513094595E-4,1.024591352825645E-4,4.20037020216222E-4,1.161785697070558E-4,9.756761472756611E-5,2.8440750582553947E-4,1.3658315660655633E-4,1.0196886243788098E-4,1.296371598493784E-4,3.532791377284577E-4,2.438178088612852E-4,3.133989945252209E-4,2.1978814939063642E-4,1.795250926308437E-4,5.521040449379832E-5,3.271071913968607E-5,7.991917084441318E-5,1.471615184938754E-4,3.476648356804758E-4,1.1050724967543337E-4
0.5041585037217006,1.5746761630779445E-5,6.419248211072741E-5,1.6053666525596807E-4,6.122135804358813E-4,7.609073240603254E-7,3.256261596205407E-5,1.6343507688222926E-5,2.2685482531702422E-4,4.2047890484799416E-5,1.2796896165045602E-4,9.584080360516527E-5,3.0091441370214866E-5,1.2456843020542657E-4,4.849294111751149E-5,2.922685512264527E-4,3.0979401492207715E-5,2.783153256343954E-4,6.142414627545479E-5,3.4448972594054847E-4,2.1035381679854588E-4,3.605728773807427E-4,5.2938842198993095E-5,2.8958089925939417E-4,3.3978309103421616E-5,2.215006190008245E-4,4.7673075038833846E-5,3.361370684279133E-4,5.3872365923354296E-5,1.1837647264114728E-4
0.09540203532316481,3.5414018283736755E-4,1.0517960308934998E-4,1.2218010610538584E-4,6.776406996047399E-5,1.3719838679072314E-4,1.957225220493684E-5,1.2435523354398372E-4,2.0093432803396395E-4,1.7051463191769387E-5,2.8998892183784307E-4,3.116655960734131E-5,2.5934773949563427E-4,6.012619612814851E-5,4.459626160267724E-5,1.6458510704400313E-4,1.7649600344768812E-4,6.188726763589159E-4,2.3233418714003512E-5,1.699349926259169E-4,2.2852820114329967E-4,1.3887231395178146E-4,1.347834958704488E-4,5.900653956795259E-5,1.2907899820043895E-4,5.375279609463924E-4,4.670970506326917E-5,4.202763524397324E-6,2.49215089068048E-4,9.025361844920713E-5
0.3130795540640519,2.2336774051048334E-4,5.050036505960645E-5,2.2728560093579364E-4,6.305818820281647E-5,1.1363848894114251E-4,1.2640347737171795E-5,6.831596098295504E-5,2.2245793313148925E-4,4.113596154016357E-5,5.4678911391579726E-5,7.234313926260019E-5,4.313309288688802E-4,8.63801256897977E-5,7.394161498563306E-6,6.474298027927505E-4,1.4807961551908358E-4,3.6168538350094844E-4,2.1798622008047287E-4,3.452188206470911E-4,6.936689927428362E-5,1.341542581588823E-4,6.860415042332749E-5,1.1074068712685649E-4,8.67626855587411E-5,8.570933442342705E-5,5.020919215387452E-5,1.6465689925014974E-4,3.501436927222497E-4,3.192292454647971E-5
0.28656451233222785,7.838443733950898E-6,4.12313703781818E-6,1.4350757587849676E-4,6.449001964040899E-4,8.82103729472258E-5,1.8740960115523722E-4,2.0503067839532004E-4,2.4265050312119918E-4,1.1742183651730277E-4,5.41998703847138E-4,1.6518804890995224E-5,4.709642424079874E-6,1.2075304668611017E-4,2.185239330452565E-4,9.111138781951641E-5,1.498963765894822E-4,1.5138519074836077E-4,1.8083354347729036E-4,1.6481463281388967E-4,2.2960764906330695E-4,2.2116047264188608E-4,1.3598568585314403E-4,3.3813326553422336E-4,3.7650531577875746E-6,7.116095510440048E-5,4.3511026268346856E-5,4.91562374062016E-4,3.8235054560521405E-4,1.1941774538315457E-4
0.8491285306382943,5.0684610693820604E-5,3.7564533709585215E-5,4.105156338802587E-4,2.8808015404819637E-4,8.030630558423305E-4,8.8486825256518E-4,1.0823501501114544E-4,2.2467126850055658E-4,7.231454407466371E-5,5.450020560724539E-5,1.5766279758683532E-4,2.3926596992515393E-4,1.224039126888253E-4,1.9002866265524057E-4,3.056666231912859E-4,0.029573385812841458,2.498514837426905E-4,1.8193749992697383E-4,1.6243230594194767E-4,2.4511106781906477E-4,2.1998130619413603E-4,7.63880868034874E-5,2.278781653860638E-5,7.483910812753692E-5,5.51147421774544E-4,5.0089565517532794E-5,0.001060371929049526,0.009356325253990685,1.1850462036551742E-4
0.5292148275297806,3.005550559470217E-5,2.1389990968347593E-4,1.5602054344042676E-4,3.023472400057946E-5,5.399077872424904E-5,9.036139759199635E-6,4.448650680123779E-5,1.306766136664169E-4,1.0673728621166412E-5,3.2225350974759276E-4,3.649638772465068E-4,6.150941188096305E-5,7.745488263758126E-5,1.8512880869398873E-4,4.4826520580920284E-4,1.0796752698928728E-4,5.799673673201265E-4,1.2140841307601321E-4,1.6485245707706673E-4,6.563325239492611E-5,1.8791674645795287E-4,4.491836299919873E-4,2.3028061473403662E-5,7.705559711843544E-5,9.580577136850292E-5,4.7294816862909696E-5,2.4149979112922895E-5,8.228905816802842E-5,4.908818814478534E-4
0.8041921334033368,4.295117169874995E-5,5.0441944520551805E-6,2.931733686035783E-4,6.236133909032327E-5,5.045887360701409E-4,9.093897231591322E-5,3.8743354650129486E-5,1.1171322495804314E-4,1.4844666549213345E-4,2.1490106691270236E-4,1.5402541762583012E-4,4.437467720547531E-4,2.8604621882099597E-4,1.9093352757901933E-4,3.46048167564137E-4,3.1999789145478974E-5,1.6836939842177208E-4,1.1773982135803208E-4,6.151642758909495E-6,6.79654317623781E-5,4.945748318390694E-4,1.0573944273366636E-4,1.311291721151668E-4,4.8009337500935653E-4,9.986955384323466E-5,4.561307372406124E-5,4.7754413271953027E-5,5.0363101520656E-4,1.1114307358306805E-4
0.03892481861083563,6.711045148192997E-5,1.0130152240508166E-4,8.350020732714915E-6,1.1035749859218342E-4,3.8873682555397434E-5,2.4085802234633152E-6,6.218271127608199E-5,2.269718798660825E-4,5.3674691566805966E-5,3.0393326026639914E-4,7.85038226015845E-5,4.844225312801964E-5,1.464479234787436E-4,9.367370963635296E-5,1.3593636588950695E-4,1.1390519250300825E-4,2.932317220646193E-4,4.337382155583738E-6,1.5481909983580558E-4,2.4252220622812698E-4,1.5364424166835867E-4,6.354793809933042E-4,3.076797808618428E-5,4.757264318765461E-4,4.884057594775479E-5,4.801100420631392E-5,2.517093070305073E-4,5.288513446066263E-5,2.6799636561545905E-5
0.674746584105482,3.2420087313243615E-5,3.853575320773042E-6,1.5694533432606767E-4,3.066937119919919E-5,1.082366734694287E-4,7.889050400166057E-5,4.4496619335887977E-5,1.2213552998240968E-4,1.04820214250656E-5,1.0567588166082882E-4,3.556434237471675E-4,1.0240419982314581E-5,8.61225990613915E-5,1.9591683276292665E-4,4.3787158167061244E-4,1.1662547753248009E-4,5.59601652649083E-4,3.9611385164648044E-5,1.8777936346759067E-5,3.095191405994718E-4,1.8848864527932555E-4,1.1719276081211303E-4,9.407356743533723E-5,7.62477510408593E-5,9.807180248624335E-5,4.707937161466867E-5,2.4164708726456667E-5,8.596949545561057E-5,1.4794303140493008E-5
0.9410777247668878,4.2523773614843795E-5,9.5344553105035E-5,4.4302229304791477E-4,3.491755206680738E-5,2.9408054953430207E-4,2.8524159189689622E-5,1.2277649451648986E-5,2.2123394300583655E-4,4.250196434435482E-5,8.392364421607589E-5,2.975440602807699E-4,1.0579805711398378E-5,1.3005691831914068E-4,8.570119825435832E-5,9.423444758932439E-5,4.375771060719395E-5,4.552674659275712E-5,1.1505690438068605E-4,1.8778647571802366E-4,2.3915376948342926E-4,1.7622029419225784E-4,1.340339601787405E-4,9.321799629829342E-5,4.6049712971235607E-4,5.5052088046019315E-5,4.696876368097087E-5,2.9875717242316003E-5,1.1488801353950513E-4,3.631539748433952E-5
0.3017825262850465,2.0210389321890834E-4,2.320019242850709E-6,4.5034978882676325E-4,3.0778377339669137E-5,3.6188480627420844E-5,1.3704420893465886E-4,6.047480746709037E-5,2.2585269101748682E-4,1.0471529725059819E-6,5.4678911391579726E-5,9.13071823062416E-5,1.3645274447310574E-4,8.63801256897977E-5,1.8403492955037148E-4,2.6952128256628124E-4,6.436392410879995E-5,2.782637877641563E-4,2.1798622008047287E-4,6.834181733610524E-6,7.260934934732746E-5,3.636110360427094E-5,1.17908896401769E-4,1.1039935689043523E-4,4.84316299856186E-6,1.4359687354452929E-4,4.854234314415028E-5,2.665243502117153E-4,7.013663356927556E-5,8.02310413031868E-5
0.03084304651506542,2.1583591859678972E-4,5.0441944520551805E-6,2.931733686035783E-4,6.268265320944923E-5,5.110659898417103E-4,9.093897231591322E-5,3.8710111135105595E-5,1.1171322495804314E-4,4.452990014687114E-5,2.1490106691270236E-4,3.165734808862209E-4,4.2555898641481326E-6,2.8604621882099597E-4,1.9093352757901933E-4,6.448824679817375E-4,3.6750600678501187E-4,1.6833287173545383E-4,2.7584745854837634E-5,1.757431455077382E-5,6.354051625537236E-5,1.6239340884586443E-4,1.0573944273366636E-4,1.3190748580479834E-4,4.911007876852898E-4,8.649023052798526E-5,4.561307372406124E-5,4.947634137987989E-5,5.0363101520656E-4,1.1695733376979693E-4
0.2578969003839014,7.916531244216342E-6,9.508317182829131E-5,3.9422370275048917E-4,5.271530793426433E-5,1.4902489478855414E-4,6.8878468526546875E-6,1.1045210750697516E-5,2.3628775959744715E-4,7.076906288027668E-5,6.839148484212642E-5,1.2195485533760659E-5,1.560439879931675E-4,1.276120533334932E-4,2.9059222160255553E-4,2.808820369789598E-4,1.986057894474285E-4,2.8879414051065507E-4,2.2905139209615182E-4,2.659822292204575E-4,3.095898543498907E-4,1.7622152524763345E-4,1.554719825271852E-4,3.428575556852209E-4,3.824374062760867E-4,1.7921330880051533E-4,5.9877391226906336E-5,4.479197201640184E-5,1.1388998172102982E-4,3.5673433017746363E-5
0.32680621674812066,3.1057318658424336E-4,5.6374423959581444E-5,2.980631532605374E-5,6.301652112957151E-5,8.189930434355693E-4,8.545424944413256E-6,6.600304793346397E-4,9.01630961916171E-5,5.690447443925606E-5,2.93330701202174E-4,2.7461025265014575E-5,4.444631553398523E-4,1.9506683577128582E-4,2.35677108642934E-4,6.864726885291103E-4,7.033997612257076E-5,2.2529588922667252E-5,5.684724965816256E-6,3.700822741048978E-4,4.9068185372020114E-5,1.515567930024908E-4,2.0952955140934984E-5,6.692463605622196E-5,4.635652954984677E-4,5.201291043222228E-5,7.59284165069479E-5,4.303973360159235E-5,7.754240486556498E-5,7.887003457595693E-5
0.023284862366880182,3.616495693697981E-4,1.0080220830220003E-4,2.8541707669975966E-4,7.381483584448965E-5,8.162579730123774E-4,8.8486825256518E-4,1.0823501501114544E-4,2.2467272738030113E-4,2.755828542216683E-4,3.4213119612571454E-4,1.0231024693264473E-4,4.429588561939773E-4,1.2276701825482994E-4,9.62478343351314E-5,6.916938568163145E-4,1.3706645577471257E-4,1.678201398501695E-5,1.296598560229447E-4,0.015849000755386974,2.3219483947933183E-4,3.09523936658255E-4,7.671537473144413E-5,2.0799624559822935E-5,7.437928965178388E-5,3.372334562901498E-5,7.987043523495919E-5,0.0010328033611501884,2.5057649426025314E-5,1.0846877864463417E-4
0.70239986560354,3.996555145845564E-5,2.1686723334976376E-4,2.922108250071002E-4,5.237402779744537E-5,4.969553689653086E-6,8.903635907739406E-5,4.342344478271636E-5,2.4371060972661415E-4,3.5756913342247767E-6,9.792857837428744E-5,4.026717541889057E-4,2.377362480930099E-4,1.1101522780165217E-4,8.315749808201554E-5,1.6520879727281216E-4,1.08843988822995E-4,1.2693273939710678E-4,1.876823067247302E-4,1.6493586091968442E-4,2.502872649081391E-4,2.248737558904782E-4,1.3089391375506414E-4,2.749055686652228E-5,6.887648786938444E-5,5.166929956879893E-4,4.445777862651131E-5,5.109670131448581E-4,2.869761630996769E-4,4.496798819001686E-4
0.8506481590820142,3.7979353149273276E-5,4.12313703781818E-6,3.3995384135349473E-4,6.166897816739238E-4,8.717650369852005E-4,8.232582394533002E-6,2.0099267126395245E-4,1.498249433433838E-4,1.173656859554446E-4,5.434658092882357E-4,3.6323462821551806E-6,4.3596495073176204E-4,7.437901376969948E-5,4.454061908903925E-5,9.333499778573436E-5,1.7838778269932838E-4,2.2545854772120755E-5,1.8037341013333853E-4,1.6634142567490366E-4,4.202321559323749E-6,2.2125503287347587E-4,1.1620853899074031E-4,2.433223022250501E-5,7.650908883287666E-5,7.518332526821944E-5,4.0906400085774404E-5,4.887075728087184E-4,2.7582141825380826E-4,6.84617480583779E-5
0.08409896680919313,3.6349218505868884E-4,1.0235780994541038E-4,9.975215557870192E-4,1.2720933078423337E-4,8.068426150562247E-4,2.1845048043922866E-5,1.2435523354398372E-4,1.9808310922059347E-4,1.7001031290771422E-5,8.43466937421606E-5,2.785762633057019E-4,2.5447437689174625E-4,2.821894990348053E-4,2.1374971578141754E-4,3.5808269335654955E-5,4.9304059173250285E-5,2.969973112514248E-4,1.153742034801757E-4,1.9000999473346976E-4,2.461099051147358E-4,1.3891479632310502E-4,3.7782660806506355E-5,9.223326278029925E-5,4.010948433722194E-4,2.5939531847530347E-4,4.696334990473032E-5,3.0025537034226215E-4,1.1402785084822742E-4,3.1973424467887956E-5
0.292833867771269,2.2200357161007605E-4,1.1787238917145522E-5,2.2651568940298305E-4,3.019291294253614E-5,1.9509717905251688E-4,5.5205536029352135E-5,6.908794331891888E-5,1.505164173737869E-4,4.106887305831822E-5,1.4990816765878201E-5,2.8410995856364973E-4,4.3227132333235153E-4,7.51318763384415E-5,6.167836090060895E-5,2.8616037235548985E-4,2.7328471582055558E-5,3.077474232909308E-5,1.777856496474059E-4,3.4787460450031495E-4,5.117102545886722E-5,2.2074968730865206E-4,6.6766621993446E-5,1.9617656993593886E-4,8.579603697819258E-5,4.232623133781678E-5,2.2459828899329105E-5,1.6295673120797068E-4,3.594266131305014E-4,6.702367987472939E-5
0.15523763554726933,1.9385469666792992E-4,6.528991308847411E-5,2.1155238806868076E-5,9.58027177773766E-6,2.042405923241914E-4,6.21714448218761E-5,5.6858639468887615E-5,1.3866540885983165E-4,9.619543734184417E-6,2.9440095800538157E-4,3.6359991122741206E-5,9.14763508349774E-6,1.0358114695511351E-4,1.1139622348841628E-4,2.629788375391714E-4,7.722286923965725E-6,3.691019060838328E-4,1.349320624318331E-4,3.460490547798398E-4,1.1800983767780394E-4,3.146682840483372E-4,3.093781147758393E-5,1.0923287058792811E-4,2.7726248202290503E-5,7.390137512488804E-5,1.4947633893958528E-4,2.629618203628498E-5,5.112317689425877E-5,9.491601004045206E-5
0.45306992628211085,2.2745663420600185E-4,5.792062996580934E-5,2.0931035548016585E-4,1.1409059795683692E-4,3.972461649178836E-4,2.6132646602075176E-4,7.309081299073472E-5,2.1391378112577638E-4,1.2564939092491224E-4,5.528716655100367E-5,9.814322881154676E-5,2.352415442765035E-4,6.843901507861335E-5,1.1064448620844169E-4,2.4335643859030824E-4,3.219871487477582E-5,2.874073405449881E-4,1.9018768279806513E-5,2.540328550892836E-4,4.911504215928179E-5,1.5413239127450774E-4,2.951122271879924E-6,1.6987835496221068E-5,5.789561824316258E-5,3.9724156168196873E-4,2.2365544332761672E-5,1.6770105776468003E-4,0.004329872755041424,8.031079170903826E-5
0.8908744508247348,3.4987858823174427E-4,7.217418122706274E-6,2.325695582857127E-4,6.445893307069259E-4,8.833666829923517E-4,9.200394652502013E-6,2.197246702994516E-4,1.498249433433838E-4,1.4266457375051376E-4,6.878113507329707E-5,1.1454852409526227E-5,4.3596495073176204E-4,7.443847018721404E-5,4.482054173139059E-5,2.852754179843047E-4,1.7838430795914868E-4,1.935239827797344E-5,1.7989703193316037E-4,1.6372526385299868E-4,2.2740874205824822E-4,2.2090662667946718E-4,1.1539804286711949E-4,2.3999238310232386E-5,6.591469553711799E-5,2.2202655115517435E-4,4.0906400085774404E-5,1.4745517781227004E-4,0.001090192331754435,6.858734465522233E-5
0.9284184895733231,3.4920764526257425E-4,1.0079659920240197E-4,4.451353161450584E-4,3.0338497133404324E-5,8.134976220336966E-4,1.434440800167394E-4,8.230224359232253E-5,2.2289864538905862E-4,3.0195102116977646E-5,1.381097264296331E-5,3.695034407244125E-4,4.5211977493312793E-4,7.685376839644562E-5,1.9764654547562541E-4,2.0226175631156515E-4,4.865048694821933E-5,2.397959832170328E-5,1.8205019627017902E-4,8.827183423126203E-4,2.3497678989091E-4,2.2058611842667615E-4,7.669590822983097E-5,1.959175172270788E-5,1.6637280555606304E-5,1.363848761704836E-5,2.2569765824330743E-5,2.527822350529283E-4,0.0011009208360946029,6.93775311540559E-5
0.8684364756890756,2.2120128543943232E-4,3.9161169361559024E-6,2.521296435095319E-4,4.816948688165481E-5,1.2159201538656898E-4,7.79964565838535E-6,6.935415004824706E-5,2.57932052623224E-4,4.304065530297353E-5,1.0801062117363818E-4,3.1785640790594745E-4,7.0935185171930575E-6,8.025892795714278E-5,6.763978660226502E-5,1.4773156944138907E-4,1.7098593259008287E-4,1.8437091701139927E-5,1.2665717629311362E-4,1.5288908793187944E-4,2.2524159997439362E-4,1.6588685992149964E-4,8.599693934472189E-5,9.645822251323255E-5,8.233532084127526E-5,2.4701176047773504E-4,7.47822332557466E-5,1.444227069351402E-4,3.9877857249558633E-4,2.580630332875529E-5
0.7499631650403074,3.5882090718500446E-4,2.763974142436496E-6,2.62218088281984E-4,7.862362723250986E-5,2.0956325572230315E-5,1.8006998560034414E-4,3.516289612069684E-5,4.2417275244077825E-5,1.0155503721728375E-4,2.99446535849739E-4,1.9024522461543212E-5,3.0351235189080608E-5,2.743396669793499E-4,1.9615593808606867E-4,0.001046148915304803,3.213814783320842E-5,5.52527709557791E-4,2.0668240466701103E-4,2.204615947801234E-4,1.5262779265225556E-4,1.6919883125753277E-4,7.229791523787209E-5,7.355900309857904E-5,3.125574978623166E-5,5.451991111125917E-4,8.722539753700556E-5,4.88611185321899E-4,3.889071928322667E-4,4.006640843377789E-5
0.14379506834051936,1.2858238281916133E-5,9.0476672087635E-5,1.5426196599693348E-4,2.246868741027832E-5,2.937211398401782E-4,2.624073785182579E-5,1.2127421295762639E-5,2.4311991716460596E-4,3.187455429052885E-5,8.055515630821677E-5,2.940051559953058E-4,1.4616347665777835E-5,1.2952979841828887E-4,6.153438330082716E-5,2.2349334417841494E-4,1.7834755859772692E-4,4.6643191376268694E-5,7.32819139103937E-5,1.8692848666798398E-4,2.3915376948342926E-4,1.7614830956184122E-4,1.3425489602158578E-4,1.7848283381466547E-4,6.465330030402387E-5,4.2475038611279866E-5,4.671511883950973E-5,2.580415789818285E-6,1.09591225957284E-4,1.21278449012166E-4
0.8641429919651045,2.2630958748978908E-5,2.3696586830656278E-6,1.247319317374167E-4,1.32195275325148E-4,2.6053467810995185E-4,2.426746036946445E-5,6.063901322400734E-5,2.2114980891780497E-4,4.020077483976584E-6,9.912883993338714E-5,9.773949028116068E-5,2.042053827779965E-5,1.231667186082279E-4,4.0980394261414115E-5,3.0599837966836785E-4,3.392160534522892E-5,2.800752365057584E-4,1.4078314776778082E-4,1.6988917889198993E-4,6.445290071538333E-6,1.7762341536814896E-4,1.3022874658836258E-4,2.6268904725584712E-5,1.3042196316172359E-5,5.833656021944083E-5,4.213392111703246E-5,4.889391318928862E-4,6.856655204188415E-5,8.022983388963477E-5
0.4344745196923908,3.895253969969412E-5,0.01287734597427571,3.84563612068578E-5,6.79440849591448E-5,1.0320790712332222E-5,3.216994714783389E-5,3.525823022547896E-5,1.665415937604454E-4,1.5725370236144764E-5,3.0383641210156103E-4,3.864168410184235E-5,4.199782265651982E-4,2.539511672587482E-4,1.926289969075482E-4,9.639287628424717E-5,3.200734972898486E-5,2.932159145859684E-4,2.06095367221216E-4,3.4280129299250233E-4,1.331609418009312E-4,1.8998560924818445E-4,1.1898057671978993E-4,2.896826365115128E-4,7.709655313322884E-5,5.375448678812291E-4,8.805291938814762E-5,3.49742321363687E-4,3.905077237937557E-5,8.964965998305747E-5
0.12466687954679415,5.2351061577581346E-6,8.855812054328961E-5,2.8288741761635334E-4,1.7284975403006194E-5,5.325717862479819E-5,2.4259748593001545E-5,1.7755241377850828E-5,5.317521799172517E-5,0.011411660840336674,3.204698513094595E-4,1.024591352825645E-4,4.20037020216222E-4,1.2243403866434965E-4,2.0067997231645299E-4,2.8440750582553947E-4,2.3689930792550887E-5,1.1542820522835896E-4,1.296371598493784E-4,2.1622286248815126E-4,1.2963731375564806E-4,1.9429314028914787E-4,2.1978814939063642E-4,1.795250926308437E-4,5.533612965401113E-5,3.271071913968607E-5,7.366347374681843E-5,1.4565789664027344E-4,3.476648356804758E-4,1.1050724967543337E-4
0.1847446498767838,3.401961804358544E-4,1.019805731844134E-4,1.6665636630206837E-4,7.341784817659709E-6,7.189930702526374E-6,6.409946124823982E-5,1.6287182961864685E-5,1.667567657900877E-4,7.681258257005224E-5,2.883800010855474E-4,2.419136180006415E-5,1.3362436597416029E-5,1.2727654542392277E-4,8.178078669931133E-5,6.764789306729787E-4,3.840923366610972E-5,6.621287575393166E-4,1.7196642550627156E-5,1.7232065052987097E-4,8.842031443892708E-5,1.545526812179676E-4,1.3536039190052902E-4,5.8310777349006185E-5,4.9549845849479044E-5,1.2104648165660046E-4,0.020088237667578734,4.792420910283637E-4,2.390005007587026E-4,1.2392618273592002E-4
0.9789886273286733,2.0509748772227834E-4,9.831910472903167E-6,2.8828974959292837E-4,1.312261340669739E-4,1.9407492245620303E-4,5.5813251223746005E-5,4.439612501527626E-5,1.1292756970005701E-4,4.652650208716424E-5,7.780651974554241E-5,9.179697202333411E-5,2.3932634131945275E-4,1.2857227676446738E-4,1.1179733198574205E-4,4.8514538438477036E-5,2.6366705186218116E-5,1.4270483616549446E-5,4.696993183858251E-5,4.855579378686148E-6,6.780817165748193E-5,2.7207228237023114E-4,7.63880868034874E-5,6.0774201017610826E-5,4.7930030748281395E-4,2.1514379035426776E-4,2.2258585187270602E-5,4.6670049583109137E-4,7.805295477154528E-5,7.961364120360474E-5
0.00294878232449991,5.822677880403716E-6,2.1298225400592454E-4,2.1134493188978558E-4,8.677590748702389E-6,1.1174079844274067E-6,5.575542453086563E-5,1.5708846635452252E-5,2.243440708131341E-4,6.706965235469863E-5,3.065974221163337E-4,1.4263640627719032E-4,7.633821786451049E-5,1.3005425910720658E-4,1.01527255778211E-4,9.474858400225218E-5,3.00426182352885E-5,1.904434415392459E-4,1.1695739344306147E-4,1.94419349320512E-4,1.8079396445887564E-4,7.364201762072665E-5,1.2310775654793648E-4,2.2230925858180876E-5,3.74616568355045E-5,2.2695872936731232E-4,6.267462845809224E-5,1.563322129009148E-4,4.000091762987049E-4,3.988800010857435E-5
0.7521239702620817,3.2428235558679895E-4,8.818719999820273E-5,3.173070158733388E-4,2.7836163612813204E-5,3.2145165652037067E-4,1.691338507788072E-4,3.0001818572729117E-5,3.6512818170707906E-5,1.0156865243520473E-4,1.0567588166082882E-4,1.9571164381754363E-5,1.1327386623928126E-5,2.742345083679211E-4,1.1150756676487619E-4,0.0010548198274821271,3.3022803226610045E-5,3.747181748869519E-4,3.344863795602214E-5,9.030068254501402E-5,1.5688387336263029E-4,1.6922507737419395E-4,7.222063188104676E-5,5.9276948993946664E-5,5.537953835664912E-5,8.39991998959359E-5,7.383274582518233E-5,4.743816579669141E-4,7.08428502874312E-5,9.34278337072128E-5
0.12192951409955727,1.683172223370449E-5,2.1299813038283422E-4,3.156735553072312E-4,2.9283057927347293E-5,2.970292724497074E-5,1.7522170815530594E-4,1.623030815701175E-5,1.5890220818272436E-4,6.640375979393364E-5,4.589678277661265E-5,1.413294494045651E-4,4.314418039662345E-4,2.742345083679211E-4,2.1148962027896457E-4,0.0010548033321692814,2.9922415495613612E-5,1.8995764041791654E-4,1.2369257717268238E-5,2.1702866786499608E-4,1.2879039228735542E-4,1.7401666296721054E-4,7.619173414775764E-5,1.6853681116450956E-5,1.6973835728847137E-5,7.115726368977958E-5,7.383274582518233E-5,3.4648624259226086E-4,3.214068516392294E-6,9.327037446274482E-5
0.01115191349185743,3.4468115251388396E-4,5.690144176760759E-5,3.4025653544247437E-4,1.2574869441594756E-4,2.451337007020737E-4,2.5918053056656325E-4,6.22369192726132E-5,1.498249433433838E-4,1.1898857240247636E-4,5.434658092882357E-4,1.6518804890995224E-5,4.3596495073176204E-4,7.437901376969948E-5,2.182507619226182E-4,2.3808233987245513E-4,1.6545578367701088E-4,1.2574750367595901E-4,2.0401508220812883E-5,2.571807681455907E-4,6.178609440453116E-5,2.2086166043202806E-4,1.1539804286711949E-4,2.433223022250501E-5,7.549456234198392E-5,7.116095510440048E-5,4.8034874678915236E-5,4.887675244187885E-4,3.8426454457139627E-4,6.974701149912333E-5
0.81488325157424,3.193117660835009E-4,3.902085338515614E-6,3.386258380992536E-4,1.6165822693323038E-5,1.5977556080272568E-6,8.642423277694121E-5,1.3696419539888303E-5,1.4366367501565852E-5,4.413182062874767E-5,1.1845025753624747E-4,3.6389359724727183E-4,1.7094379640175922E-4,5.692069893101898E-6,1.0803538379350711E-4,1.1396253452827302E-4,8.121585849601786E-5,3.4854621033792897E-4,7.696114135498597E-6,2.0767687274861904E-4,2.2850586496170696E-4,6.603577804711976E-5,8.374523229845665E-5,2.403154496995387E-5,7.94896961335068E-5,4.029687969254677E-4,1.8063833058651744E-5,3.5825955214083196E-4,8.562406047840462E-5,9.207572198591939E-5
0.9918512019309155,2.0529252377232357E-4,1.0080236521892292E-4,2.1007771758334537E-4,3.230995701640038E-5,2.251953995335062E-4,5.623038613073292E-5,5.716123141431378E-5,2.2272538294145028E-4,4.7993437252411205E-5,2.9064254986566475E-4,1.0890758236640737E-4,2.3932095525723465E-4,1.246808948107629E-4,1.1004486044858634E-4,1.6746796877057795E-5,2.6453535809843755E-5,3.991081815932809E-6,7.716852828102106E-6,1.8174621780077578E-4,4.54493622928568E-5,2.77218098564473E-4,7.770758546515747E-5,5.640549222523608E-5,4.189979514969636E-4,7.075140508455704E-5,1.536801404619769E-4,4.8713966112833755E-4,7.570318578289302E-5,8.235919500914219E-5
0.37579724256194424,3.5571177089690597E-4,8.882956704984702E-7,2.1744450876432547E-4,6.709118375157674E-5,8.820492853647624E-4,8.630782772901281E-5,8.617691656537087E-6,1.869269010006096E-5,1.0275306098041361E-4,1.1544495435777992E-4,4.130373266538311E-4,9.442603797128759E-5,1.2324744146135371E-4,3.9966213577342244E-5,1.0781444632539995E-4,1.779005239535225E-4,2.7056807529258613E-4,0.0021895363311870307,5.6539674665487995E-5,2.0958459870211164E-4,0.01695754736006089,4.9199715803798885E-5,2.760454960951493E-5,5.072172301942969E-4,5.4193752909981405E-5,4.07774073885532E-5,3.6798548537601535E-4,7.641300273138473E-5,1.0628220994195049E-4
0.7948683114179125,3.2748211800470207E-4,3.717528212343387E-6,2.5295541966945323E-4,4.7256425739982435E-5,1.2159201538656898E-4,8.26670796251422E-5,1.560278729311224E-5,2.57932052623224E-4,4.287490402241315E-5,3.282764344438959E-4,3.150754880646489E-4,4.994040777550959E-6,8.852964908439251E-5,6.747751154756199E-5,6.40887866511284E-4,3.6711255003248457E-4,3.6653465200364276E-4,2.4177876728927246E-5,4.4192262510752437E-4,2.2526643737461554E-4,1.6588685992149964E-4,8.35786943377346E-5,9.70093052398698E-5,1.2844699042649518E-5,2.2176722145186292E-4,8.468521947973355E-5,1.0391712383597183E-5,3.987147866326449E-4,4.042190004276242E-5
0.32966429917078977,3.029144219800815E-4,5.3299388945748336E-5,2.523723185247714E-4,6.347747543604495E-4,1.2159201538656898E-4,8.266746109414464E-5,6.978620785358962E-5,2.5854898758553054E-4,4.369350154337739E-5,3.276615570302258E-4,3.150754880646489E-4,4.407424251252823E-4,8.724985533875905E-5,6.548329227266513E-5,6.40887866511284E-4,6.668772954176627E-4,1.6779710114837287E-4,2.5359747512218437E-5,3.514661961857051E-4,2.2526643737461554E-4,1.7263238369010495E-4,2.8928147740080835E-5,9.604110997266609E-5,3.28152697413656E-5,8.68212910267734E-5,7.986663967231608E-5,6.162520272397202E-4,4.122777906169923E-4,4.042190004276242E-5
0.14934320477952828,1.949097893581491E-4,5.9524719667420175E-5,2.1155238806868076E-5,6.922425005527651E-6,2.042405923241914E-4,6.21714448218761E-5,5.6858639468887615E-5,1.3866540885983165E-4,9.619543734184417E-6,2.9440095800538157E-4,3.848833191357883E-5,9.14763508349774E-6,1.0358114695511351E-4,1.1139622348841628E-4,2.629788375391714E-4,7.722286923965725E-6,3.691019060838328E-4,1.349320624318331E-4,3.3576548380298316E-5,1.1800983767780394E-4,3.092351219003588E-4,3.087903558616353E-5,7.917596709794015E-7,4.354521620105965E-4,7.390137512488804E-5,1.4947633893958528E-4,3.646346038740702E-4,5.112317689425877E-5,9.907638662324824E-5
0.8199428699502489,8.259157837470893E-6,2.1547935217626946E-4,3.4526329390425554E-4,1.1590490473790762E-5,5.935273522085977E-4,1.4964682969651402E-5,5.533252528118705E-5,1.149922651409672E-4,6.099498571210395E-4,7.717856122707134E-5,1.5560130246300988E-5,4.4261942590724296E-4,2.0294689038627252E-4,7.914354084235952E-5,4.0744499883656454E-4,6.994273946500903E-5,6.520018857311385E-4,1.1352187733750683E-4,3.004691666098772E-6,1.029677301367934E-4,4.536430729641063E-4,2.081068328248895E-5,2.2121539773708844E-5,4.346064801576574E-5,1.2591270212839684E-4,5.0370721891704746E-5,2.9650569038541645E-4,9.246149872996903E-5,6.680371804582228E-5
0.005786799943754001,6.191154905922842E-5,2.1963159005031538E-4,2.838321546667357E-4,2.8808015404819637E-4,1.0999619420656864E-4,0.0013190038434963969,2.1018286079516824E-5,2.248128604218806E-4,3.926983124209953E-6,5.450020560724539E-5,1.74063586685593E-5,5.633210641100231E-5,1.3562290487242494E-4,1.850889028563249E-4,2.423882065962274E-4,2.7587939595415597E-5,1.8879914889611646E-4,1.8193749992697383E-4,3.707028385411626E-4,2.458014918074292E-4,2.200001859091861E-4,4.805606507611209E-4,2.2410065385759636E-5,2.1008128804586276E-5,5.865851652821551E-4,4.725216079361861E-5,0.0010606752681239654,4.4115018008264646E-4,6.838977310962814E-5
0.09100255168623639,2.7110296672140633E-5,1.0517960308934998E-4,3.659583298194495E-5,6.794724841270607E-5,1.3719838679072314E-4,1.9297189948295836E-5,1.2435523354398372E-4,1.652694943287724E-4,1.5733654628459116E-5,3.0369680952819323E-4,2.6852672335186256E-5,4.207032144415624E-4,5.501897539918188E-5,1.937970002779907E-4,3.43106744421745E-4,3.0511552302733407E-5,3.0476643132588423E-4,0.04035487820807864,1.668482002033034E-4,2.4486847225096563E-4,1.9029582171480172E-4,1.3617205996040906E-4,2.8321665022651215E-4,1.257056428413997E-4,5.375279609463924E-4,4.670970506326917E-5,4.202763524397324E-6,2.468322999458374E-4,9.02745052446681E-5
0.7021600150801279,3.7269537236658454E-4,2.180952504421082E-4,2.916783906495449E-4,5.1457557625746405E-5,3.1717985286433978E-6,7.755411081490398E-5,3.738407116474048E-5,2.153643879521182E-4,1.4382620290626845E-4,3.0021242886846424E-4,3.935039049748987E-4,2.628423513671268E-4,1.2364368238339108E-4,1.910512213334718E-4,9.095138611452024E-5,3.772040788287905E-5,1.0295974053306327E-4,9.663851931874514E-5,2.566446953689784E-4,2.4627407413770313E-4,2.2428363370454365E-4,2.9024660703371657E-5,5.393631473501404E-5,3.124771008448848E-5,4.950638710687328E-4,4.452773473560052E-5,4.986685278992966E-4,7.741070842657132E-5,1.253295367481806E-4
0.003186977011324643,5.2351061577581346E-6,6.9723375841185E-5,2.239460064847458E-4,1.5933758200591725E-5,3.497652048397372E-5,1.939049618087589E-6,6.0530663183247404E-5,2.210628600944283E-4,6.488332807682166E-6,4.801862646095287E-5,9.518206395939175E-5,4.20037020216222E-4,1.3349276312575877E-4,1.079861556176439E-4,2.922849032872719E-4,1.3976908028776486E-4,2.8324739116381107E-4,1.296371598493784E-4,1.1222092854670076E-4,7.22195822359943E-5,1.799600904829195E-4,4.804509706412222E-5,1.303640397126989E-5,1.2764174377606849E-5,5.835297829913063E-5,2.683850387809849E-4,4.927949696636895E-4,3.0931995827405284E-5,1.1142514330930852E-4
0.09250593496814288,3.4601717288467435E-4,2.4846882146583753E-5,7.278975709414194E-4,6.776406996047399E-5,1.3888823953557675E-4,2.0071714859127363E-5,1.2435523354398372E-4,2.0093432803396395E-4,1.7051463191769387E-5,2.892548595612089E-4,3.116655960734131E-5,2.5934773949563427E-4,6.012619612814851E-5,4.459626160267724E-5,1.6597675773110618E-4,1.873439746176985E-4,6.188726763589159E-4,2.3233418714003512E-5,2.6414698459089144E-6,2.2852820114329967E-4,1.386200376891055E-4,1.347834958704488E-4,5.900653956795259E-5,6.624115934411518E-5,3.256939154829545E-5,7.687871039293472E-5,1.9017057393883778E-6,4.241712355316774E-4,9.025361844920713E-5
