0.9995187847680614,5.662001960796622E-4,2.6060520996095315E-4,5.541851671983679E-5,3.14684965417837E-5,1.0375332338776712E-5,3.1442389650471696E-4,8.961985051343213E-5,1.331525733504519E-4,9.741739844141528E-6,7.985955012837961E-5,1.6422368794874972E-5,1.425928323708262E-4,8.022358480693046E-6,7.337905832870983E-5,2.8936721694653534E-4,4.4276991267490665E-5,3.7040628135059006E-5,5.3972730278935527E-5,1.910885117374563E-5,1.759279289486915E-5,8.79592089460404E-5,1.0239190663032076E-5,3.5377985429762854E-4,1.2402703388985416E-4,1.0346232594371256E-5,2.627170203615998E-4,2.2115000880390653E-4,3.3040972286399025E-5,1.3441085416619037E-4
2.6278471721786004E-12,7.607787837450827E-5,0.0016159736121748483,8.752367854632573E-5,1.3319105042759285E-4,0.04519285741691409,3.870230964873578E-4,5.355061358210487E-5,5.6251498054793385E-5,1.2753020476356372E-5,2.0693701722543737E-5,4.232303478661836E-5,1.2789638222591475E-4,3.6859045482915976E-6,9.032656856837771E-5,3.6465971341498993E-4,7.654739360150555E-5,5.44453471125545E-5,2.954633299386238E-5,2.5865305721929652E-5,2.2517121019194821E-4,1.9477645517976502E-4,6.799217157789878E-5,3.4546853629450645E-4,5.527733883545227E-4,1.730407323061907E-5,4.684335553148053E-5,1.4566577309333326E-4,8.128379920512612E-5,2.1487780096131665E-4
0.18868757178896867,7.590331051420214E-5,5.2055862903954226E-5,3.959528351414656E-4,1.5720389161780097E-5,1.180814536079929E-5,5.468329757081297E-4,3.0700070134626623E-6,5.5579124399058E-5,9.646591219609265E-6,3.291074056545609E-4,8.43316200719758E-6,1.2358481353751732E-4,5.149982261433331E-7,3.3403687133663583E-4,2.9212599660685185E-4,2.3170202121466113E-5,8.505065985475867E-4,5.575413988950497E-4,2.2128411680958236E-5,7.689468033831876E-5,6.852584877240009E-5,1.7375791036951284E-4,3.037358121340181E-4,5.418266678676902E-4,8.268752294244765E-7,3.1150218162231036E-6,1.9395812945708312E-4,2.4583725301125574E-5,2.7855344412767123E-4
0.0024099814578504852,7.178743243207239E-5,8.617432273682036E-4,2.3079310531343635E-4,5.313044497364132E-4,0.0029470995084557756,0.0010385990676748062,9.16709113857386E-5,5.480640539902169E-5,2.7073290801253357E-5,9.909651126172389E-5,1.805624081280516E-4,7.803416856755575E-5,4.1131899624642084E-6,3.371321584694458E-4,2.16477784363443E-4,8.469265448174089E-5,3.0786896521925186E-5,3.773257893033592E-5,3.0275338291595654E-5,2.4291137685459197E-4,6.586117475117101E-5,1.0489931701022591E-5,3.3650194336764844E-4,2.0576638524826566E-4,1.2071130335813309E-5,6.424723759189589E-6,8.595457533168926E-6,2.4907823805811518E-5,2.669395240960963E-4
0.4049807193461318,6.751682507600166E-5,0.0016007250017165068,1.5572889554312094E-5,1.181021305058259E-4,2.025442381252643E-4,6.078624325991508E-4,2.5206470917549082E-5,8.800612805865619E-5,3.2709416346085776E-5,9.275086783594236E-4,3.922008813601473E-5,1.866333366755456E-4,1.2400192274964157E-6,7.419716158278709E-5,3.66832174615058E-4,8.53113662572903E-6,9.715556705379018E-5,3.474404525764639E-5,0.0011495311518512957,2.1098288760431955E-5,6.525125073131946E-5,4.993229518212318E-4,8.843915660292064E-4,8.865390529216766E-4,3.694710142278098E-5,4.8288620219912466E-5,4.054861925683069E-5,3.9459680924493564E-5,2.1216572053637275E-4
0.12065489399510784,3.2067534145476456E-5,0.004140169882855616,5.462162767991277E-5,0.007177358664821104,3.913307192889359E-6,7.784877181369427E-5,2.4289327129621654E-5,5.633324861920139E-5,2.22470773366346E-5,7.955507005881574E-5,2.0457304558513028E-4,8.136209115312994E-5,0.029453075251874114,4.298209981284961E-5,2.903306669559319E-4,4.245414244846177E-5,0.0010721496382822212,4.351905175431752E-5,9.041998535486747E-5,7.655441742355456E-5,8.738697209001228E-5,1.7438915006279693E-4,3.5368514862247464E-4,2.1037890835563487E-4,3.482494481447072E-5,1.032984268681207E-5,4.226405809421659E-5,8.620140055013806E-5,2.128985382024376E-4
0.09070962149669073,5.834324158163913E-4,1.6084914986088888E-4,7.860150554312436E-5,3.0847295572834747E-5,1.2730772714333985E-4,5.543313146618576E-4,6.492610332396124E-5,1.3325701692325806E-4,2.736353385381314E-5,2.6260978797174066E-4,4.7290284002522124E-4,8.845155866548442E-5,1.3219129770410262E-5,3.081376550008779E-5,3.9385091340007097E-4,4.301860728714649E-5,4.22601157428881E-4,6.2536776539194E-5,0.0013124809005619386,1.2416887187878168E-4,8.820068633916007E-5,1.0303118763687476E-5,3.537526061606564E-4,2.6492047042635822E-5,2.1667962346296653E-5,2.6919735409059223E-4,2.190720465553298E-4,1.4283364126227717E-4,1.113885805766585E-4
0.3237157785756538,1.799968590727606E-5,7.217122861109379E-4,4.197531431470379E-5,1.1415620566369503E-5,3.4227677158621232E-6,3.760011533662523E-4,1.0531967153310976E-4,7.808422228446753E-5,3.7435919145735295E-6,3.34334919955333E-4,2.0457304558513028E-4,1.5944366333163644E-4,3.2871293907511703E-6,6.968246565706862E-5,2.917245947550511E-4,1.5994905605509657E-4,2.719149899332318E-5,5.215182572535381E-6,9.129377166186629E-5,1.6451814871127745E-4,1.9008829171672626E-4,1.7511560718140855E-4,1.476253372971785E-4,3.792623031044845E-5,2.396433956485002E-5,2.762368705658974E-4,9.011788075318295E-4,2.7836707676372217E-5,2.125867805115568E-4
0.285424198965943,1.7912651359900354E-5,0.004200781839707209,8.986636760523368E-5,1.7002427190928023E-4,3.4547171030156117E-6,1.4149176887801105E-4,8.44923806463873E-5,5.624244471093383E-5,2.3390635868269522E-5,7.971020271768772E-5,3.716458471844479E-5,7.228518414255478E-5,8.070393959808148E-6,1.6582769453279265E-5,3.6876355056788E-4,8.534224445256347E-5,8.575522492797038E-4,5.56719605260642E-6,0.0013083853130026928,0.007439762152231494,6.975087259120471E-5,9.571832256980783E-6,3.877759292753649E-4,8.413624132722773E-5,3.4631350727066585E-5,4.665690272891325E-5,1.0320495132773265E-4,3.410026520463122E-5,2.1291001493208274E-4
0.716569858830275,1.990165142268092E-6,7.334500598509585E-4,6.838081858289306E-5,2.1143591926725276E-4,1.1713998253346258E-5,5.485326574785416E-4,5.675103405503921E-5,1.3405886390411553E-4,2.2000656151262233E-5,9.350729408910764E-4,3.688600617217406E-5,1.8697401597538038E-4,8.66689172867816E-6,7.260839933142419E-4,3.132430186539802E-5,3.2186398246951105E-4,6.151202681806802E-5,6.866754157811957E-5,4.8635968679833555E-5,2.207852597520235E-4,8.17026083369186E-5,0.0012015196455113391,3.3512504790931093E-4,1.2335539658635034E-4,4.465273108729706E-5,1.5024426551413904E-5,7.161775211178445E-4,1.019472823495495E-4,5.2870742367632536E-5
0.13114389364515777,4.798163877362984E-5,2.66052695166882E-4,2.596102392517501E-5,3.305716906512069E-5,2.0133498150325864E-4,3.850051647853758E-4,5.2762700312705315E-5,3.777133272676934E-5,2.373331704261399E-5,8.00194065169896E-5,2.666309985484483E-4,1.4192205636388502E-4,8.869817863120475E-4,9.55278557818456E-5,3.92205844621149E-4,4.701197647676195E-5,5.512431819176302E-5,6.041700059816022E-5,1.064446224750533E-4,7.885584724948462E-5,8.804311868410119E-5,5.93930048162769E-6,3.446547423519656E-4,8.490817220103066E-5,2.4688188590343356E-5,1.0992311536599627E-4,5.207058579843202E-5,1.0256571710721518E-4,0.007263938818111856
0.26713619793950527,3.1616615963792576E-5,4.0749933836190053E-4,7.263674999385343E-5,5.107138333152499E-4,1.9277316581807107E-6,5.468957933143228E-4,8.921199385364745E-5,9.925741121263778E-5,2.724202494382825E-5,9.5647540517093E-4,3.860796106483399E-5,7.8697991776392E-5,7.118177659326963E-4,9.028865907428163E-5,3.688187977509838E-4,1.8470603398296103E-4,8.509206717827282E-4,5.386985661911714E-5,1.1719879495465612E-5,6.507175657680523E-5,2.123210003338393E-5,1.822243853319228E-5,2.901176971084015E-4,6.643208286497374E-6,1.655075369077879E-5,3.1871489663406346E-6,8.444270500190207E-5,3.306594345208544E-5,2.890131374465512E-4
1.2540423534191866E-4,4.615903249937855E-5,1.7304992452806613E-4,2.5715966602950035E-5,3.1655309130218144E-4,0.002937696289884784,5.810348267255936E-4,1.693610554456994E-5,5.5892421228605076E-5,9.919586042133173E-5,9.435486936586871E-5,3.449199863401724E-4,9.820585868207301E-5,2.3726507707462886E-6,3.447151463653901E-4,3.9514652593324853E-4,4.164364663957108E-5,9.53087428413775E-5,5.752121134450098E-5,2.5869338882454507E-5,2.2503519037555213E-4,2.1232330560659658E-4,1.1242030919035343E-5,3.4180361470007774E-4,5.477368771768588E-4,1.9783685826348102E-5,4.716959297375194E-5,1.4587204195644278E-4,6.782738662636687E-5,6.024786455330778E-4
0.9872432409962615,0.0010412187791260328,1.0693483341922994E-4,2.3278262592118002E-5,3.224382328283475E-4,1.2227121756752126E-4,5.34116664198183E-4,6.341971507478747E-5,2.291351156515247E-5,9.605934974716071E-6,3.3292216330766896E-4,2.753878772755596E-4,1.4077701133837221E-4,4.245616048036908E-6,1.8490183234715134E-4,2.891937512279637E-4,4.4271915090563746E-5,5.5815753211015484E-5,0.0011892658126039528,2.397118619226323E-6,2.21340859393923E-4,9.162603169944534E-5,1.1758504930608911E-4,8.863515687127905E-4,1.1832796404279475E-4,1.0321793305675882E-5,6.269800572264653E-6,2.212128828708898E-4,3.295466948155628E-5,0.006038457267774557
0.2112999058429517,5.562378477187832E-5,6.329275995924427E-4,1.8511845015270104E-5,5.314156088328647E-4,1.1894015189644952E-4,5.026395475360278E-4,1.6968825889964142E-5,5.6215414647857265E-5,2.3715326518773214E-5,0.001124572289145512,3.454058857494984E-4,0.007929069633802358,3.2593991383210734E-4,1.8332515395151476E-4,2.1692682638111945E-4,3.864688090628334E-5,3.134030417656817E-5,7.695675418397329E-5,6.189155190506701E-5,2.2123859751099772E-4,2.0985665887885687E-4,8.721870475694732E-5,3.876813189700234E-4,0.0010249262102121795,1.2070197324166497E-5,3.100736959653805E-6,0.013504609545535774,6.721433336096596E-5,5.949921485716831E-4
0.012240012419773768,5.662001960796622E-4,0.001556558185293827,5.556529090214504E-5,3.3659901803210324E-5,8.371219691979487E-5,1.4247876539030683E-4,8.96169878482678E-5,6.859880712337194E-5,9.757266032024245E-6,7.985955012837961E-5,1.6422368794874972E-5,8.500895493861107E-5,8.409799088556494E-6,7.650428017296309E-5,2.8936721694653534E-4,4.267614430328263E-5,3.6503305584208795E-5,2.9914875092165E-5,0.0011312132766717778,9.042362066844281E-5,6.724535241626594E-5,1.7994245495938913E-5,3.043308755664774E-4,2.642072097726931E-6,1.0346232594371256E-5,2.679068253513306E-4,1.262003039748551E-4,4.887202712791098E-4,1.3569426803261946E-4
0.7449080224008883,0.0010393283779572154,9.666192670772116E-5,1.7384933719591305E-5,3.6163054672324604E-4,1.2075063982303423E-4,6.071154561440768E-4,6.343275454665888E-5,5.505615729745441E-5,2.7256127755171637E-5,1.4202936305102566E-6,2.755521862529887E-4,1.4120849159310892E-4,3.695880779819546E-6,1.8578299479538857E-4,2.7921125173995144E-4,4.4681163248109666E-5,0.007058871069565421,4.046674762859669E-5,9.222795858001652E-5,6.636034308948934E-5,9.13571260354057E-5,4.99410643793152E-4,8.747154676624196E-4,8.870523455784817E-4,1.0315787590627919E-5,2.7010214669023823E-4,1.8058797285407167E-4,1.0776434799375437E-4,2.667653517968273E-4
0.8829705719631662,4.8267915104146265E-5,1.387154488172052E-4,3.0418722801954566E-4,1.0977060895764817E-4,9.568633718760525E-6,2.690192661075944E-4,5.3333624313817724E-5,1.3317558360356917E-4,9.734660732995107E-6,8.228132113992041E-5,2.1817478917120984E-4,8.485622631929413E-5,1.9010118954235645E-6,3.4675294619236077E-4,4.195968904541535E-4,7.121290812724493E-6,8.143019577044067E-6,3.3248555436134414E-5,0.0010151283791778366,7.878780102326346E-5,1.7440655119433494E-4,2.816294415131964E-4,9.357088159113176E-4,3.456771661758569E-6,1.667161370998322E-5,2.720926537452054E-4,1.5919254081435446E-4,6.750664279954993E-5,2.1358146351400782E-4
0.7671380009539884,4.789990216024428E-5,7.253672944699194E-4,3.2259757379428974E-4,3.1694829690659694E-5,0.01192483319120121,6.09505338675882E-4,8.401302668989736E-5,2.4282701927209427E-5,2.3583297762378692E-5,9.3254879986946E-4,1.6221282285096495E-5,1.8861562147200317E-4,6.245906103092804E-6,4.235311523178138E-5,3.177515557005407E-5,2.5464174947722615E-5,3.34619439251064E-5,3.510369552494435E-5,2.425614784450656E-5,1.681918505855698E-4,6.787498617416629E-5,5.2004824532537975E-6,3.3874346775541683E-4,1.132591854263381E-4,1.646264800092632E-5,1.1017551597437719E-4,6.074726025377333E-6,5.511261099688519E-4,2.5870269164781793E-4
0.9087392624668409,7.588247087592101E-5,5.1606860223053997E-5,4.115831076766316E-4,2.1080112410248406E-4,2.02727688845962E-4,3.86108997512644E-4,1.0965659624696827E-4,0.0034112738493536454,2.373298693273707E-5,1.9591736797923037E-5,2.666309985484483E-4,7.975733190441296E-5,8.79562180442978E-4,6.950399366557948E-5,2.927484004642975E-4,6.904294333227825E-5,5.617223557328998E-5,4.136418391857361E-5,1.1261737850322222E-4,0.001357582335380538,1.0582453785865987E-4,6.743572419513116E-5,3.4465024230285037E-4,8.80777148532304E-6,2.4663617570657744E-5,2.76021700322001E-4,1.991546046815539E-4,1.0257003648142596E-4,0.007245424484905637
0.9286613075431815,7.579469835311065E-5,5.243540101007029E-5,3.9467202060747367E-4,1.728680485689307E-5,5.970513505811188E-6,3.8505173310351834E-4,3.188622743899522E-6,1.3595090318718818E-4,4.043389308136717E-6,1.8990462207958437E-5,7.695890323901123E-6,7.887971520022951E-5,3.284717965553747E-6,3.3403687133663583E-4,2.927576181727755E-4,5.684915867224091E-5,1.980136037725396E-5,1.1928288420051322E-6,2.1958180168520418E-5,7.689468033831876E-5,5.339425760815627E-5,1.7250638541478977E-4,3.870098121299066E-4,5.335232855888739E-4,3.583837579578882E-5,3.0988570487421073E-6,1.9927091053729696E-4,1.0061279923850641E-4,2.779124548636699E-4
0.7363721790565771,0.0010246281224900408,4.072899970504035E-4,3.8946458652196826E-4,1.3222994991515203E-4,1.2690010481951545E-4,6.072783255700093E-4,2.5429016014519365E-5,2.1848755554973836E-5,1.495414722240104E-5,2.2118577685817023E-5,4.683119455095229E-4,1.4193845293985298E-4,1.4915520041050835E-5,2.1459798702469745E-4,2.9186242200097615E-4,3.4639426070487726E-4,5.608391765987687E-5,0.0026478330051597446,1.1532285842905278E-4,1.1893544722510829E-4,2.084557493958007E-4,2.1397373298239104E-4,3.5238651797235104E-4,1.1506541193766971E-4,2.1092267963058258E-5,2.638096288399904E-4,1.1099331591068605E-5,6.899005527695199E-5,0.001813747361752595
0.025388201052794934,0.0010615941199785277,1.68668714357832E-4,8.893752458030603E-5,1.3328898731899226E-4,5.176081147659362E-5,3.839925292402803E-4,6.974880979491375E-6,8.085862934254928E-5,2.769749297900775E-5,2.0490010845491513E-5,3.805917944486161E-5,2.2410269441407978E-5,1.686302032275127E-4,7.021149797687696E-5,1.3921493321202084E-4,7.280615109739216E-5,3.362603501873247E-5,0.006012022098745763,2.0315319581246474E-5,2.2459152444247253E-4,1.9396818602429746E-4,1.916995209728654E-5,3.8810481668886856E-4,1.0641036018145634E-4,3.5047150835218466E-5,4.204436323275879E-6,9.016740606141154E-4,2.8518943005581303E-5,2.1513010225404777E-4
0.10488623473596034,1.0595540579288147E-4,1.6218797434314734E-4,3.9153934220652575E-4,5.311560512606975E-4,1.946105172614065E-4,2.7944647529788377E-5,7.243522358476879E-5,3.190171095053107E-5,2.7119990880593935E-5,9.705487299628318E-6,2.673373853596387E-4,2.7782771357140956E-4,9.576104066816322E-4,1.2716975707881782E-4,3.95036270894527E-4,8.877698422484895E-5,5.804261626846303E-5,7.501070984620656E-5,1.9759315109121472E-5,1.6673444607579076E-4,2.095751159614661E-4,0.005021539426685179,0.0012484457532561694,4.372935047460026E-4,1.2248075832744884E-5,8.255421015918373E-6,7.457943112467306E-6,2.7947544315010733E-5,2.499962512428998E-4
0.9667331530735054,6.9927447027832E-5,2.73889697125582E-4,3.907370874658247E-4,1.3482589660542628E-4,1.0000917611939606E-4,3.871188758197842E-4,8.479720752596677E-5,8.083724360974959E-5,2.0336163531851827E-5,8.35525155104199E-5,2.660471090286307E-4,1.4223617894954018E-4,3.5562949535903184E-6,9.0286733906878E-5,2.9120364749707014E-4,9.769706377032036E-5,9.95455770312511E-6,4.868197090061408E-5,0.0013057705271095118,1.940545046914561E-5,6.812441937127863E-5,1.1121643157153278E-5,3.3905565012682726E-4,5.524892998934461E-4,2.0946109609321923E-5,2.6901636381761976E-4,4.957905824006586E-4,2.510662696273552E-5,5.827416727490592E-4
0.6124853573164177,9.831791056695253E-5,1.3626012839467873E-4,0.005188384792624154,1.1325875171646043E-4,1.9424223862187683E-4,3.81162830836127E-4,0.002556811174751112,6.515560533887479E-5,2.7053288977059784E-5,2.367262387028563E-6,2.8762864624407914E-4,1.2707935615524884E-4,7.314389539857607E-5,0.001284424483695459,4.356577257158488E-5,3.312310245915691E-4,5.616907988318963E-5,7.398305934614672E-4,0.0013154396967175208,1.668741748524227E-4,5.0818983464935086E-5,1.2293491907824244E-4,3.428156347334006E-4,5.70934546596022E-4,1.640275066041099E-5,6.595814363884677E-6,6.900979327087095E-6,1.050410083538521E-4,2.5363888616452537E-5
0.007483378015970266,5.662997441072002E-4,8.817528234275505E-4,7.750131298747088E-7,5.106992254630721E-4,1.0068078512526622E-5,5.451384867707022E-4,7.215958112929758E-5,1.3931071170583396E-5,9.784676975696514E-6,8.676734143416782E-5,3.449170542368517E-4,8.538553165975935E-5,7.1809296587177714E-6,3.2170496906014194E-4,2.8936458966880425E-4,4.4671875090333225E-5,8.391762867934584E-4,5.4040176612401235E-5,2.2059943554324097E-5,1.765984700238813E-5,6.72205365160144E-5,1.8066160665734622E-5,3.537803815279762E-4,2.643387136552316E-6,2.4831488780956315E-5,2.6584128373795116E-4,7.0058610554352E-4,1.9475041031867952E-5,1.3582643443158296E-4
0.3624219487120206,1.0595540579288147E-4,1.6247175061112796E-4,3.9148445873628496E-4,5.325623141077641E-4,1.946105172614065E-4,2.7944647529788377E-5,7.243522358476879E-5,3.190171095053107E-5,2.776440641163882E-6,4.884675750295181E-6,1.1292694556749806E-4,2.7782771357140956E-4,1.0249108823838114E-5,1.2716975707881782E-4,3.471591490867537E-5,8.977302388677767E-5,5.804261626846303E-5,7.501070984620656E-5,1.9984963828435968E-5,1.6680759507793652E-4,2.095751159614661E-4,0.005021539426685179,0.0012484457532561694,4.367956907289671E-4,1.2248075832744884E-5,5.5765421480529384E-5,2.241747129175551E-4,2.7947544315010733E-5,2.782709847653581E-4
0.3835599044232241,7.188395460447457E-5,1.6985825868279182E-4,0.0031976983431943294,5.312360308455675E-4,0.008530446386748929,5.814828338840911E-4,5.37198036321922E-5,5.505895184170165E-5,1.9181832782955502E-5,9.44801896389362E-5,3.0404169330485706E-4,7.615760130504861E-5,4.2734962692384565E-6,9.07156314008891E-5,2.1599392763096303E-4,0.0010936436149388954,2.6268256261861642E-5,2.053836711859514E-5,3.234082634028643E-5,2.2090425119536308E-4,2.0934653007057002E-4,4.979939593321101E-4,3.389187702572288E-4,2.0766729113002604E-4,1.2041599825248497E-5,2.3595237566017722E-4,3.342940248996498E-4,3.376425118162578E-5,2.6694272380567067E-4
0.06308433844357876,5.662244269549961E-4,2.6502898723616396E-4,3.2039123456816844E-4,4.2627600112319735E-6,1.2891772594587753E-4,6.055267916415198E-4,8.961985051343213E-5,1.3327605028606548E-4,2.3530877790836356E-5,4.417351253197441E-5,2.0317539925184956E-4,1.4258574993876986E-4,8.022358480693046E-6,7.321418333043457E-5,2.8914174317764115E-4,4.61217969434536E-5,2.7246013399886137E-5,5.424202689354339E-5,1.910885117374563E-5,1.75881807422025E-5,8.823946789186518E-5,1.7422928323218513E-4,3.5381993736002717E-4,2.0276518510094873E-5,2.358203741712311E-5,2.628068253573003E-4,2.2109615128146538E-4,2.82549472825208E-5,1.3432485013815674E-4
0.019997810531763784,5.0168351903949894E-5,1.6266381955903813E-4,2.8673930492621757E-5,5.259771847747752E-4,2.0389138332000293E-4,6.014212385738165E-4,3.514658674800905E-4,1.365172540408741E-4,2.7596711492854333E-5,9.24799858045984E-5,2.666338631332667E-4,1.580406399728482E-4,2.5713296253641535E-5,1.2755639408608275E-4,2.930717616420958E-4,8.881912375369798E-5,6.944700453339627E-5,2.538960221393097E-5,1.1931590947780664E-4,6.644336397638819E-5,2.3126785620977523E-4,1.75580328490161E-5,3.100721199526537E-4,5.199218669433841E-4,2.0724409641646992E-5,3.7532163627766155E-6,7.481026927575627E-4,1.0120004595420361E-4,2.4370525210603975E-4
0.13893697177717818,1.112069322445553E-5,8.817528234275505E-4,7.750131298747088E-7,5.106992254630721E-4,1.2244926370093265E-5,5.451468599400815E-4,7.215958112929758E-5,1.3931071170583396E-5,9.784676975696514E-6,8.670686093056022E-5,3.449170542368517E-4,8.471950080793573E-5,7.1809296587177714E-6,7.145642214401686E-5,2.8936458966880425E-4,6.888424773839215E-5,8.35999427067316E-4,5.400091628813053E-5,2.2059943554324097E-5,1.765984700238813E-5,1.0559576551675477E-4,5.75250434847029E-6,3.537803815279762E-4,8.739907922333902E-6,2.483297919285779E-5,2.6584128373795116E-4,5.824870617034556E-5,1.9475041031867952E-5,1.9281801628284355E-4
0.34532951440253334,1.4895419691716288E-5,5.776949316311456E-5,0.0032138562021875195,3.224291755680861E-5,5.9917379674336264E-5,0.012541272731758552,8.900103636128631E-5,1.9161635693662818E-5,8.82037931114296E-6,8.097956274761967E-5,1.1953902744609221E-5,1.2532992544999851E-4,8.048209776491425E-6,6.009366776727929E-6,0.01324650896806084,4.406660708452917E-5,6.083002148760152E-5,3.383084491249593E-6,9.373945995439379E-6,1.085644846323542E-4,8.7447295217291E-5,1.6280154985213496E-5,3.0411666382065415E-4,1.2262685972122444E-4,8.92440018943399E-5,5.519441762206582E-5,0.0041976056507933845,6.908633252449509E-5,2.4417574716927845E-4
0.7863265856349894,9.119234296169588E-5,1.0731005425228813E-4,8.05050249303371E-5,3.64918180552193E-4,3.078291176979094E-6,1.3795426534393392E-4,0.0025523463026965875,2.161404462138621E-5,2.0419431656143113E-5,4.059880640380791E-8,1.5352938736247046E-5,1.4110425211972573E-4,1.639806525548172E-6,3.398085052264191E-4,2.792481410459831E-4,4.731472854433222E-5,5.426603087424599E-5,7.500655794375037E-5,2.2320189657967435E-5,7.715442290798103E-5,6.953549210214648E-5,1.7217252047831234E-4,3.104894633326795E-4,1.1406613367204811E-4,1.6690937687403084E-5,0.0027598065497388114,5.011989726937179E-4,1.0398829723091033E-4,2.6800775110272587E-4
0.25801903070819643,0.004804632921150355,4.398919141271176E-4,1.8040517690640453E-4,3.5693699607632437E-4,6.47756244669139E-6,3.938459083171592E-4,3.514687137673365E-5,1.371202572448602E-4,6.341240484000185E-7,9.442799834671015E-5,2.2824446230396082E-5,3.161703179328943E-5,4.947428413813802E-6,9.5268283315126E-6,3.2612943116694176E-5,3.241348666049291E-4,5.585400414177081E-5,7.20932207772405E-5,1.11461368139501E-4,1.645417460554902E-4,5.366034010702158E-5,8.837482273151682E-5,3.880031168140937E-4,9.101203631162644E-5,3.57606186660445E-5,9.925732956042511E-8,1.4759130262299795E-4,7.227712240212279E-5,2.4375172017451928E-4
0.6319843110725994,6.983219617534269E-5,1.2536234180653117E-4,1.5321329702024116E-5,1.3502070032380355E-4,5.959849002764873E-5,5.286859087452031E-4,1.4556772206725024E-5,1.737192171876288E-5,3.881577343266464E-6,8.355095796163245E-5,1.0726591616012755E-4,1.4272637542845097E-4,5.969804130486573E-7,1.1665471276766374E-4,2.90069422632879E-4,4.680660437912681E-5,3.51849699282709E-6,4.848102164503937E-5,3.0242638597757234E-5,1.1497787371723644E-4,7.684572746098064E-5,1.7035249831594902E-4,3.3935054304977164E-4,9.191256915631963E-5,1.6736952912842028E-5,8.573760962814764E-5,4.930861444612336E-4,1.0225713486031169E-4,2.4287985991627866E-4
0.3866179832178205,7.188395460447457E-5,1.6985825868279182E-4,0.0031838859017306797,5.312360308455675E-4,0.002937287540950455,5.817149192383343E-4,1.6770859930834305E-5,5.505895184170165E-5,1.9181832782955502E-5,9.447655535067848E-5,3.0404169330485706E-4,7.743659191872341E-5,4.272882068813975E-6,8.929509774222857E-6,2.1599392763096303E-4,0.0010929403347669365,2.620594823880178E-5,0.0011920363007992011,3.234082634028643E-5,2.2090425119536308E-4,2.0934653007057002E-4,4.979939593321101E-4,3.389187702572288E-4,2.0766729113002604E-4,1.20610944574563E-5,2.3544975749636293E-4,3.3830990595414576E-4,3.376425118162578E-5,2.6694272380567067E-4
0.4310825775121317,2.0188489779246583E-5,6.19870452597306E-5,7.154159845802857E-5,3.3311543952851475E-4,3.1863262421941073E-6,3.741763432792914E-4,1.0544060532665946E-4,1.3449598101570969E-4,2.3706061284645134E-5,8.00755781806292E-5,3.440005589196717E-4,1.2547127882754048E-4,1.3444581495120375E-6,6.938423900300798E-5,2.0257338537299193E-5,1.598198082059841E-4,3.3853015740735513E-5,7.206153973148696E-5,1.929057085007546E-5,2.1951016214724628E-4,8.021147414296238E-5,9.890308779282283E-6,3.878458883012704E-4,1.0166407239296725E-4,2.3936400495472082E-5,4.9307544802079935E-5,1.4086464409930285E-5,9.884670336557331E-5,2.434932182596628E-4
0.045126236470820744,1.240275288450349E-4,1.7085706631930569E-4,3.214884048925451E-4,1.1568845297627297E-4,2.019053019341229E-4,1.3750827247791574E-4,8.414603496598863E-5,5.6819865061068005E-5,2.7416317918237915E-5,3.293698715419968E-4,1.7256035487543865E-5,1.5690208459984882E-4,3.164372217359852E-6,3.467705300767492E-4,4.517692680769999E-5,4.596649312455083E-5,8.441068430350897E-6,2.9548490485999187E-5,6.7808947566906815E-6,2.2374196458780393E-4,2.0945908384356163E-4,2.8127646209121047E-4,9.407737118437727E-4,2.7774737010011802E-6,1.8616141471959187E-5,1.2044021400170998E-5,1.4905981593200436E-4,1.5305201893899345E-4,1.1165970845214402E-4
0.8493145425257744,1.0370549863097716E-4,1.3290429246418312E-4,2.636887662215065E-4,1.3565709247631466E-4,0.002903183410789701,5.455986244180792E-4,3.7586461887436935E-4,3.948988734049482E-6,2.7616632178244806E-5,2.631970144976046E-5,4.319875539452362E-5,1.908308761865505E-4,2.06222740035149E-5,7.256073575434398E-5,4.0404647179130966E-5,4.25945119145579E-5,2.3368174795992205E-6,7.291150752338521E-5,0.0011639217475872825,9.136766364252794E-5,7.056205881566212E-5,0.006976152674119409,2.977672775384381E-4,7.243940033625233E-4,4.6676204207562154E-5,0.0018251845703745322,2.1799212615821113E-4,6.389289605850392E-5,2.316846289349602E-4
0.4509023609039221,2.2130918755513976E-7,4.0650409577843447E-4,3.0354906287048314E-4,2.1201642375679009E-4,2.6474773730742133E-6,5.991634025077626E-4,0.001545278618711737,1.6278647535199976E-5,1.5859983463846637E-5,8.733568241331535E-5,2.1878652054058847E-4,7.864242179882667E-5,4.359827801913176E-7,2.2189162515454493E-4,3.728477025808825E-4,5.216623332464948E-5,0.004655869912822948,6.890925445497868E-5,1.1239592797037225E-5,7.905382511177876E-5,2.1331165497753227E-5,2.816294415131964E-4,2.883139224130232E-4,8.909976676757013E-4,1.6677423888786522E-5,2.720926537452054E-4,7.111502087801189E-4,2.5610765827794484E-5,2.8900344133697464E-4
0.7019418604215149,1.0240341256188152E-4,9.426530313481223E-5,3.0418722801954566E-4,1.0977060895764817E-4,1.0106746139428079E-4,5.483404095638697E-4,5.69192696629645E-6,7.399832976538625E-5,1.5859983463846637E-5,8.485762015547646E-5,8.985793902268127E-6,8.422460754922706E-5,1.9010118954235645E-6,3.3584773209431265E-4,3.90581316660199E-4,5.320955686251077E-5,1.6124080400089693E-5,3.3248555436134414E-5,1.924963301433403E-5,7.878780102326346E-5,2.039800013194692E-4,4.127109693891079E-6,3.419317983327998E-4,3.5153866610973894E-6,1.0771966164751633E-4,2.720926537452054E-4,1.632052698729824E-4,2.715658486174971E-5,2.1331013535003964E-4
0.15270356639886806,5.650911942708144E-4,2.5941357487158437E-4,3.9702601054987356E-4,3.128529822645457E-5,7.013092832392536E-5,5.468318670564276E-4,8.96185286077304E-5,1.3539416269169537E-4,9.702909743035288E-6,1.7909801390388167E-5,1.1870952631636532E-5,7.908450044125874E-5,8.048104067830354E-6,3.358820422695117E-4,2.893714914258291E-4,4.42746234650723E-5,3.6800036231782846E-5,2.605319292949386E-5,7.887965334410442E-4,7.680424744609772E-5,1.9584543984044536E-4,6.268362324598142E-6,1.5205574168466053E-4,1.2516756870928694E-4,2.0718282199669916E-5,3.484551910460243E-6,1.9962746641808568E-4,1.0151522600202793E-4,2.7716565527513543E-4
0.599925166285903,9.644129630872583E-6,1.3626012839467873E-4,9.808817530584609E-5,1.3259606907849432E-4,1.304293104419581E-4,3.846551606303119E-4,0.002556811174751112,6.515560533887479E-5,3.621054369327633E-5,2.7010477749001046E-6,1.4512108966005353E-5,1.2798147424749608E-4,1.2569724998652809E-6,1.0538604959451064E-6,2.904907115107025E-4,3.3747323265623203E-4,3.388499363509081E-5,7.395414877918704E-4,2.3285073316529122E-5,2.2143177471518175E-4,2.0847870512053204E-4,9.57603002611239E-6,3.8795072961872944E-4,1.0782262691403117E-4,1.640234247408297E-5,2.594023208824876E-4,5.151239022567797E-4,4.688621490262707E-4,2.44228536897498E-4
0.67381310114852,1.2502480510466854E-4,2.0276002786856975E-4,5.9622071377508185E-5,4.018667854487561E-5,5.802404242895877E-5,3.132861380348664E-4,3.473836159527217E-4,1.3575895914845864E-4,3.2410193594616994E-6,8.299280682883528E-6,3.4857999789365845E-4,6.237459912564834E-6,7.516768227683513E-5,1.2716975707881782E-4,3.95036270894527E-4,1.6008725428763796E-4,5.804261626846303E-5,6.801294188311596E-5,1.9772988819739444E-5,1.210214558494213E-4,1.6928695301496267E-5,1.2813933791321443E-4,0.0012481658276755287,8.064956178058854E-5,1.2256597964339244E-5,9.613824942702125E-6,7.457943112467306E-6,2.7947544315010733E-5,2.769091854179433E-5
0.7982261814799709,6.823121296325247E-5,9.340114618226303E-5,0.0034117197340400164,3.410708374511172E-5,2.1402988563525648E-4,3.873688073387755E-4,1.6316649983810706E-4,1.3548704983458814E-4,2.3734490519047405E-5,9.480295499007835E-5,1.7974463867190545E-4,4.2734212899746716E-6,1.5122254978431444E-6,3.404114052787401E-4,2.920545142554535E-4,1.5938400275235156E-4,8.905838377250883E-7,4.345197211328286E-5,8.073315476857336E-4,7.766466861144879E-5,2.02486463243796E-4,1.0866968769099664E-5,0.0011193644153081298,1.123847643211995E-4,1.6743490662586664E-5,7.854934337337847E-5,1.0201340516254075E-5,1.0285903891611936E-4,1.9852308235905212E-4
0.23968248249349478,0.0010088063372681634,2.9113127276580693E-4,5.659989618953784E-5,3.5269211769210394E-5,7.971713383349032E-5,1.031087647258288E-5,7.744575387377654E-5,2.3622938718103316E-5,1.4493017040567682E-6,8.359615775291546E-5,2.3861828870950826E-5,1.7562237416112914E-4,3.5013293409582517E-6,9.175459429166981E-4,2.9067897869941724E-4,8.871076598557856E-5,6.036537694517137E-5,2.604933992435957E-5,2.9439305273411503E-5,2.185234252762585E-5,6.48421528468797E-5,2.80602423058686E-4,2.9710424128088066E-4,2.7587496923057314E-5,1.4949248596319957E-5,5.099645045425575E-6,5.677508849869458E-4,0.0224544002991984,2.578356586516286E-4
0.6248937417692828,2.075181158987055E-5,2.0173025241848277E-4,4.214215491187912E-5,1.350174442602012E-4,8.14495660727613E-5,5.258793415920364E-4,1.0530840188981514E-4,6.903907445227173E-5,3.883407027696424E-6,7.414502932460691E-5,3.70853689365951E-5,1.2547127882754048E-4,6.311186457809324E-6,6.95335080588887E-5,2.9113023305006754E-4,1.598198082059841E-4,5.5272364703150636E-5,5.731204141368113E-6,1.145121172708779E-4,1.9496872470282928E-5,8.008794676605578E-5,5.49522180838463E-4,3.137717825062481E-4,1.25806533016562E-5,2.3936400495472082E-5,2.6454124161298675E-4,2.3628501538252328E-4,9.032996131121456E-5,2.443684023414968E-4
0.4768382782960005,9.831791056695253E-5,1.367757490966056E-4,2.580476570134948E-5,3.611276414853573E-4,0.0025328058505780264,6.031174867322169E-4,4.4694789573923214E-5,6.515560533887479E-5,2.7508241988872444E-5,2.367262387028563E-6,3.817669087548744E-5,7.851088878040178E-5,7.314389539857607E-5,3.1367495239925327E-4,2.772664394220744E-4,3.312310245915691E-4,5.616907988318963E-5,3.370198410314384E-5,9.574417102946309E-5,6.622723565727949E-5,5.069042655919336E-5,1.2293491907824244E-4,3.4488692822591684E-4,1.1667478207436852E-4,1.6385116407421E-5,2.659261663704765E-4,1.7669404327529705E-4,1.0499121552971049E-4,2.4563224606438214E-5
0.07186791618045585,1.4885605120668682E-5,5.776949316311456E-5,0.0032138562021875195,3.224291755680861E-5,6.013788883331187E-5,0.012462547307787666,8.900103636128631E-5,7.361769931324668E-6,8.77690276294147E-6,8.097956274761967E-5,3.453577479309561E-4,7.924799857249521E-5,1.0790849158943706E-5,1.5742808949133495E-6,2.1636930612327446E-4,3.8649720740828905E-5,8.421250288351678E-4,3.5128767425628843E-6,6.025728568129323E-5,0.020102912551736515,8.7447295217291E-5,9.737232421640262E-6,3.0467100188451236E-4,1.207796998908071E-4,9.015704378582143E-5,5.519441762206582E-5,7.025461481899183E-4,3.304204951708545E-5,2.4417574716927845E-4
0.4437128859072743,5.3503674724237764E-5,2.0400035493437372E-4,3.9077013666845864E-4,3.1314027726868916E-5,8.338000111321386E-5,6.082843182027932E-4,0.0024640708207401382,8.059042794358734E-5,0.011293628257555541,8.908805265315264E-5,3.0394614825092486E-4,1.4209217548702234E-4,8.050719022326956E-6,3.4693499791165475E-4,2.885209258415639E-4,4.711876749011174E-5,1.0020670542674738E-5,4.872989515564085E-5,0.001300614379190033,7.940813854459077E-5,1.9494507551971608E-4,6.261324151470721E-6,3.393330227090695E-4,1.2801004645640913E-4,2.0718949446868694E-5,2.7171410737889803E-4,4.957905824006586E-4,4.7158657821573806E-4,2.7650193611449984E-4
0.8289829511201439,7.973238895056123E-5,7.118845775372633E-4,3.1814293635838546E-4,5.287322827172295E-4,1.7696823494158282E-5,5.67609224818864E-4,8.932017037485613E-5,7.793678842401904E-5,2.68853435052209E-5,3.3997000708749735E-4,2.0578291489314725E-4,1.242417866674731E-4,6.330456609323762E-6,7.935449250826218E-6,2.9317544988075213E-4,3.4465987312652636E-4,4.2899594689678676E-5,5.383093578314953E-5,9.129377166186629E-5,7.617119388301705E-5,9.208836663743636E-5,0.005036722786012215,2.2848684119396336E-4,4.3516920534812046E-4,1.1025613072353673E-6,2.7664940031912996E-4,4.285805805133181E-5,6.379339869962714E-5,2.1322420333519675E-4
0.691223383759044,6.539817779407177E-5,1.6997422283440282E-4,1.8981936120827204E-5,2.126124199060512E-4,1.1871964273747391E-4,5.723405485607829E-4,7.075882513888207E-5,1.322845224086304E-4,2.86879613416137E-6,9.447820300290214E-5,1.3060495296419018E-5,0.007929069633802358,3.23214999835017E-4,3.505044712745226E-4,2.8959070560297356E-4,4.397611397385184E-5,4.555779969838471E-5,3.520066604438749E-5,4.1894346832192864E-6,2.2123859751099772E-4,2.0985665887885687E-4,2.786528363003893E-4,3.389187702572288E-4,0.00102906218718075,1.0751327577391339E-5,2.3540908426590405E-4,4.017491273057374E-4,6.891017576907085E-5,1.8743727811680927E-4
0.04192618015279753,4.8008914216429277E-5,9.65902027481581E-5,2.584831863502665E-5,3.508111504526468E-4,1.2683282545443528E-4,5.777392597398868E-4,2.537050534389356E-5,0.010177354453726565,2.2085749204357993E-5,6.043487965905268E-5,1.8300728248568047E-4,1.4139924282743717E-4,9.294787694833726E-6,2.1461483214885242E-4,2.9129692972786736E-4,0.0010743931218305397,6.0289021536928374E-5,0.008634817166791152,2.1649572799342055E-5,2.217218569830601E-4,0.0018442210871867904,0.023933088434106,3.5242864138695836E-4,2.5792002723171392E-6,1.642047717490211E-5,2.609827438952905E-4,4.646735262990985E-4,6.783028617638023E-5,0.0018240798843598832
0.30840568519481804,1.1862913624444709E-4,1.3944151860883797E-4,4.821178398876641E-4,1.1052864948021597E-4,4.999707149601575E-6,5.483505714034593E-4,8.919908156339941E-5,6.881126165108303E-5,2.136642503543224E-6,8.483069391799374E-5,9.15706080743196E-6,1.4321828643619645E-4,8.254653109693788E-6,3.169533599912636E-4,3.16128799915321E-5,8.655307475017181E-4,8.461071693133544E-4,6.931508174177906E-5,0.0011260038453999779,7.528076431332386E-5,9.149041630741628E-5,5.645607063348218E-4,3.4210734964636207E-4,1.0661146854392237E-4,2.4649751918725604E-5,1.5887231289314732E-5,6.997225262416534E-4,2.723375165753589E-5,1.9081023262449153E-4
0.14684638694182844,6.826811611125388E-5,5.2107658342323E-5,3.1973330942223116E-5,3.128647815565616E-5,7.03865049045909E-5,5.468318670564276E-4,8.97282320455383E-5,1.3539416269169537E-4,9.702678798133682E-6,8.091699305670755E-5,1.1870952631636532E-5,1.4182731257084664E-4,8.048104067830354E-6,3.358820422695117E-4,2.927757249962924E-4,4.407988581479419E-5,2.0045626428643206E-5,2.606027046340164E-5,2.277409683762194E-6,2.2167600097301187E-4,1.966227832758585E-4,6.268362324598142E-6,1.5836244549101967E-4,1.2512839214939375E-4,2.0718282199669916E-5,3.484551910460243E-6,1.9927091053729696E-4,1.0151522600202793E-4,2.7716565527513543E-4
0.7732811482663571,4.240736827365989E-5,6.16667295805849E-5,8.767341062410655E-5,3.6491141470673937E-4,8.363773348372567E-5,3.9314504687568456E-4,8.439343919240151E-5,2.2116935071648295E-5,2.373502517639568E-5,8.5620678086973E-7,1.7945946310260686E-4,7.358534519033384E-5,1.2926330344209477E-6,1.764536510163916E-5,3.914754513370312E-4,6.9244545125917E-5,3.3805822962559494E-5,7.213364208396135E-5,1.8421677785102686E-5,1.6649398804799683E-4,7.668450353831254E-5,1.7391973524894674E-4,3.1119313683105004E-4,9.000214554194839E-5,1.6768259395278758E-5,2.4552354078993376E-4,5.012790661408535E-4,1.0896333316287211E-4,2.7557369439920625E-4
0.48315334192711856,7.716387111415246E-5,4.596097148844877E-5,3.907370874658247E-4,1.3482477052707535E-4,1.1547553113938057E-5,6.047624357261637E-4,1.9932466801031167E-6,8.262611842512105E-5,1.508222199234625E-5,1.6680216717456897E-5,2.1599435143864132E-5,1.9437527934765535E-7,5.087326581435899E-6,3.5774877912261177E-4,3.668760842558556E-4,5.946221301452413E-5,5.3419673452899185E-5,0.002646898013443747,1.9194985216280133E-5,1.1927811684104187E-4,6.530872765020764E-5,6.563066470246365E-6,3.393330227090695E-4,5.306725598228358E-4,3.630881280517371E-5,1.1227333982816205E-5,4.1842917214522226E-5,2.7121184877953024E-5,5.834289729200919E-4
0.10761655183387422,9.765259082219886E-5,9.292530096637224E-5,3.92632905546136E-4,5.31089355245275E-4,1.9455276807952906E-4,2.987517302923434E-5,7.573577186714906E-5,3.1915604958476145E-5,2.213411125333229E-5,9.330603755432672E-4,2.661955710370899E-4,4.807704598665014E-6,1.5366516776444447E-6,3.1551356248162916E-4,3.948665481447509E-4,6.594698798464591E-4,5.8047621835285136E-5,7.213159764127141E-5,8.34416275353832E-4,3.875687818430482E-5,4.999383234225413E-5,0.005021539426685179,0.0012446798107072642,4.372935047460026E-4,3.624162833199507E-5,2.4302712605220455E-4,7.457943112467306E-6,2.710614239655976E-5,2.41317532390508E-4
0.00461550829805768,7.433193494666763E-5,5.046732489028547E-5,1.4349821253890618E-6,5.106992254630721E-4,1.0216227203514823E-5,5.468271218943687E-4,2.996859029590391E-6,8.123092020581018E-5,3.0351690179742826E-6,1.7837995049499854E-5,8.083903029318867E-6,8.527114855495557E-5,7.1809296587177714E-6,3.219247405961357E-4,2.901939864115319E-4,5.6859371862662156E-5,8.370151795569354E-4,5.420791963231201E-5,2.198372992641705E-5,7.522048528724706E-5,6.727122967320778E-5,1.9282938909302922E-5,1.528223450318258E-4,2.5410277100773983E-6,2.471862654002665E-5,2.6599467085576203E-4,7.0058610554352E-4,1.9475041031867952E-5,1.3582643443158296E-4
0.31188536550532897,1.799968590727606E-5,9.787083400071095E-5,3.4697632638512957E-6,5.201066005369381E-4,2.0185064216392704E-4,5.258070555206975E-4,1.6898953749675997E-5,6.517686409181249E-6,3.7435919145735295E-6,3.3503683251499795E-4,2.0457304558513028E-4,5.048977664530953E-6,3.4590483539131674E-6,3.1544306099511114E-4,2.917245947550511E-4,8.543903970636703E-5,9.385391997193702E-5,5.900519038371445E-6,9.129377166186629E-5,6.580976075430537E-5,1.9017513512573891E-4,1.7419067580716846E-4,1.476253372971785E-4,8.449520068616191E-5,1.2425754565385573E-5,2.762368705658974E-4,9.011788075318295E-4,2.7836707676372217E-5,2.128986094360669E-4
0.6499178034644906,9.76367028824206E-6,6.067947280550405E-5,8.459142819879488E-5,0.00806744656727909,8.321695760399794E-5,2.584932304701199E-4,2.537050534389356E-5,1.4253771553038915E-4,2.0360769661715222E-5,8.25662349085913E-5,2.6635162277172965E-4,1.2568409834674604E-4,1.7988642911937695E-5,9.450871011976994E-5,3.93294043697252E-4,0.0010640200974806767,6.0289021536928374E-5,3.380615817460521E-5,9.395250844910657E-6,1.0791033176549237E-4,7.659420018929956E-5,1.6283507045592002E-5,3.041156799556909E-4,8.020505775877791E-6,1.6536293975731896E-5,0.00493382790154084,0.004195125538866006,6.896434673535228E-5,2.3422807441919938E-4
0.4186455947495229,1.6474177791408784E-5,2.0292415582154452E-4,6.817597564637913E-5,5.11122958325927E-4,3.1969697119330406E-6,3.76001586883382E-4,2.672934020653427E-6,5.4942952270470116E-5,2.3617247100456607E-5,8.389386249652946E-5,3.522026072367723E-4,1.2459358816404394E-4,1.9176018528942026E-5,7.543047539483751E-5,3.6529717655851254E-4,3.383957461513126E-4,5.5590355073742E-5,8.84917311262848E-4,1.5815537749966347E-4,7.63698711049375E-5,8.07881438944249E-5,1.857453599537301E-4,3.0493486905002344E-4,5.6578620745124E-4,1.9309315305259962E-4,5.516584959639671E-5,1.1662401785140437E-4,2.340298896307653E-5,2.748896028249735E-4
0.4973932922225637,4.950639512672142E-5,7.707095252688966E-5,8.700218592949927E-5,3.319788741667068E-4,2.0312916193196943E-4,6.035945423610035E-4,2.854021061919466E-5,6.184373400211989E-6,2.029419844805867E-5,9.526517302645565E-5,2.666309985484483E-4,4.882384055159526E-6,3.2183170497078196E-4,3.16225742547311E-4,3.259353346889319E-5,3.346548780435619E-4,4.609265826042985E-5,2.5375622624778663E-5,8.147794653408931E-4,6.607832164716695E-5,0.005229403504008322,0.015884016828352023,0.0014364169050614874,5.55395233157209E-4,3.462378713417126E-5,8.713093986060746E-5,1.4133312561336758E-4,1.0182816469908888E-4,1.3564844145192996E-4
0.8080056756056749,7.718417940722566E-5,7.204834053819645E-4,3.218067871935327E-4,3.7113496292741775E-5,1.1607103531430214E-5,6.09505338675882E-4,5.673902308083958E-5,8.153698297840824E-5,2.872120692347293E-6,9.3254879986946E-4,1.9434290460303257E-5,1.8849193473216013E-4,5.630982653960764E-6,4.291966923184652E-5,3.177515557005407E-5,2.534628754077286E-5,6.103839280883171E-5,3.5023159545871706E-5,2.425614784450656E-5,7.496473032150009E-5,6.775800499081986E-5,2.795938894821154E-4,3.3874346775541683E-4,1.1330145613304708E-4,1.642874057910092E-5,8.927281062941648E-6,4.184184942351233E-5,5.496871626732349E-4,2.5870269164781793E-4
0.030593563405032442,2.5558148882521507E-5,5.8471364487246086E-5,1.8013215113668577E-4,1.3035845321679074E-4,6.158185313900504E-6,3.839925292402803E-4,3.5459069293612775E-4,1.3614491518502985E-4,2.769749297900775E-5,9.418354739862253E-5,3.702991372417449E-5,2.2410269441407978E-5,8.65750342985959E-7,8.767268813748258E-6,1.4377698315000374E-4,7.281197664246943E-5,5.580735783267856E-5,1.0560019257944669E-5,1.5926862017595884E-5,1.645664090052984E-4,5.3500331421970325E-5,9.489122248342166E-6,3.8810538710524556E-4,1.0662571703529602E-4,3.5711418707809646E-5,4.204436323275879E-6,9.016740606141154E-4,2.818857890144252E-5,2.4385342209455076E-4
0.5458462282375287,0.0010642332214958873,1.3238559834891675E-4,1.8050597348975844E-4,2.711477459478235E-5,6.35283449503004E-6,3.839925292402803E-4,3.5371529562441275E-4,1.1087485337610108E-4,2.769749297900775E-5,9.441851595501468E-5,1.6717694367466783E-5,2.2410269441407978E-5,1.686302032275127E-4,1.1533650474325648E-4,1.3921493321202084E-4,7.280615109739216E-5,5.580735783267856E-5,1.0560019257944669E-5,2.0315319581246474E-5,2.2418998441036024E-4,5.3500331421970325E-5,1.0211222195801381E-5,3.882965896734715E-4,1.0662571703529602E-4,3.5756166005478055E-5,6.783439036969785E-6,8.999258122659303E-4,2.818857890144252E-5,2.4385342209455076E-4
0.16267734890949043,1.669193017369994E-5,1.9853172273042824E-4,6.902796884823356E-5,2.6518494408757945E-5,8.757482015178596E-7,5.282105290200125E-4,1.0574413735944712E-4,6.91714449304292E-5,9.460084485630678E-5,7.98940563796705E-5,3.153341642325754E-5,1.417119416646599E-4,6.3149106965345635E-6,9.020113472789861E-5,3.653656208986056E-4,1.598198082059841E-4,7.511625612851344E-5,2.7831209350893797E-5,2.1266885599869494E-4,1.5975885721744584E-4,7.554647397812222E-5,8.68970568566184E-5,3.879672442110989E-4,2.0313818605419885E-4,2.3935929067230857E-5,4.9307544802079935E-5,1.3739246270180028E-5,4.666397286077862E-4,4.024995389849982E-4
0.05405055562198356,0.0010541406318136637,0.003250144850020718,3.2134863802425544E-4,1.7864685187164274E-5,7.784758662080097E-5,1.341363237052083E-4,9.587011116458992E-5,1.3326512879864458E-4,3.883054769227102E-6,6.263141987555916E-5,1.811117512970213E-4,1.572602738055493E-4,8.779939510380566E-4,3.344622650628059E-4,4.171666794790314E-5,4.604669489039787E-5,1.6223288354899522E-5,2.983977358538041E-5,2.88381005094804E-5,1.8749336995476622E-5,2.0407901202390089E-4,3.222037809504636E-6,8.866383949518413E-4,2.1479188432142206E-6,3.450846995330841E-5,9.734647619868604E-6,7.476610587331038E-4,1.5005931667866866E-4,5.934441458988577E-4
0.16556971640859014,0.0010642875939326064,1.9930789344831237E-4,6.872919047765254E-5,1.2062420553772156E-4,5.933691477311163E-6,3.8176654375569956E-4,2.1359481876100786E-6,1.0831359921635612E-6,2.3518616356205353E-5,1.6542299096453962E-5,4.6943514902186243E-4,1.417794621548906E-4,9.855169687129628E-5,3.385571544911333E-4,0.0013058692726468902,1.6161895641545257E-4,1.4452695384283264E-5,7.520338638569974E-5,2.0315319581246474E-5,1.6010378405271656E-4,1.2837176958224058E-4,2.7466241864399367E-4,0.0014388930837735503,1.0835729731691881E-4,3.6253786371418205E-5,4.941141970333424E-5,3.22329774474976E-6,2.0921027458159307E-5,2.5081071622836114E-4
0.055799811626149054,0.0010642875939326064,4.015242411713107E-5,8.735260087831213E-4,1.1837763873688993E-4,5.955190103646922E-6,3.7540742095452066E-4,8.981666856036107E-5,1.0831359921635612E-6,2.3518616356205353E-5,1.529016196830148E-5,4.6943514902186243E-4,7.888049026362712E-5,9.843945291743622E-5,3.385571544911333E-4,0.0013047121695893597,3.316261343531517E-4,1.4570987750410047E-5,7.520338638569974E-5,2.3105262455588753E-6,3.7347228485360535E-5,1.2869000751146111E-4,2.7502964611657033E-4,0.0014487737752095495,1.0835729731691881E-4,3.6241006094313084E-5,9.718349219396579E-6,3.22329774474976E-6,2.711317503915314E-5,2.504222832496553E-4
0.2217857584213525,4.062615576983105E-5,4.8762037644343716E-5,8.110785889861724E-5,2.2158115121867944E-5,2.6937695306999615E-6,3.166160890963483E-4,7.190275575183084E-5,5.037945903585943E-6,3.39113261008201E-5,3.3721284990804285E-4,3.683872118541028E-5,7.860855667991893E-5,3.745960970428558E-4,7.210888999177832E-4,2.757762434476558E-4,3.289068921598247E-4,3.6241330127826843E-5,4.896258751348621E-5,7.921935771146498E-4,1.0556192623052029E-4,5.340420873528132E-5,7.423838971483865E-6,0.001236845700222729,1.2067682914695477E-4,1.0368087401717231E-5,2.6791192354643515E-4,2.1719622545629132E-4,8.30908553281971E-5,5.280006342373921E-5
0.5314620085981833,6.952053984902238E-5,2.585290211272602E-4,7.515665984278016E-5,2.710036829026622E-5,8.567321931566757E-5,7.620288351779895E-5,3.2439620051701124E-5,7.07169371731481E-5,2.6949049063563913E-5,8.02574350621782E-5,3.859853341732436E-5,1.4102556773224506E-4,2.282838862434312E-6,9.15968614322787E-5,2.912636189607782E-4,4.384351988444064E-5,5.7661468152451364E-5,5.39751341747345E-5,9.598844832985347E-6,1.6089218714430013E-4,1.907215570339044E-4,5.517262285259837E-4,8.959177509578022E-4,1.2386215678533442E-4,1.7202657730223698E-5,2.625765428005616E-4,1.8269723403787784E-5,5.522941673933373E-4,2.6091363109745336E-4
0.4999512138773887,0.0010642332214958873,1.7015263908446468E-4,1.8013215113668577E-4,3.32104262340575E-4,5.955190103646922E-6,3.839925292402803E-4,2.9777421332286073E-5,5.802276789918401E-6,2.0384582990228297E-5,9.419307239825342E-5,3.805917944486161E-5,2.2410269441407978E-5,3.217906782830884E-4,8.760144709928533E-6,3.280892913965096E-5,3.335868777524394E-4,5.580735783267856E-5,1.863745455430044E-5,2.0315319581246474E-5,1.6456297893084168E-4,4.901321258032071E-5,2.7663571901963827E-4,0.0014368160226720145,1.0849569051755544E-4,3.461112688985061E-5,4.204436323275879E-6,9.016740606141154E-4,2.818857890144252E-5,1.355818892023908E-4
0.17690392223341744,9.892393861402927E-5,2.044575361204369E-4,8.097631797404268E-5,1.35618932626098E-4,3.423661346009592E-6,4.632802318778635E-5,1.0102950491726109E-4,4.0944138263872526E-6,1.5104203875847157E-7,2.595044982634407E-5,2.0510511935732973E-4,1.9066003308066678E-4,1.639806525548172E-6,7.252523759087737E-5,2.7921135438586036E-4,8.562267259539044E-5,5.5326506767407326E-5,9.268279400022914E-6,1.8415184797665972E-5,7.79064060002526E-5,0.004392467495681349,1.3507153277414637E-5,0.001119443740871101,1.1295965181740901E-4,0.009294160951258042,2.69341657570068E-4,2.1410792167117978E-4,2.7747339717032158E-5,2.6737155737929644E-4
0.5753725829865268,1.669193017369994E-5,5.1749462919087254E-5,1.5499174727922715E-4,2.6518494408757945E-5,8.972468278542067E-7,5.282105290200125E-4,1.0574413735944712E-4,6.91714449304292E-5,9.460084485630678E-5,7.921561299469501E-5,3.153341642325754E-5,7.881296977339641E-5,6.3149106965345635E-6,9.020113472789861E-5,3.653656208986056E-4,3.3145579420072453E-4,7.523454849464023E-5,2.7831209350893797E-5,2.1266885599869494E-4,3.700230165008983E-5,7.586471190734275E-5,8.726428432919505E-5,3.879672442110989E-4,2.0313818605419885E-4,2.3923148790125736E-5,8.17677347769624E-6,1.3739246270180028E-5,4.728339048614624E-4,4.020970488070027E-4
0.562817676236986,8.9106301435561E-5,0.0015977377998216166,0.0037346564315700183,0.0025106617468699825,3.1863262421941073E-6,1.0686093348634765E-4,1.0503201234600981E-4,6.921034003987683E-5,2.3133847597147095E-5,8.738128367496872E-5,3.4329730945878385E-5,1.7357762408122594E-4,6.332598276133006E-6,9.020113472789861E-5,3.9408302569092735E-4,1.5869981753882306E-4,2.1207368176582418E-5,3.3319592405030654E-5,0.0015572840094686504,1.5975885721744584E-4,6.705965572618351E-5,9.889478476492542E-6,3.879672442110989E-4,1.2418770781539467E-4,2.3935929067230857E-5,4.9307544802079935E-5,1.3739246270180028E-5,4.666397286077862E-4,4.020516660535443E-4
0.5898724538860156,1.5527690186760834E-5,2.1074361045374593E-4,8.981000962217579E-5,2.7605096854613296E-5,3.3965055771143865E-6,1.3890989410489052E-4,8.487705189100311E-5,1.3300754486125728E-4,3.467527754622587E-6,3.251425119269526E-4,1.8868196089436785E-5,1.4082333294682873E-4,8.033048560514712E-6,9.032656856837771E-5,3.9447359099141596E-4,7.654739360150555E-5,1.7151103278463858E-5,5.66360044320836E-5,0.001302845754015579,1.1525846106169933E-4,6.973954770851659E-5,4.7568758760346467E-5,3.114784263942202E-4,5.538102705792119E-4,1.7300345076156428E-5,4.684335553148053E-5,2.2203362533077892E-4,8.294474196197199E-5,2.1579390055391826E-4
0.2950901122144728,5.634483819804906E-4,2.545427209259849E-4,5.537939706659656E-5,3.100212683471349E-5,0.001222892840079092,3.185589852219477E-4,3.5320112048149466E-4,7.773478109951059E-5,2.8683080602074834E-6,3.3732563024949357E-4,1.7880104965035177E-5,1.6062217885113239E-4,8.06007546905206E-6,8.674782324634597E-6,2.9186184918292193E-4,8.665150878410963E-5,5.57911868115305E-5,4.570638617308032E-5,9.099430526415596E-5,7.655441742355456E-5,6.944110062386302E-5,9.49033515492974E-6,3.880625359977458E-4,1.0642270050210042E-4,1.5086798297016223E-5,2.760846801904181E-4,4.226405809421659E-5,2.8112215468644108E-5,2.128986094360669E-4
0.4636476958672444,7.170206083813894E-5,4.478246409649279E-4,7.082514694469913E-4,1.325902978503342E-4,2.0314862077404954E-4,6.077740671992991E-4,1.1043858816364629E-4,5.563822509396277E-5,2.717268956583163E-5,8.101417918476157E-5,1.6422368794874972E-5,5.051757665667473E-6,7.701228839973099E-5,7.073703370553009E-6,3.6306436099678923E-4,7.21254987784379E-5,1.0073422531100979E-5,7.582830208566957E-5,8.133868851834017E-4,2.2439128084387664E-4,2.3385528681028975E-5,9.139999111866938E-6,3.4158353634930943E-4,9.20206368382877E-6,8.784800509523712E-7,8.544504738244456E-5,1.2869696168249273E-4,1.0261835426635159E-4,2.4343584884066637E-4
0.5306749707226472,0.0010642875939326064,1.7240529379860246E-4,1.5480890067055242E-4,2.7112736922683622E-5,5.955190103646922E-6,3.8176654375569956E-4,0.007882013036115722,1.4140599609567086E-6,2.353467452330597E-5,9.312265927630728E-4,3.683861732045527E-5,2.147786552163098E-5,3.217906782830884E-4,8.760144709928533E-6,2.9942345417435204E-4,3.335868777524394E-4,8.577061352468873E-4,1.8636036353184388E-5,2.0315319581246474E-5,1.645975424316127E-4,2.027311884308287E-4,2.737942129452008E-4,8.94585356552214E-4,1.0835729731691881E-4,1.7148450762016745E-5,2.647760513959035E-4,1.9390517448694396E-5,2.818857890144252E-5,1.355818892023908E-4
5.069116581026857E-12,1.225706253840074E-4,0.0016159736121748483,8.752367854632573E-5,1.3319105042759285E-4,3.5551859627091283E-6,3.8547591207827E-4,2.522660708434712E-5,6.750299284685059E-6,2.0202771381302347E-4,2.0693701722543737E-5,4.070410539315027E-5,4.6131172288215184E-5,3.6859045482915976E-6,9.022812839323196E-5,3.6473865295557793E-4,1.588719385012713E-4,5.437332106458747E-5,2.954633299386238E-5,2.5843889161390786E-5,2.2503591475709478E-4,1.9477645517976502E-4,1.1093343684658634E-5,4.399130296240216E-5,5.625324425805332E-5,3.4497690710753904E-5,8.445802115475597E-6,1.4566577309333326E-4,5.6887098655504006E-5,2.1516817933621324E-4
0.08280106318172317,9.663180815271425E-6,6.046117693279998E-5,8.767341062410655E-5,2.720445669029433E-4,3.4549739081856897E-6,3.8964129240589814E-4,8.439343919240151E-5,6.687337777796312E-6,1.913852231501015E-5,8.097996060585995E-5,3.707645550957658E-5,7.228518414255478E-5,1.2926330344209477E-6,1.0499798380515869E-5,3.905425525868747E-4,6.9244545125917E-5,3.380018384219844E-5,0.0011844402175846661,2.2083885006478365E-5,1.1867905640069877E-4,7.668450353831254E-5,9.572015562215913E-6,3.370728617698614E-4,1.0623649601402437E-4,3.4631350727066585E-5,4.684104489844173E-5,1.1313989395298263E-4,4.7244603079989053E-4,2.4349120615746586E-4
0.17988349805613812,4.709258105205596E-5,2.0455051343332747E-4,3.0418722801954566E-4,2.6033504255379022E-5,0.006365802829525992,4.8417017342536553E-5,5.3333624313817724E-5,4.951821548766031E-5,9.735129243840088E-6,8.228132113992041E-5,2.1772470960555572E-4,8.334409969860647E-5,1.9010118954235645E-6,3.468931172382312E-4,4.195968904541535E-4,7.121290812724493E-6,8.143019577044067E-6,3.541054605059839E-5,0.0010151283791778366,7.878780102326346E-5,1.7440655119433494E-4,2.816294415131964E-4,9.357088159113176E-4,3.456771661758569E-6,1.6671893948751975E-5,2.720926537452054E-4,1.5919254081435446E-4,6.799825400435675E-5,2.1358146351400782E-4
0.9135784569571042,9.766757987821864E-5,5.340555967970149E-5,3.9264936940345424E-4,1.641685953224124E-5,1.940682846549117E-4,5.468329757081297E-4,3.188622743899522E-6,8.098658359383064E-5,2.6996152253501023E-5,1.8990462207958437E-5,7.691370966155002E-6,4.990038205462277E-5,3.835124694150973E-6,3.155920393087883E-4,2.927576181727755E-4,6.551725735864194E-4,1.9987856682515542E-5,1.1141477309342326E-6,2.1984053487026343E-5,7.689468033831876E-5,4.999895254983261E-5,1.7247560830304902E-4,1.5205574168466053E-4,5.302737180138609E-4,3.617163614332385E-5,3.1144613986731493E-6,6.809695672840713E-6,1.0061279923850641E-4,2.779124548636699E-4
0.8812085286801947,4.8008914216429277E-5,1.3857660793621302E-4,2.584831863502665E-5,3.46289065248846E-4,1.2683282545443528E-4,5.738897128981602E-4,2.537050534389356E-5,0.007404997706940234,9.686124355784798E-6,6.043487965905268E-5,2.1790681220901217E-4,1.4139924282743717E-4,9.253850422924409E-6,3.4607809064116606E-4,2.9129692972786736E-4,1.4613534090216732E-5,6.0332273681016385E-5,0.008634817166791152,2.1649572799342055E-5,2.217218569830601E-4,1.6506952687848008E-4,0.023933088434106,9.391279923716387E-4,3.4627335934774035E-6,1.6421639303352262E-5,2.720952705141869E-4,1.5901423709167858E-4,6.750515042161417E-5,2.158307363204975E-4
0.46243098809744404,6.820736270474483E-5,4.478246409649279E-4,7.07929265534836E-4,1.325902978503342E-4,2.0314862077404954E-4,3.8696283691380174E-4,1.1023827207842829E-4,5.563822509396277E-5,2.373273726415877E-5,8.087744937502086E-5,1.6422368794874972E-5,5.051757665667473E-6,1.9827796236868253E-6,7.073703370553009E-6,2.9174406347286767E-4,7.21254987784379E-5,1.0073422531100979E-5,4.427463408566729E-5,8.133975699104457E-4,2.2499815546474662E-4,2.3693281169850767E-5,9.139999111866938E-6,3.4113769947155873E-4,9.20206368382877E-6,8.784800509523712E-7,7.85613601781381E-5,1.2869696168249273E-4,1.0261827042930978E-4,2.4343584884066637E-4
0.6518649290791028,8.801077946873838E-5,2.09271453372653E-4,2.705361025567412E-5,6.807441266132308E-5,3.9019217515453525E-6,1.4178861320032394E-4,3.523691705629113E-4,0.010255242491849434,2.760219177114967E-5,6.043487965905268E-5,2.6664240493914904E-4,1.2542735853275912E-4,1.6139721241268663E-5,2.1694371456976999E-4,2.9172543630580323E-4,0.0010748805763484718,6.0289021536928374E-5,4.009074396583446E-5,2.400986141651461E-5,2.411398185173312E-4,2.2917166037118072E-4,3.757923217744946E-6,3.056020247226788E-4,1.1566331154361248E-4,2.0743672061351294E-5,4.7461665734330026E-6,1.185941122126821E-4,2.732128947550441E-5,0.0018089756381392706
0.6642171300668055,7.433193494666763E-5,2.0111557956596336E-4,1.4349821253890618E-6,5.1097180220797E-4,3.580038534083638E-6,3.869679837840799E-4,2.507681688486549E-5,8.12087475405522E-5,3.0351690179742826E-6,1.7837995049499854E-5,5.933805518516702E-6,4.561232430232613E-5,4.713326390089455E-6,3.2289038184688126E-4,2.901939864115319E-4,5.673083567152387E-5,1.0976193978044005E-4,3.627683674520524E-5,2.198372992641705E-5,1.6133762075499293E-4,6.727122967320778E-5,5.447545896339002E-4,1.528223450318258E-4,7.956226303482372E-6,2.4694109782463947E-5,4.661976754331705E-6,6.996184918197842E-4,5.7106908428404364E-5,2.595402594810273E-4
0.5485163895958218,6.952053984902238E-5,2.585290211272602E-4,7.515665984278016E-5,2.710036829026622E-5,8.536211219735838E-5,7.620288351779895E-5,3.315628053719915E-5,7.07169371731481E-5,2.6949049063563913E-5,8.02574350621782E-5,1.6642662138842055E-5,1.425928323708262E-4,7.061572193171064E-4,8.977637800815286E-5,2.912636189607782E-4,4.384351988444064E-5,5.75419919534869E-5,5.39751341747345E-5,9.598844832985347E-6,2.2391134149339815E-4,1.907215570339044E-4,1.0196494308897385E-5,3.4113769947155873E-4,1.2386215678533442E-4,9.536542006822831E-7,2.625522675552001E-4,7.320393681190843E-4,5.522941673933373E-4,2.583310637768672E-4
0.030387999612816824,2.5558148882521507E-5,5.8471364487246086E-5,1.8013215113668577E-4,1.3070408553290057E-4,3.2639754318553905E-6,3.839925292402803E-4,5.818399215497754E-5,1.3618554328323333E-4,2.769749297900775E-5,9.418354739862253E-5,3.696982513866219E-5,2.116177146271814E-5,8.65750342985959E-7,4.323946130023853E-5,1.436625423982996E-4,7.281197664246943E-5,3.7553836597069314E-5,1.0538156640125817E-5,1.6226328415306306E-5,1.645664090052984E-4,5.3500331421970325E-5,8.349790451725771E-6,3.573263133373965E-4,8.575662803817502E-5,3.5711418707809646E-5,4.204436323275879E-6,9.016740606141154E-4,8.627776398293647E-5,2.4385342209455076E-4
0.4215288193272164,1.669193017369994E-5,1.9853172273042824E-4,0.0037346564315700183,0.0025106617468699825,3.1863262421941073E-6,3.7415937182329E-4,1.0502925951388055E-4,6.915973359000136E-5,2.3618116108107344E-5,8.738128367496872E-5,3.4329730945878385E-5,1.251658096713588E-4,6.332598276133006E-6,9.020113472789861E-5,3.6521608927334286E-4,1.5973819778373439E-4,2.1207368176582418E-5,3.3319592405030654E-5,2.1107786071355403E-4,1.5975885721744584E-4,8.062068639569955E-5,9.889478476492542E-6,3.879672442110989E-4,5.638178395955353E-4,2.3935929067230857E-5,4.9307544802079935E-5,1.3739246270180028E-5,4.666397286077862E-4,4.024995389849982E-4
0.5599344516592925,8.888854905326982E-5,0.001602130232905309,6.817597564637913E-5,5.11122958325927E-4,3.1969697119330406E-6,1.087031485464397E-4,2.67052180396214E-6,5.499355872034556E-5,2.3132978589496357E-5,8.389386249652946E-5,3.522026072367723E-4,1.7300540257391108E-4,1.9176018528942026E-5,7.543047539483751E-5,3.9416411297609697E-4,3.3735736590640136E-4,8.509522313024927E-4,8.84917311262848E-4,0.0015043615256712679,7.63698711049375E-5,6.722711322490886E-5,1.857453599537301E-4,3.0493486905002344E-4,1.2615607567109926E-4,1.9309315305259962E-4,5.516584959639671E-5,1.1662401785140437E-4,2.340298896307653E-5,2.744417298935196E-4
0.24764675280152876,1.4875237357184779E-5,2.0173025241848277E-4,4.214215491187912E-5,1.3444897125954386E-4,5.9173473315724326E-5,5.256867929780756E-4,8.890089232553174E-5,6.98851627189594E-5,3.61707503442148E-6,8.102750728485073E-5,3.70853689365951E-5,1.2547127882754048E-4,6.311186457809324E-6,6.938423900300798E-5,3.553838944486177E-5,1.598198082059841E-4,5.5272364703150636E-5,3.338091307588943E-5,4.880737854418014E-6,1.9496872470282928E-5,1.027681046311892E-5,5.47461592309672E-4,3.1365250363423375E-4,5.638178395955353E-4,2.1265537753722757E-5,2.6454124161298675E-4,2.3628501538252328E-4,9.025916024443558E-5,2.4417579147390157E-4
0.23190914994531575,7.718417940722566E-5,7.249848397598178E-4,3.234944092066718E-4,3.7113496292741775E-5,7.885259929240839E-5,6.104058762788425E-4,5.673902308083958E-5,2.3869467437284617E-5,2.872120692347293E-6,9.324018536534234E-4,1.9434290460303257E-5,1.8837405671041514E-4,5.6294718521479E-6,4.3304277805989344E-5,3.177515557005407E-5,2.5364458889066025E-5,6.103839280883171E-5,3.5023159545871706E-5,2.425614784450656E-5,7.496473032150009E-5,6.773158579680629E-5,2.7958454621253027E-4,3.3874346775541683E-4,1.1330145613304708E-4,1.6435451285124725E-5,8.89709229418734E-6,4.184184942351233E-5,0.02227982785046969,2.5783398465874897E-4
0.5170470572460114,1.225389539928997E-4,5.085877832129452E-5,8.263577996092146E-5,2.1187772953988468E-4,1.023599838068884E-5,5.453454892589844E-4,2.9434274219316243E-6,6.503856022672681E-6,2.0363369620348234E-4,8.467850565971965E-5,2.6577362580994636E-4,8.487527307151915E-5,3.217906782830884E-4,2.1663030223745082E-4,3.8670258488179246E-4,1.5976787466055197E-4,9.448851774762503E-5,5.397464965453819E-5,1.0403415016821852E-4,7.425094713716316E-5,8.00376634621987E-5,2.768923249316154E-4,4.4001591032109106E-5,5.512711312283665E-5,3.4612694652018314E-5,9.034711902477417E-6,9.190405987631504E-4,1.728328770102791E-5,2.0920465716930161E-4
0.8564462080590655,1.5527690186760834E-5,2.1035135299075507E-4,8.057674158303197E-5,2.7605096854613296E-5,0.0029129211007366297,5.470853378734411E-4,3.745370128836282E-4,4.924782154424299E-6,3.467527754622587E-6,3.2277632178547727E-4,1.8868196089436785E-5,1.4082333294682873E-4,1.0019588913032327E-5,9.032656856837771E-5,3.9447359099141596E-4,7.6545846032255E-5,1.7219355422886993E-5,7.289104850687581E-5,0.001302845754015579,1.1526980518347665E-4,6.973954770851659E-5,4.7568758760346467E-5,3.114784263942202E-4,5.538102705792119E-4,4.880220369082866E-6,4.684335553148053E-5,2.2201017581284903E-4,8.31066116223479E-5,2.3212898540014753E-4
0.9435670632721417,1.6552533323375954E-5,0.0022046238908302435,2.992594229862539E-4,5.120517370432663E-4,6.990317241414844E-5,5.998320807023713E-4,2.557908787892287E-6,1.6860184613465456E-5,8.360108657829616E-6,8.353219523244311E-5,2.1878652054058847E-4,8.364001239878033E-5,1.8782662060271664E-5,3.579540288238713E-4,1.8656254121451643E-5,3.368229268551113E-4,0.004672617445146909,6.894946038545516E-5,3.0715582725573346E-4,1.839613113973036E-5,1.7513910749850456E-4,2.816294415131964E-4,8.841706795298128E-4,5.616089552732621E-4,1.6677423888786522E-5,2.7047116344803385E-4,1.147446985817053E-4,2.4307672335203536E-5,1.720767248337566E-4
0.2468261206456246,2.2230244322358852E-5,1.9087671873227225E-4,3.070374330649663E-4,1.3538467130639424E-4,6.192032902927189E-5,0.0021440474225001742,2.300151509976813E-5,7.070739558048189E-5,3.60275455962156E-6,2.9034989205870237E-4,3.5216498529000244E-4,1.9041260670610397E-4,3.975236830698148E-6,1.249839057768144E-4,3.9791890484222175E-4,3.368177074836779E-5,8.575367117488518E-4,0.0011421080588720385,2.8270327882152363E-6,1.048139054605584E-4,1.0424099591125135E-5,5.474192364589457E-4,3.220837025421418E-4,1.226253674606659E-4,1.6591251311808407E-5,5.336218195975677E-5,6.984367615462552E-4,6.856854954333271E-5,2.4417881453509156E-4
0.8202223075048208,0.0010088063372681634,2.8662983838795373E-4,5.491227417639985E-5,3.5269211769210394E-5,1.2471638072522E-5,9.591345397958048E-6,7.744575387377654E-5,8.129045425922694E-5,1.4493017040567682E-6,8.374310521157632E-5,2.3861828870950826E-5,0.017689620056409568,3.5028401427711162E-6,9.171627069550531E-4,0.014602229693898934,8.86925946372854E-5,6.036537694517137E-5,2.604933992435957E-5,0.003288835613233206,2.185234252762585E-5,6.486857204089327E-5,2.8061176632827113E-4,2.9710424128088066E-4,2.7587496923057314E-5,1.4942537890296149E-5,5.129833814179883E-6,5.677508849869458E-4,7.255254859131425E-4,2.587043656406976E-4
