7.095750522031173E-8,3.9416326710739263E-4,2.0049095778465638E-4,2.0741302943993313E-5,4.005768378712026E-4,7.902649835088232E-4,1.8921581179995314E-4,8.808937019955025E-4,1.7557911044572703E-4,4.8864434307848716E-5,5.0830401811719015E-5,2.811976538634924E-4,2.513500336576058E-4,6.125523918098226E-4,1.4643632557661613E-4,3.2484449591156173E-4,2.1456592896514212E-4,2.623417228661875E-4,1.9001187834494758E-4,9.35841312965384E-5,1.0951299144187771E-4,4.95286735994871E-4,4.6795007852215223E-4,5.442865913784986E-4,3.7453432332712336E-4,0.035529134483,2.163452129193607E-4,1.3118751928454112E-4,9.86725736220843E-5,2.627984541675671E-4
0.8515133368618748,4.846439976005947E-4,6.385193262236765E-4,1.225162962842613E-4,2.5680682179044547E-5,7.562217110988639E-4,1.4918352613821746E-4,4.671995592640937E-5,3.034359715064157E-4,7.632766874415917E-5,6.562981774922437E-5,5.902805354602176E-4,1.6840084893795642E-4,5.673673966622426E-4,4.242641478653003E-4,1.3938629670417005E-4,2.3276352640956002E-4,4.232487368343743E-4,6.647591568115751E-4,1.2288631255776927E-4,3.727084361813215E-5,3.199476963526018E-4,2.920784434827548E-4,3.543320109237077E-4,7.180059814353194E-4,7.851059412377298E-5,3.5245367930265115E-4,1.6208611963753413E-4,7.364571781389332E-5,4.245059250764266E-4
0.4534789442663272,4.745956548668188E-4,3.616149383557159E-4,1.1593020917134025E-4,4.581745085886616E-5,2.662312171356814E-4,1.0212094675784254E-4,4.9812516136121205E-5,2.9615996348884323E-4,2.7582906412527096E-4,1.5802861864970107E-5,7.409659591826514E-4,2.071021016308718E-4,2.207493349038022E-4,2.5874165149470616E-4,1.7682255266306932E-4,2.513266979098435E-4,5.022089206692206E-4,6.556730409933462E-4,1.0830488754833202E-5,5.433118104975409E-5,2.8809778889353043E-4,2.2971645682510336E-4,3.8397363653374706E-4,6.455486720997204E-4,2.577393995226858E-4,4.3705927449360987E-4,4.819367178296512E-6,9.841557956231357E-5,4.0837009961260383E-4
0.6521061398643163,6.461813000599734E-4,2.2944639651870417E-4,3.002589040597507E-4,5.811161863427297E-4,7.509533659536662E-4,2.9671075684841065E-5,5.352327030840224E-4,3.14013790889458E-4,1.4160713015766947E-4,4.7252665892803835E-4,1.3566176383181697E-4,2.078118817159512E-4,2.9650533656008706E-4,3.9561283852031096E-5,1.1092952491454515E-4,1.5799973256465827E-4,5.374732981825367E-4,7.527770446517584E-4,4.6947831949024465E-5,5.869689760944688E-4,1.8477539445099967E-4,2.5181293923727185E-4,2.564348615628847E-4,1.4748349995264651E-6,1.533343066130261E-4,8.158176866415392E-5,1.8562794030982838E-4,7.643905019295925E-5,2.0704446480531737E-4
0.8234103786265209,7.488951524170994E-4,3.8522913976728326E-4,1.5829109543266212E-4,2.716891424049879E-4,7.975442827762802E-4,7.981855082550286E-5,1.9539574322953036E-5,2.409409088909442E-4,1.7270166299371276E-5,2.0481195582832648E-4,6.0817521479597755E-5,1.9242331953505054E-4,7.221746365015867E-4,8.17081209997483E-6,2.3416738943327179E-4,4.392657225120759E-4,0.001597667020839208,5.248804030143874E-4,7.296008031953652E-5,1.5250902442511156E-4,0.0012478700609860611,5.211664049888249E-4,2.3206856242422388E-4,1.1430969376048563E-4,4.3297432811162704E-4,3.76677290753013E-4,5.546839597740167E-5,1.2257801897470062E-5,2.194383725680222E-4
0.6186695544096178,6.590025752939161E-4,2.136413181563437E-4,3.002589040597507E-4,5.811161863427297E-4,7.509533659536662E-4,1.6487751514536608E-4,5.347455104134943E-4,3.098691376467103E-4,1.4160713015766947E-4,4.7184645751040884E-4,2.5955830821557213E-5,2.078118817159512E-4,3.214366238274127E-4,3.9561283852031096E-5,1.1092952491454515E-4,1.5799973256465827E-4,5.374732981825367E-4,7.527770446517584E-4,4.6947831949024465E-5,3.6359371723739453E-4,1.8477539445099967E-4,4.5492457079459523E-4,2.564348615628847E-4,1.788589279506768E-4,1.5351533735504444E-4,8.158176866415392E-5,2.745173804556423E-4,7.643905019295925E-5,3.219415061553911E-5
0.25782469759568594,2.3254328665540765E-4,2.713767457367224E-4,3.731101562432208E-4,3.979697681402483E-4,8.154267959144615E-5,2.551517053928139E-5,1.9179257152988913E-4,1.7780561627842002E-4,2.6133404342615747E-5,1.7408517826112E-4,2.459244164307599E-4,2.143462227401996E-4,4.6343983184048734E-4,3.748927121572743E-4,1.6895970979438645E-4,2.819888090534141E-4,4.8161084550780693E-4,5.726413213291575E-4,1.5790114563818164E-4,1.2479558553830686E-4,5.056140353032044E-4,4.910279912974981E-4,2.823577876226226E-4,3.563762483245448E-4,2.9317352678589017E-4,5.142031630879755E-4,3.921128469112861E-4,6.044975778265972E-5,4.2464612180993295E-5
0.40939549728432634,6.983817854769699E-5,2.3632723182467208E-4,1.788313279121967E-4,4.778813327598557E-4,5.720956907179979E-4,2.702539034890502E-5,7.378742405650255E-5,6.662515264416053E-4,2.804942187364516E-4,4.45392896336892E-5,2.8625807376000262E-5,2.2274713174553904E-4,0.0018558493914082718,2.9859268387502527E-4,3.4221542978503296E-4,7.482598549283697E-5,6.460219859776333E-5,2.1909542897202673E-4,6.20135855979161E-5,3.7463484676568897E-4,9.938316636543458E-4,2.0591221086037993E-4,3.694636049665127E-5,1.9588165828206272E-5,2.6188588625599926E-4,2.0540741498795574E-4,1.2616374891855225E-4,3.0562755457605296E-5,4.1174523025117206E-4
0.08390876865041141,3.766394070247724E-6,6.070366714035487E-4,4.07782092949108E-5,1.1366300000145886E-5,8.501161740052073E-4,1.6274587865858884E-4,4.651618543443244E-4,3.471168533458682E-4,1.4682314050332366E-4,6.703528546434727E-5,4.085425513344104E-5,1.7051680740588128E-4,2.2301357266889485E-4,4.0400022470488963E-4,3.4899701943609974E-4,1.6772775111198907E-4,5.983999726267835E-4,4.485203672887024E-4,5.743068709515334E-5,3.8093615411730246E-5,3.2895795639048986E-4,5.394537718997006E-4,3.3333274580969383E-4,6.213406726216069E-4,2.52269710026805E-4,4.3501124493769075E-4,1.9520702029525176E-4,8.635782123920182E-5,4.330074263587718E-4
0.18233758600246563,1.25224116616571E-4,3.092072822391775E-4,3.184411062221445E-4,4.7658014013512653E-4,0.0012759534883454461,2.4093041896302935E-4,6.76208157177587E-4,6.68517620772273E-4,2.725292558471231E-5,8.351480989323215E-5,5.250765588949251E-4,2.3343346359734488E-4,3.847161581169122E-4,7.097158212256372E-5,1.7865885419712937E-4,6.483056357783288E-5,3.204226308561106E-4,4.403501877298427E-4,7.415743785903592E-5,0.0010880564083851176,5.858828525724366E-4,2.02930618664041E-4,1.6594009284005997E-4,2.3643814363900008E-4,1.90976099959836E-4,1.5257909492873248E-4,2.688875788823524E-4,4.874067479180697E-4,4.606590819332206E-4
0.42482023707407124,3.541852553887373E-4,2.4398597009625366E-4,0.0015262377804224918,8.04411159457573E-4,2.0869300286520214E-4,1.5426201943511927E-4,0.002618555720284312,5.018358802507612E-4,1.949255355359883E-5,1.2433492767383932E-5,1.8266808341137022E-5,2.636586560933392E-4,9.256474611414761E-4,7.952035476039432E-5,5.636633040312813E-4,2.4239675219380448E-4,5.099984751333977E-4,7.453654795798504E-4,6.833223071269265E-5,3.1561080194785716E-4,3.380301017125769E-4,4.6413141463319405E-4,2.0133429695550295E-4,0.0010290606150331963,1.3605707171396783E-4,5.538928155609815E-4,2.680719589424044E-4,4.295155236186263E-5,9.28835892675896E-5
0.6229753411017294,6.434462762253871E-4,2.1411878841633757E-4,3.811207229953052E-4,4.853221913840608E-4,7.541770287641073E-4,6.983959452502999E-5,1.9178130386918906E-4,1.1906289835859741E-4,2.6493516979077464E-4,1.7360747650737966E-4,2.52034923795254E-4,1.1300680802261301E-4,1.8457129707575776E-4,2.0279989009390953E-4,1.7344857897566953E-4,3.0283104594949013E-4,4.720105724565197E-4,2.810419721029948E-4,2.7980831104646926E-5,1.45096585964352E-4,4.3579396897608494E-4,5.207980044033676E-4,6.201697408501518E-4,1.5321673367487743E-4,1.108542277691517E-4,4.998347580314373E-4,3.3881277281841405E-4,1.2946281552974153E-4,1.0214370539423022E-4
0.4294917423964151,1.8676843855372054E-4,5.729998747442684E-4,3.732765169876353E-4,0.0821322040507278,7.430589542507273E-4,5.811872212681641E-5,1.5159932242882158E-4,1.8468832866727538E-4,2.6711255152983715E-5,7.633170787320707E-4,1.916037410193172E-4,2.3218141766022672E-4,5.775064944826143E-4,3.300158335062844E-5,3.647944085078449E-4,4.3874518519488063E-4,4.871526812986033E-4,5.658040328606716E-4,2.4464115942202648E-5,1.5978696726006244E-4,3.085712567603705E-4,4.2618812367357266E-4,1.783076872375208E-4,0.0015275860282464306,2.8092127043797524E-4,0.0011491201251795642,3.5925998299514113E-4,5.9959832899305054E-5,2.700663475049594E-4
0.6264304491350772,6.748434122584165E-4,3.2650998126771807E-4,2.936845730160967E-4,5.47071842415104E-4,8.328974029401621E-4,2.311837081678204E-5,1.2891843796507317E-4,1.2980284216002394E-4,8.032398114046832E-5,4.6291147323080154E-4,2.4219183728886826E-4,9.807362715706172E-5,1.0824816539345248E-4,1.5848624812924786E-4,5.4120486413912136E-5,3.8129423031793314E-4,3.1921835597517796E-5,8.924771542737716E-4,4.516295725073996E-4,1.6356966753241603E-4,4.751867415535706E-4,0.001020421206664476,6.348413702351752E-4,5.179220338715465E-4,9.311574631662612E-4,6.948303278448093E-5,2.8293425906008397E-4,5.740291126532414E-4,1.4978485564928323E-4
0.6346744745973907,6.748434122584165E-4,2.652078095451303E-4,1.6113162755519044E-4,4.3871653562893397E-4,4.835675623915904E-4,1.5994648052877175E-4,7.813623351058134E-5,5.341820375643064E-4,8.363841201271022E-6,4.6511717177770943E-4,1.369133806639287E-4,1.2447405944012986E-4,1.1843759656876763E-4,4.338556269372654E-4,5.0049909488769976E-5,5.832766826419176E-5,1.489777685342779E-4,6.80052933917669E-4,6.580685654690183E-5,7.73937402514174E-4,3.999108400887301E-5,4.0841839157523975E-4,8.771780442727103E-4,8.810662118141535E-5,7.974682145597883E-4,1.4552607793732065E-4,9.160955858239473E-5,5.866539102451973E-4,1.6274237897828583E-4
0.4218691816534233,6.206556434911424E-4,2.6788208296186263E-5,3.6675014796040044E-4,2.4278921530637764E-4,2.467513697966983E-4,1.5347962247040125E-4,3.1691227854983807E-4,1.828295190264097E-4,1.8619176986878737E-4,1.4926907808269512E-4,1.0247474397753444E-4,1.1988686817567374E-4,1.8089171139613249E-4,2.104873011509884E-4,1.7994516519061844E-4,2.288762636444439E-4,0.0010143135189574313,2.1327888674912445E-4,6.462396283891483E-5,2.448064198538599E-4,0.001295621126224444,3.201747447913357E-5,8.893285235455267E-4,2.3685029164752534E-4,9.938067690300054E-5,4.7975501553450283E-4,3.4919966333144545E-4,8.196414221864194E-5,1.671206093382328E-4
0.6436025839388607,4.5549944177618746E-4,2.584655365880676E-4,1.684362286059303E-4,4.7975988650703376E-4,8.505198060062167E-4,0.005069907908145275,6.799278292784242E-4,8.644101605628966E-5,2.1411840685884827E-4,5.639132183269844E-4,1.3422280557364358E-4,2.34702525667188E-4,2.0276151813896216E-4,4.229503469776059E-4,6.339991409455386E-4,5.316787129795985E-5,1.5526672273203556E-4,6.874951116519468E-4,6.30375310197301E-5,0.0010114587521590896,6.174727729729674E-4,3.518252333834913E-4,3.347542404663851E-4,2.8997884761919367E-4,2.178828699693583E-4,3.6706341288658754E-4,3.4803021909221723E-4,3.6823448853708877E-5,1.6109810561019936E-4
0.6294304034710774,0.0014829170616719246,1.9725769814921978E-4,2.7253181954783344E-5,0.001222372121968721,6.89596414334387E-4,2.898075493909805E-4,5.354738943299155E-4,1.7557911044572703E-4,6.82354368321654E-5,7.153999643415797E-5,4.406454368360897E-4,2.2274132200396216E-4,4.2521204959283224E-4,3.622507385593873E-4,3.300609815469361E-4,4.543360930323864E-5,2.4735518329449644E-4,7.26716133804453E-4,1.0498975509044161E-4,6.962107708592101E-4,2.2092147103055132E-4,5.11021118851157E-4,4.0127841460284525E-6,1.1663311646913674E-4,2.3364384947538957E-4,3.9800278997735057E-4,2.6356591858544914E-4,8.58381481223565E-5,3.9827531315904537E-4
0.8310771393250672,4.449696599906544E-4,3.392147745844418E-4,0.0012606470719898027,2.09373045761238E-4,6.975932578343353E-4,6.422599473046687E-4,1.8874408812103843E-4,5.758357298302085E-4,2.3856465292363446E-5,0.0011098966260758895,8.088212963723537E-4,1.1552632080601298E-4,5.117517590228881E-4,8.189004035778645E-5,1.9380942091903582E-4,2.25193487631532E-4,7.481681476814611E-5,1.433246337187937E-4,9.731735630074554E-6,0.0014753738210967354,7.9981195605991E-5,0.0012049736513038327,4.445298468805398E-4,6.172946989135798E-4,4.189844310569324E-4,4.600147734852132E-4,1.5579398076530934E-5,1.3272070468656826E-4,4.569676157074317E-7
0.009402059892189119,6.765919125572089E-4,3.9835596364976565E-4,1.840918494652774E-4,2.628750947940685E-4,8.25656312072444E-4,2.3115260672933757E-5,1.2524577182819265E-4,8.893230161233504E-4,3.6510528160811406E-5,1.7377155888289485E-4,2.5667557152019255E-4,1.8752014816657097E-4,8.990990723030444E-4,1.4511441011254595E-4,2.426866737474229E-4,1.7955943202118056E-4,1.2967012220054571E-5,8.88259652876452E-4,4.795206954263615E-4,2.906920296460376E-4,1.8177819790962755E-4,5.266907999689478E-4,0.0011230086992128705,4.160610046523074E-4,9.022342842605652E-4,3.817676575691686E-4,2.9556320297217676E-4,7.685620352562732E-5,1.6455504892534548E-4
0.414655135547085,4.322228189633054E-5,6.751878679922129E-4,5.312320887478246E-4,8.97903358107266E-5,3.9166335692604297E-4,0.0012981135479689814,4.754585090424926E-5,7.51380505280225E-5,7.569004258087138E-5,5.965616845234774E-4,1.740233149198388E-4,2.0745449162814592E-4,2.3031503206945878E-4,1.4495938047809882E-4,4.6379178115713406E-5,2.2657850573932126E-5,4.3186563272715585E-4,6.994513860221712E-4,1.1528758540443154E-5,0.0017853522691326001,6.271601106883877E-5,2.7429952449739293E-4,0.0011533337332338724,3.176637834574489E-4,2.4067179217942652E-4,4.4470563989773467E-4,8.734082914970369E-6,1.0348843600634344E-4,2.969020375515122E-4
0.41669693229719196,8.682323456669946E-5,2.62076337264824E-4,2.1734639487784618E-4,0.0015329785520575676,6.433701449800611E-4,1.99857871728692E-4,6.564114747445709E-4,2.602521834982878E-4,6.378508188206086E-5,1.276270376975987E-4,4.965579714854772E-5,2.245926234392486E-4,1.0189982673788596E-4,2.614775685088247E-4,3.7692308258726595E-4,2.1030047500448905E-4,2.5311035234067993E-4,5.420957013170127E-4,9.540673263938345E-5,4.6754949251938285E-4,5.013658271740119E-4,4.3555239785093326E-4,4.244651463380944E-7,5.099717728990594E-4,3.009723257208223E-4,1.680262748825456E-5,0.019232862234735307,6.451423596583173E-5,1.937616296390326E-4
0.005283379630702176,2.0877966694883695E-4,1.9480397663886663E-4,2.33235013309983E-5,1.7650435522963527E-5,6.849156581053395E-4,1.5706039756403157E-4,5.466628419635136E-4,1.833871136401179E-4,5.657704031564274E-5,2.796665810062918E-4,4.4333449824405434E-4,2.2828181455356738E-4,2.881717248715742E-4,4.1166039502678255E-4,3.1128537765668626E-4,1.3953536653518115E-4,2.494252170024417E-4,1.9757481688831389E-4,1.2919530890108806E-4,4.8198563932162747E-4,2.996024313313769E-4,5.11021118851157E-4,3.5763335119040965E-4,7.065415059356783E-4,2.3182714225690142E-4,8.135459350620296E-5,2.7015347065258545E-4,8.970951526756468E-5,3.9827531315904537E-4
0.83775017845212,6.627672984899215E-4,6.850777390716963E-4,4.7053387000425915E-4,5.029178825173663E-4,4.0407585865211333E-4,7.764852566005516E-5,1.7742525078136414E-5,5.091192651014567E-4,3.398996819225415E-4,5.879269743293565E-4,6.628665725544459E-5,1.9022371253903293E-4,1.8149806560180512E-4,1.5830847892609276E-4,2.3416738943327179E-4,4.930291879997724E-4,5.204702471565409E-4,6.995300443031043E-4,6.456823254919256E-5,2.6337661611477623E-4,0.0012478700609860611,3.729276193911886E-4,3.976079422192515E-4,8.92465458948245E-5,4.3297432811162704E-4,7.042815383419198E-5,5.546839597740167E-5,1.0675796993922283E-5,0.053346875760930584
0.01796050310426678,0.0011970597742384356,3.3740611867597405E-4,1.4697740687741323E-4,4.7531528663578994E-4,5.82088084773301E-4,9.206619716675136E-4,2.07973103543346E-4,6.387861321430282E-4,6.025887264245501E-5,6.107581203063289E-5,9.698473287470079E-5,2.195758842607361E-4,4.577165764146693E-4,2.057019418616733E-4,2.847777887532423E-4,6.355864487943237E-5,2.4638936963400495E-4,1.5982156456258325E-4,2.7733449520735864E-5,0.0018781743995759921,1.0917279578657771E-4,1.073577609027646E-4,3.132986566561068E-4,3.90211338013912E-4,2.2724090426460756E-4,6.951116694268742E-4,3.357969488768255E-4,1.5049988761634795E-4,7.919655348206293E-5
0.412550318041191,2.8504274116191737E-5,4.607775952095726E-4,4.151623117199554E-5,4.150283033524103E-5,3.26974848031791E-4,8.956988553822631E-5,8.627551272781262E-5,6.39237232117069E-4,6.04928689902885E-5,8.322151184915233E-6,2.4913636646010413E-4,2.070275396915234E-4,3.0942056052459693E-4,3.912503635035315E-4,3.4262028748481793E-4,1.960871354853967E-4,4.619489944429513E-4,6.351144530031304E-4,1.1920833515626956E-5,2.739954200648799E-4,2.2659064158497586E-4,6.348075169386958E-4,3.427624049163185E-4,2.1100901174180765E-4,5.614207007029939E-4,2.6744005838128806E-4,3.03477720040469E-4,1.3774172431629217E-4,5.655400929148073E-5
0.8256791015512633,6.745270708696635E-4,4.0285576920095844E-4,5.908838041178378E-4,2.719301182134183E-4,6.444450211937312E-4,6.3348029991946E-5,1.8860292849702488E-5,2.4931237128503046E-4,4.889826564891253E-5,1.8764237064864835E-4,4.9539150606109E-5,2.2506483097287016E-4,7.221746365015867E-4,8.17081209997483E-6,2.3416738943327179E-4,5.470897171845569E-4,2.620215891827478E-4,5.256661742966396E-4,6.310890714609212E-5,2.6337661611477623E-4,0.0011972180846622142,3.729276193911886E-4,3.664490352108987E-4,7.138384028775865E-5,4.10183445725985E-4,7.042815383419198E-5,6.642299179197668E-5,5.138059081807624E-5,2.194383725680222E-4
0.20668950983705267,8.681445395069922E-4,3.0016917216344548E-5,3.7713312141897317E-4,4.917562680036443E-4,2.9182013629531486E-4,4.984046730260758E-4,1.7119036707936115E-4,5.894895599524537E-4,2.318269835183086E-5,2.6439373757664096E-5,7.786794190723002E-6,2.626963721415334E-4,2.133450959005452E-4,1.4368048978563678E-4,3.01290713575017E-4,1.7661158174433266E-4,4.2219671918377526E-4,0.0013354626547897098,1.86157941772057E-4,0.0013245774413629388,3.264444077010944E-4,2.92517881989243E-4,4.071236222091509E-4,3.040128551000048E-4,2.0362551138898563E-4,5.55084085961758E-4,2.828951785739218E-4,1.1276023833523384E-4,1.6326663068906322E-4
0.22758983207896127,4.920879438919506E-5,3.241497596211644E-4,3.706077721247926E-4,3.9794165225115203E-4,7.079562131555624E-4,1.8374422195009682E-4,6.899078986095152E-4,2.893927842097882E-4,2.7551406780134785E-4,9.813748983015055E-5,1.8845376087811496E-4,3.212823609577079E-4,0.0015301464640042925,3.4549496583561527E-4,7.858817386939528E-5,2.1287475804762922E-4,7.716381493897187E-6,4.3428690595557237E-4,1.3578102851913778E-4,2.1116296921520113E-4,6.01273276461476E-4,4.947722873813046E-4,4.177232127371899E-4,0.0019524722828440637,4.5888047707541763E-4,4.571316419761817E-4,1.3847317165973942E-4,3.893293439523259E-5,1.7100925051437708E-4
0.8348927442347625,6.986309249759138E-4,8.077776170966654E-5,6.323075829183268E-4,3.143980201229094E-4,6.006507418814218E-4,1.1080992628402492E-4,3.326886424556951E-5,6.889405995559052E-4,3.0158621428776154E-4,2.0481195582832648E-4,1.4312423648631746E-4,2.3317978141811283E-4,4.729805890298913E-4,5.268938374226417E-6,2.3329781356640593E-4,1.4675636599448927E-5,0.0014911992715239126,7.755097826607009E-4,6.21748084590379E-5,1.8440915471477058E-4,2.0748225940345883E-4,3.0174908859793945E-4,3.903618079608237E-4,9.582220640317165E-5,4.580217345387669E-4,4.702105019082607E-4,9.180864717053943E-5,2.4189833251924712E-5,7.305464508915336E-4
0.6376829669610472,3.5290731255643295E-4,2.136413181563437E-4,0.0015323995082454486,8.957896940372445E-4,2.4023908044032514E-7,2.1129449728669765E-5,0.002833901176097198,2.8962544019728515E-5,2.2381772418475585E-4,1.5928034326159713E-4,2.234470163606953E-5,2.336133367240309E-4,9.191325273872605E-5,2.0701413091161759E-4,1.11113741205919E-4,2.7368097083159605E-4,5.20285522153085E-5,5.720133466622724E-4,2.347345839682453E-7,3.9011382118251607E-4,1.746716480096764E-4,3.015842874828798E-4,9.318390119889255E-4,3.6453750252339534E-5,1.1465153772593161E-4,9.527328650087846E-5,4.562684666794849E-5,6.299836952432047E-5,4.176973460977773E-5
0.07181601373417312,6.62707354081569E-4,2.7747587183013858E-5,1.5994592878966095E-4,0.0011771340309913963,7.948792884383464E-4,3.755271980365965E-5,4.773072563066115E-4,2.702537976932717E-4,3.615129372054896E-5,5.854267583612505E-4,9.997869453307008E-5,2.0656132224429452E-4,6.735717568309427E-4,3.708486350763461E-4,5.4198966628464E-5,4.8364544298479625E-4,2.2038815936107785E-4,7.054183211090828E-4,5.259025866556817E-4,4.7616406900052714E-5,2.1660380729047413E-4,5.350163301218765E-4,1.7559838333121102E-4,5.358501431562539E-4,6.391827560286382E-5,9.096065659810728E-5,4.289853850375132E-5,7.727385505659275E-4,3.6224174072682446E-4
0.4312706391532064,9.133563524244409E-5,2.3037281614449152E-4,1.968824772717096E-4,4.778813327598557E-4,5.720956907179979E-4,2.702539034890502E-5,7.378742405650255E-5,6.662515264416053E-4,2.804942187364516E-4,4.45392896336892E-5,2.8625807376000262E-5,2.2274713174553904E-4,1.507208125149604E-4,2.9859268387502527E-4,3.4221542978503296E-4,7.329361179152748E-5,6.460219859776333E-5,3.8061137077878755E-4,5.244919701238023E-5,3.8076098854726554E-4,3.273372597926587E-4,1.7691079292543382E-4,1.0517270398643078E-4,5.203231916788161E-5,2.6111997495247794E-4,2.0540741498795574E-4,1.25127650052816E-4,0.02581858590083525,3.882054795147684E-4
0.19475810877684863,4.346158349012052E-4,3.745737784840266E-4,5.151131804334835E-4,4.934925589236485E-4,3.131602756493763E-4,1.9036677700775612E-4,6.052850160502448E-4,6.424626900232286E-4,2.8507433824132103E-4,5.714446703502433E-4,1.3843028432814633E-4,4.559873975969147E-5,8.724876520576823E-5,2.4220836381357654E-5,6.78594284474582E-4,2.504913169542107E-4,6.686382797111726E-4,1.7701816317234643E-4,6.783983384920928E-5,3.6512777034947657E-4,3.2729569725753227E-4,3.505140996313917E-4,9.612422929415276E-5,2.0012949836851178E-5,2.249766789511557E-4,4.0460341609675977E-4,4.326234278006203E-4,3.59333528400635E-5,5.053099421888343E-5
0.0030161627660680035,1.5309837798373473E-4,7.101952353478884E-4,3.864162514149696E-4,0.0016486424821322149,8.187503009689363E-4,4.1722139758377987E-4,1.2545786439462382E-4,5.597180105938888E-4,8.68116028007234E-5,3.8217142344123146E-5,1.7273993613239067E-4,1.9281277474941208E-4,1.16257817652531E-4,2.6901109440116174E-4,2.740378537053383E-4,1.4590771570690837E-5,3.0166950762316634E-4,2.1940393002723053E-4,5.1325297622976165E-5,1.4762849149235768E-4,3.845665889657611E-6,2.822711942829741E-5,2.630713590365025E-4,2.3087686588312483E-4,2.3312284783844772E-4,9.7860126747609E-4,5.6221335426539594E-5,3.326948230211387E-4,4.503130290782917E-4
0.6204163188379586,6.530298357125489E-4,4.970373152761722E-4,3.0021134544273756E-4,6.645088374575934E-4,7.48754429387025E-4,1.6788752965708813E-4,5.369920749010433E-4,3.1453649314789044E-4,1.3349840097544712E-4,2.696910999998286E-4,2.528866526496471E-4,2.04944403216334E-4,2.0498209089743737E-4,2.607166230946305E-4,1.475113621740219E-4,2.3426504010243095E-4,5.148718444375189E-4,6.376842817229766E-4,1.546622471026006E-7,9.680085708739055E-4,2.796779781953695E-4,4.802040432929657E-4,2.92123191012356E-4,5.106650524604792E-4,1.534775683269998E-4,2.8669761502396127E-5,3.1661679356247054E-4,1.1201104473298681E-5,3.650793696118543E-5
0.8243303466229666,6.433507830169552E-4,7.991616842188654E-4,1.1721747379176523E-4,0.0013424466241690558,7.995561120383073E-4,7.99303461190361E-5,2.408358665400674E-5,6.493040774745636E-4,3.2501692658484403E-4,6.935614044916443E-4,2.582934212719461E-4,1.9099325647390294E-4,0.02524329754707747,7.69261398335046E-6,2.411112386022652E-4,4.976819668125256E-4,0.001453399850253858,2.2861162462140493E-4,2.811738252439905E-5,2.331504963397986E-4,2.248936625821649E-4,1.9274761938989376E-4,3.652646162101056E-4,1.8559350561821912E-4,0.0011291631517092145,8.462980740622684E-4,5.688622680864884E-5,1.1694608952324091E-4,2.2782417219201014E-4
0.043493312287670116,1.2106627516337507E-4,3.262558544454512E-5,9.999733914610696E-5,0.0011077476957607989,6.722966785648167E-4,1.5367016001601523E-4,4.316794803041804E-4,2.9792234038524977E-4,3.619426869187997E-5,6.738721404657377E-4,7.464113502160424E-5,2.241061539389274E-4,7.939828759155095E-4,3.6208629248258076E-4,4.692009787489148E-5,0.0011033917866049606,2.3614915855477798E-4,7.055173652944606E-4,1.782221825385349E-4,3.35749252696236E-4,7.191003581874562E-4,5.298700315471571E-4,9.801413302896821E-5,5.694995411401658E-4,6.391827560286382E-5,4.0278934467931506E-4,2.3613674721093645E-5,1.2115292411193533E-4,9.774264861506842E-4
0.06635401040631006,2.4794777460754785E-4,3.262558544454512E-5,1.3224542737847058E-4,0.001598773735473723,6.596724255686138E-4,3.322531117478823E-5,3.410095072310387E-4,6.471870223293448E-4,2.710618462752912E-4,7.02297851903856E-4,1.9417005127605338E-4,2.0042221428118382E-4,3.0258968916551353E-4,3.6208629248258076E-4,2.712523228716688E-4,1.2056973339101478E-4,2.845851089173386E-4,7.10515313030177E-4,6.361069214696417E-5,8.535058914103868E-4,9.066709730694203E-4,4.505206623532838E-4,3.2528380135799645E-4,2.848612683745023E-4,1.5760354934383046E-4,4.004760536458192E-4,4.2841397369169516E-5,1.0266710801633928E-4,4.346149995977996E-4
0.6275030324514779,0.001387842939018895,3.093954503234944E-4,1.9119562361993864E-5,3.823508813359581E-4,2.933490920984966E-4,2.980601586279794E-4,7.950315439352502E-4,2.8768438221896407E-4,5.027901650866452E-5,2.1411451947621004E-4,3.9817888865369377E-4,7.723935184335E-5,3.8500993464010995E-4,2.6136434045160174E-4,3.3018675624868574E-4,8.512370296149353E-5,1.0715520333436516E-4,7.993305697294931E-4,4.0058534515112756E-5,1.0772457900524242E-4,4.820755457385235E-4,4.5015602531375983E-4,6.634907300508778E-4,8.753496828077976E-4,0.03315204702821379,3.350711981242891E-4,8.209310768115042E-5,9.643618510926695E-5,2.6272965503249587E-4
0.6321655720592217,5.818944192521822E-4,8.042155157075989E-4,3.8388032738495976E-4,1.5673143732492314E-4,7.692121781692911E-4,6.0568402447351804E-5,2.4374883494736072E-4,6.493040774745636E-4,5.967812367099964E-5,1.282088539132108E-4,2.442257650116225E-4,1.2432903607486674E-4,3.690958237160379E-4,7.79385831895253E-6,2.663707810522394E-4,4.975903046359653E-4,9.317406298133045E-5,2.2861162462140493E-4,1.2514288497873747E-4,3.8103439006817333E-4,1.801812357453162E-4,1.3407342597251005E-4,3.151939645331404E-4,1.8698263741691483E-4,2.0431955883076325E-4,4.307100985198575E-4,1.4238697358223245E-4,6.831689177333052E-5,2.3085903487097978E-4
0.21689084442376916,1.5997372082992434E-4,2.0400535369546126E-4,1.2966826674568898E-4,5.498291389137171E-4,4.235047878206323E-4,5.949791090783877E-6,1.1919097019162035E-4,4.6706757871051375E-4,3.1360693240335344E-4,1.7154340620301284E-5,5.372705886092755E-4,8.182457149276517E-5,0.0010622446304694472,3.115650448954517E-4,5.152023195617737E-4,2.4181222234845556E-4,7.268083579461916E-5,4.64055483909368E-4,5.175335146009858E-5,0.0019972681828992938,2.4198991458399173E-4,4.6145651459013695E-4,2.0001689654612924E-4,1.295919269000184E-4,2.1097736229208728E-4,4.1028748291565816E-4,9.52335362133526E-5,1.1089110817788511E-4,1.1970378315512642E-4
0.44001571609927553,0.001249457367187355,3.1908708140866027E-4,7.063305492475062E-4,5.681074975093693E-4,4.0542152171665164E-4,3.3918745499056336E-5,1.321735234436739E-4,6.16577464004919E-4,4.870117718805816E-6,4.929324489137731E-5,1.2161001728378971E-4,2.0351546545758099E-4,3.720396094520633E-4,6.805052753255906E-5,8.75803471028179E-4,4.828480469665757E-4,8.58936202731949E-5,7.576819525333909E-4,2.6116651829327146E-5,3.516282689113499E-4,1.9672172980513575E-4,3.553729794295644E-4,4.064633093901362E-4,3.041767939941354E-4,2.9436199060407586E-4,1.578651240550891E-4,3.6340185875082404E-4,1.155074590354825E-5,4.995194758701827E-4
0.6220255388824819,4.4686451696067256E-4,2.441174021023091E-4,8.039771352358615E-5,5.065323727670004E-4,6.944371319794536E-4,2.87383936368665E-4,5.98817034768753E-4,5.131680614061929E-4,2.675846644377093E-4,7.275736531008083E-4,2.7250970305278075E-4,2.233440862749785E-4,6.14703839270499E-4,3.2643334148333217E-4,3.317563357495175E-4,6.42111033729474E-5,2.256688363741783E-4,6.124729757723773E-4,9.567029787980276E-5,1.3687617256541635E-4,5.924541855895198E-4,5.195793822700465E-4,1.3775015083002882E-4,3.976487084737359E-4,2.839362131687745E-4,3.1910657302863256E-4,5.27652466644512E-4,7.226924054522229E-5,2.543058157972915E-5
0.4196575910495583,1.2375635737404484E-4,3.013654784599726E-5,3.517635090411008E-4,2.4278921530637764E-4,2.957732547502987E-4,1.0874770124357405E-4,1.8134672650169223E-4,6.074866870225694E-4,1.9479978835902043E-4,1.4926907808269512E-4,4.466132218629126E-6,1.1988686817567374E-4,2.1769099402157337E-4,4.8235318418741584E-5,2.993504699939343E-4,1.822484717396909E-4,4.7215138263831564E-4,0.001296706857017107,5.594043095234652E-5,2.1611605861263864E-4,0.0013766451403865966,6.765652826988133E-5,9.655205216031785E-4,4.5418475844377046E-4,2.2689604299613327E-4,4.7975501553450283E-4,3.12550114648495E-4,8.196414221864194E-5,1.634543870255034E-4
0.418526548019127,7.568157052041031E-4,7.018527331445053E-5,3.897912113920734E-5,2.1213840651666333E-4,9.483022527250384E-5,3.577304729476404E-5,5.408306738280564E-4,8.509509514238796E-4,2.6268229133445957E-4,2.827223924444696E-4,8.313767588411579E-4,2.651924866022838E-4,6.828830871588111E-5,4.011427814867084E-4,2.0937043678812204E-4,4.410150897015498E-4,7.980619175207493E-5,1.5534541389067944E-4,1.830057158333941E-4,6.472161740666887E-5,2.9158885653326306E-4,2.1909247946077083E-4,3.6124339768026304E-5,4.6178557271716973E-4,2.892129600227844E-4,5.634454028876378E-4,2.6705046281536086E-4,1.1158671992476765E-4,2.9204317395036892E-5
0.059147684612460893,6.503116817846091E-4,3.0578039227107447E-4,2.1117511025847176E-5,5.48533787086705E-4,6.895557515723878E-4,2.8044888612628133E-4,6.051035325221058E-5,3.050200845439775E-4,2.9279825111689994E-4,1.2621311336471835E-4,2.4381486823541154E-4,2.2155747682951808E-4,2.7302751970203435E-5,2.7770613556920925E-4,6.984636964258437E-6,3.81220578122572E-4,2.8421356864489732E-5,9.00172220056173E-4,9.570530553008034E-5,3.722437339447947E-4,4.7397630526411165E-4,4.528409633419319E-4,6.138859389350441E-4,1.1663311646913674E-4,1.7588971258701282E-4,3.182065699570936E-4,5.176647971023878E-4,9.206312970307004E-5,3.7604339164392444E-4
0.23301089556835308,9.532434570154685E-5,1.2137964294307255E-4,1.2887667028668072E-4,4.891113924984858E-4,8.179654272856826E-4,2.646446191510634E-5,7.572671025736956E-5,1.1645661297570733E-4,7.249126468056652E-5,4.315027842541527E-5,5.902805354602176E-4,2.035234934486323E-4,5.673673966622426E-4,2.7005464786914775E-4,1.3938629670417005E-4,2.484236583686551E-4,4.1235506795075656E-4,6.167239990363664E-4,6.230777212888034E-5,3.3406836510174644E-4,1.9761165885669098E-4,3.0770222349625615E-4,6.0568050814380746E-5,5.617092061524324E-4,1.011767453083334E-4,3.5581680218801253E-4,0.01958072017348077,7.090598163650701E-5,4.254793555057872E-4
0.8276306518729223,0.0011558522882163633,2.6745739378937505E-4,5.481866808126625E-4,0.0012063897206361677,6.763689452661962E-4,1.9927370047194407E-4,5.373869606197629E-4,3.0425371656691506E-4,1.0232814792497671E-4,4.6123920428434064E-5,1.1550067954768516E-4,1.634559241055466E-4,9.053662938331814E-5,9.435090030779616E-5,8.29992493956118E-5,6.811794339782857E-4,7.329158709733449E-4,6.783282124068746E-4,1.1611296533380232E-4,6.074114672225018E-4,1.9323068603061482E-4,2.921865673314749E-4,8.679786043756176E-4,3.6726280173812173E-4,0.001095159220974026,1.0252703535986409E-4,1.3699276859336807E-4,2.9815238549467047E-5,1.7213710559493497E-4
0.6477195414044846,4.577875170496011E-5,2.6520302898538613E-4,3.486862325131362E-4,0.0018268622036950231,1.474351266772845E-4,9.223361101981302E-5,3.7774558998616514E-4,2.3580687732734714E-4,5.0379620212574535E-5,5.516730104711276E-5,1.6179151324364455E-4,1.645317835278203E-4,0.0029760491158223553,2.7830431560135294E-4,1.1797493653007546E-5,2.629980226612297E-4,2.739866051150471E-4,6.656183380824522E-4,4.573739002696472E-5,0.0016707841692091539,7.51175899568031E-4,2.392815783549476E-4,2.4145502733950554E-4,1.4662439024197403E-4,3.6102703967482407E-4,1.5500327727369626E-4,2.713597699492119E-4,1.8238765244864554E-4,4.222504541801441E-5
0.4447689497815429,0.001387842939018895,3.0427859559173457E-4,2.166458990779203E-4,3.82855314826781E-4,2.933490920984966E-4,2.903278606633339E-4,7.979723512311505E-4,2.8768438221896407E-4,2.7582906412527096E-4,2.1411451947621004E-4,4.3852403221892277E-4,7.723935184335E-5,3.8500993464010995E-4,2.6136434045160174E-4,6.866352956508461E-4,8.512370296149353E-5,1.1152425089277521E-4,7.993305697294931E-4,4.0058534515112756E-5,1.2760061075438425E-4,4.820755457385235E-4,2.0591221086037993E-4,6.21262058420023E-6,8.753496828077976E-4,1.606830967596513E-4,3.350711981242891E-4,8.457588810717837E-5,9.643618510926695E-5,2.3912770875029294E-4
0.8327002390258953,4.745956548668188E-4,3.860848430053064E-4,1.1593020917134025E-4,3.0700429794264196E-4,2.662312171356814E-4,1.0356423851042883E-4,4.9812516136121205E-5,2.388190500666947E-4,2.515291586894173E-4,1.4182857376433908E-5,7.409659591826514E-4,2.071021016308718E-4,2.207493349038022E-4,2.5874165149470616E-4,2.419602225295476E-4,2.479249945791524E-4,6.263041674715997E-4,6.556730409933462E-4,7.485522463434152E-5,1.4626493765741656E-4,3.2646513743690014E-4,2.2971645682510336E-4,3.8397363653374706E-4,7.141187416502946E-4,2.577393995226858E-4,3.8213285677536385E-4,4.819367178296512E-6,7.713343905817858E-6,4.0837009961260383E-4
0.033504517269568115,6.371931568872152E-4,3.4068862208263943E-4,3.5408373178480554E-4,5.869649845270292E-4,7.861450954626138E-4,4.381485444728784E-4,3.9656360690748754E-4,3.7428667611896885E-4,4.7046461098550804E-5,4.64321053932769E-5,5.226471034774499E-5,2.454111481283632E-4,5.662540139365386E-4,8.362745136520394E-5,1.0529136190410009E-4,3.329686274491032E-4,4.1615499310692895E-4,6.696594427762873E-4,2.14215814672845E-4,8.048333009592517E-4,2.3176794362487316E-4,4.5833531886151145E-4,3.315474637088626E-4,1.884404134837707E-4,1.7935820454096794E-4,3.120379962127529E-4,8.368106662173649E-5,4.6247647728101047E-4,5.075261754870917E-4
0.838973130840674,4.937812823176184E-4,1.8003376510897194E-4,2.0102108074795765E-4,5.000390817227051E-4,6.552700588444251E-4,4.931663990383574E-4,5.3741681193835225E-5,7.382062965284141E-4,3.2458066184974405E-4,1.3766598573670865E-4,6.947544388732213E-6,2.3688085039326153E-4,7.003257828093495E-4,2.7897214240959865E-4,5.555089581811286E-4,4.2507181770918423E-4,6.385785272700219E-5,7.528560042728169E-4,3.867670931661717E-4,7.573904691869063E-4,8.673120162818512E-4,2.0526469371316193E-4,6.230095227982007E-6,3.1040619118463713E-4,2.625719716261697E-4,3.6824298668520843E-4,9.157131703872097E-5,7.815825476776206E-5,4.2912776089956104E-4
0.631165026455117,1.7619367022960386E-5,3.2650998126771807E-4,1.0852914172184856E-4,4.7118668661316775E-4,4.835675623915904E-4,2.3272984542911028E-5,1.1711291589437054E-5,5.266251594345233E-4,1.368537558253635E-4,4.6511717177770943E-4,2.1226032284146448E-4,1.204761850677938E-4,1.1092140649491037E-4,1.5848624812924786E-4,5.4120486413912136E-5,2.3063531379194992E-5,3.0817234194410595E-5,7.524100693759802E-4,9.440951954393706E-5,6.005892823922083E-4,3.4833855477024223E-4,0.001020421206664476,7.70317598831096E-4,5.17851883865527E-4,7.974682145597883E-4,1.4048096796512614E-4,1.3306598571351323E-4,5.916508579505021E-4,3.564249345880512E-4
0.8267342072402581,1.132145462460389E-4,2.745886329029833E-4,1.699685314808504E-4,4.919434117735633E-4,3.7043316075958363E-4,4.7910910174238635E-4,3.42688549065918E-4,4.550589922828534E-4,3.078847397604161E-4,2.04889963127382E-4,1.3480656272386968E-4,2.810885763194632E-4,5.709274343430599E-4,9.395277062458133E-5,2.3770158932439022E-4,6.272050121101801E-4,0.001366974092904674,7.12401021806153E-4,6.84837140347652E-5,6.974837307390368E-4,6.897124943926075E-4,8.98570447807576E-5,3.2222379311463734E-4,7.419562624784128E-4,4.975981366770372E-4,4.8011624674021766E-4,1.4124874066599036E-4,2.240213003090637E-5,3.736107841046018E-5
0.211826584829307,1.25224116616571E-4,3.092072822391775E-4,0.0013397268688663732,4.7113055594869056E-4,0.0012759534883454461,2.3905217027327694E-4,8.841612806551491E-5,7.107665754806894E-4,2.725292558471231E-5,6.94456185202134E-4,3.3805138660563164E-4,2.3272786332268839E-4,3.847161581169122E-4,7.300476292534694E-5,9.049924252510006E-5,8.367321685609274E-5,3.150368968385752E-4,4.755187469759306E-4,9.468817711756131E-5,8.347288934199372E-4,6.929606764261491E-4,2.7886674358832585E-4,5.348072846573881E-4,0.001086980141373504,2.1060163031973546E-4,1.8043933961602192E-4,9.586450496186189E-5,3.9523949857566104E-5,3.2647247014108835E-5
0.02366307166095477,6.159647385962979E-4,7.101952353478884E-4,2.1163232104750077E-4,4.895504446730706E-4,1.480750345193158E-4,4.201413076061788E-4,3.623917434242661E-4,5.788229474479102E-4,2.251083799349033E-4,2.0334765725746917E-4,1.2768517802509515E-4,2.2323958303746745E-4,6.300065911250538E-4,2.6901109440116174E-4,2.740378537053383E-4,1.4590771570690837E-5,3.0166950762316634E-4,1.398979747160332E-4,7.079341131045749E-5,6.640501009639099E-4,7.804898949282052E-4,2.6409771321248324E-5,2.630713590365025E-4,4.229927381658687E-5,2.3312284783844772E-4,9.944740180151844E-4,9.817973311570507E-5,8.632717643064737E-4,2.6633660708848576E-4
0.2414768560897507,6.887051760675031E-4,5.5191181473986955E-5,6.152614321694435E-4,5.178020425276104E-4,9.483022527250384E-5,2.5944329235566226E-5,1.929240245520196E-4,6.170437762054175E-4,2.3460380817209584E-4,6.03250499638821E-4,1.425562248007466E-4,2.6442134818310895E-4,2.168324793078222E-4,4.1099882925057596E-4,2.782027976902981E-4,4.410150897015498E-4,7.311813202450724E-5,5.825157026495238E-4,1.89207471835274E-4,3.189905746920559E-4,2.7571522756126394E-4,2.573576687821771E-4,3.628107997503405E-4,3.5232810739428206E-4,2.9317352678589017E-4,5.541738602229716E-4,2.8244975011974447E-4,1.9132816106567083E-5,1.1794759346782295E-4
0.1984097818476175,2.047388417023331E-4,3.0000047320077666E-4,1.3365868432940717E-5,1.122466957927322E-4,6.887555856951888E-4,1.654156804588668E-4,5.239202811562596E-4,0.0235619033846853,5.657704031564274E-5,2.6591229939581184E-4,3.044368665737527E-4,2.0152701307551743E-4,2.881717248715742E-4,2.798025295311453E-4,3.1653138956956595E-4,1.3953536653518115E-4,2.803063030300561E-4,9.28651682122176E-4,1.5160376123425043E-4,5.628218093233592E-4,3.956888716946898E-4,4.887142184829791E-4,1.8216739016324644E-4,4.5749561617717193E-4,2.243451363868416E-4,8.135459350620296E-5,2.604358605614019E-4,8.935324219120223E-5,7.786513308833778E-5
0.012710660168808618,4.5271612103793874E-5,3.6147809558445196E-4,0.0016051783580246985,0.0010909676291966258,0.0013379601921696552,0.0011097024647849871,4.5817939467828904E-4,6.695387442938482E-4,5.653366009033124E-5,5.34768038525235E-5,6.877094773717889E-5,2.2047780541887153E-4,3.926614980860186E-4,1.3423340983241284E-4,2.832549802843148E-4,7.911545517810681E-5,2.4926606321998567E-4,7.908889727068917E-5,1.813207421578418E-4,2.489200200313193E-4,3.190033707288711E-4,5.949090707524666E-4,2.9126075019278333E-4,3.192095536702623E-4,2.3182714225690142E-4,1.41542838452991E-4,5.418503203011691E-5,1.0537061944344608E-4,4.3372436371466106E-4
9.469739103573696E-4,6.0522238990909176E-5,2.245960517634215E-4,6.37098865197542E-5,4.8204005577587403E-4,2.643042587858704E-4,2.0501075519962838E-4,5.142579253783542E-4,1.912947528074074E-4,6.626694109998813E-5,7.556327000639274E-5,4.6227415092313416E-4,8.790262726586411E-5,4.6333586216271947E-4,8.54745428953596E-5,3.1730048880740814E-4,5.982101148720342E-5,1.1157179597245839E-4,5.724420128834178E-4,1.873594028251833E-4,6.674491467710872E-6,7.093744590639633E-4,2.671746849231461E-4,5.790170427638692E-6,3.0099070051519924E-4,2.9362602907318354E-4,3.108298220112383E-4,2.8448868139018067E-4,9.479115521474407E-5,1.1559963132410012E-4
0.223768912027262,4.866532527790362E-4,3.5955290263485875E-4,2.0102108074795765E-4,0.0017618822961772433,8.440128339495827E-4,6.543343932252459E-5,7.378742405650255E-5,2.875161530955911E-4,2.7582906412527096E-4,2.047750409512576E-4,7.812303678832286E-5,1.9962960777932496E-4,0.0011499393491826394,2.490930886604076E-4,1.858010965672828E-5,6.94499309926137E-5,6.042160730561088E-5,7.993305697294931E-4,6.361225192603113E-5,7.352821000151502E-4,9.524935973191297E-4,2.0591221086037993E-4,6.230095227982007E-6,1.4239009552692822E-5,2.625719716261697E-4,3.174166882608149E-4,5.0903765188160986E-5,9.643618510926695E-5,4.2912776089956104E-4
0.8293308173981618,2.587978077867192E-4,3.461262957154679E-4,2.196421652603275E-5,7.070401079671603E-5,6.719577140807475E-4,4.331136149362283E-5,3.63636643096672E-4,5.147554108990645E-4,6.055207543401559E-5,6.107581203063289E-5,3.0877340976435074E-4,1.1321808085031311E-4,2.3010151859290888E-4,4.047796519636544E-4,3.314860281037922E-4,4.0952675303245286E-4,5.561260767812605E-4,2.3496491169752506E-4,1.009590514844165E-5,6.490492366581195E-4,3.066228130857992E-4,5.193111989475322E-4,3.519106913011882E-4,1.6554039752119802E-4,8.504685096047225E-5,6.951116694268742E-4,3.48980364467066E-4,1.2125188647953744E-4,1.0470709356575567E-4
0.037954774771239305,2.1887893913432425E-4,2.713767457367224E-4,0.0017658375054435986,5.475161963914586E-4,3.134096178006914E-4,0.0010917601272578269,1.9470186317115768E-4,1.1431998010840209E-5,3.93085678465317E-5,8.372988749989374E-4,1.425562248007466E-4,2.057366224164675E-4,1.0260410713364905E-4,5.003663118862515E-5,5.31780796617225E-5,6.62903620776445E-5,3.060693660349322E-5,8.819824000661947E-4,4.081301936774437E-4,2.4296171160778591E-4,5.056140353032044E-4,2.8175486972012524E-4,3.628107997503405E-4,3.563762483245448E-4,2.9317352678589017E-4,1.6661724659334907E-4,4.0132339028408536E-4,4.667964040497909E-4,1.1794759346782295E-4
0.20098003870323894,4.923528079488699E-4,9.970270998233632E-5,4.354134306489074E-4,7.328753954795493E-5,7.584460174045476E-4,1.8179259621535035E-4,6.002277429778172E-4,4.0219714354086786E-4,2.7297737108411107E-4,1.3993079782557535E-4,0.0019399726124553409,2.3410504364083367E-4,0.0015301464640042925,3.434692009648905E-5,7.27433557041264E-4,4.2409585818530633E-4,8.380727518434729E-5,2.6926445246321166E-4,6.520188895862254E-5,2.1116296921520113E-4,5.754645067499488E-4,3.5228619992383546E-4,6.2824477942144E-4,6.010458671703648E-5,6.170693253019013E-6,0.0011516312793690472,2.681471384140578E-4,9.787990776604424E-6,1.3016796730726466E-4
0.2034596393589459,5.528322897269561E-4,3.5922355044405897E-4,5.51501194628219E-4,6.633966781820716E-4,7.608727094243646E-4,6.684641558463717E-5,4.017836920140036E-5,1.8399327379137683E-4,2.7443260371810845E-4,8.805320712518352E-4,7.782862399496334E-5,2.009273281197151E-4,8.024163223390235E-5,2.4642595605834484E-4,2.0860017312535605E-5,6.863287930825193E-5,2.3883639700280807E-4,8.036457020091968E-4,7.259452461517441E-5,6.361430523026781E-4,2.1653479299929814E-4,3.510274986896449E-4,8.807645713909663E-6,1.1913658768120344E-4,1.0033929530784536E-4,3.254458644130874E-4,4.599621514290951E-5,1.3161576046352035E-5,9.833217814877055E-5
0.24382772470358785,4.866532527790362E-4,1.1703887899775601E-5,2.0991782531417145E-4,0.0018200757532256,8.440128339495827E-4,6.543343932252459E-5,7.378742405650255E-5,2.875161530955911E-4,1.3084601415442899E-4,2.733043425564208E-4,7.812303678832286E-5,1.9369788117676648E-4,8.301372496406203E-4,2.490930886604076E-4,1.858010965672828E-5,5.026514935116142E-4,6.042160730561088E-5,7.993305697294931E-4,6.361225192603113E-5,7.352821000151502E-4,7.700371081911169E-4,2.0591221086037993E-4,6.230095227982007E-6,1.4239009552692822E-5,2.3839120047873674E-4,1.49199199055994E-4,8.885698577416984E-5,9.643618510926695E-5,4.345327494643552E-4
0.6394297313897188,5.87800619033398E-5,4.502813359990906E-4,3.653960143049457E-4,4.861788256997216E-4,7.534216687859783E-4,6.994535306464819E-5,5.369920749010433E-4,8.316671828748789E-5,2.1362628880722002E-4,2.444736917174501E-4,2.2641058784534957E-4,2.2218313292524886E-4,1.979541525490516E-4,2.812605277844982E-4,6.682170421643823E-4,2.2140511395646453E-4,5.690011863342135E-5,6.234791474219493E-4,5.000107259873361E-6,9.93352705563597E-4,6.898528261947786E-4,5.110346164813E-4,3.358161140033485E-4,3.346422302028459E-5,1.0764420527164078E-4,3.67351644298809E-4,3.1808808486124586E-4,6.575025785194121E-5,3.712075792876358E-5
0.8403614667616381,6.079342000030301E-4,2.6520302898538613E-4,1.2086469722772396E-4,2.3129289217362688E-4,1.4344319308003757E-4,3.270322406493109E-4,3.757874593680196E-4,3.023920920524987E-4,3.191062786543481E-5,3.917148501263895E-6,1.6179151324364455E-4,1.6536170573407325E-4,0.002647671790630561,1.3745252383601304E-4,9.72421381308798E-5,0.0011009871795996044,0.0014611275473916134,6.656183380824522E-4,1.2246027921535027E-4,1.0645586494502509E-4,5.589598422745589E-5,2.5728223931206404E-4,3.380847708636794E-4,5.280925325827652E-4,3.6970872119395173E-4,9.94905279711821E-4,2.3354752385724078E-4,1.8238765244864554E-4,3.572559869687764E-4
0.028082008863311803,3.730389535161027E-4,8.333604121598607E-5,6.094231424083251E-4,1.6984057448752907E-4,7.07884072588837E-4,9.572384630629253E-4,1.674801778898016E-4,3.491126620310492E-4,9.026012706123707E-5,4.5935226114715187E-4,7.591387654587125E-5,9.133719534089072E-5,1.3352355326403021E-4,1.5885772878696834E-4,5.325422538114679E-4,1.1180135342518213E-4,3.576960658333255E-4,1.1526903525210986E-4,6.547668348846864E-5,5.408324722469119E-4,3.864260776757195E-5,3.1386935347584266E-4,5.100059549109051E-5,5.324607335170555E-4,2.18773764938528E-4,1.3894108004644016E-4,1.3670356099762423E-4,7.406640978476484E-5,6.147186210516957E-5
0.1870321938464769,6.22258166674072E-4,2.2971405167340872E-4,2.336251282760327E-4,0.0016445821449277299,7.58442377595761E-4,1.6365887029931394E-4,5.242924126799529E-5,3.2467499803789403E-4,3.11276648053593E-4,1.3486515682470022E-4,5.287699859398366E-4,2.1933129949272285E-4,2.1697708579155076E-4,2.5078021599062158E-5,4.6397793766517073E-4,4.1877644203380235E-5,5.517523003674296E-4,1.7203495309629573E-4,4.673247837500176E-5,5.878839373435157E-4,1.75201426801778E-4,2.0285909150506286E-4,2.85060267584638E-5,2.312746170831551E-4,1.9088141450156345E-4,1.608707242747682E-4,2.6723385898683817E-4,1.6235921077896204E-4,2.3029517732224138E-4
0.4370953062258445,1.1612744817309566E-4,4.514738214286241E-4,1.4118636460507428E-7,7.719221328482103E-5,6.057096320788414E-4,6.510249943230553E-5,2.04986622447173E-4,6.227460526499873E-4,2.918757397753884E-4,1.927162586504275E-4,2.502777899989413E-4,1.296261366906095E-4,3.4694160793740926E-4,9.34136718324374E-5,3.5261058968322537E-4,6.355864487943237E-5,1.7652344664510484E-4,1.4416467080222828E-4,2.7733449520735864E-5,7.524501880966182E-4,1.340326142124441E-4,7.007161237832947E-4,3.1521826064285184E-4,1.5941615284557805E-4,2.2724090426460756E-4,5.337943174033369E-4,3.3895113217676345E-4,1.2844025810829343E-4,4.1453840352572533E-5
0.8335303368472025,2.1967649539724978E-4,1.636100086455379E-4,0.0013866332795492418,4.210559969199466E-4,1.9734692132660744E-4,5.423042132878617E-4,8.404762813846206E-5,6.854120216290679E-4,3.0142270996071663E-5,7.257641028147405E-4,3.298994726307913E-4,1.30028969651934E-4,2.9405240650135184E-4,3.2739250280209155E-4,4.209088201961766E-5,3.5137782886938854E-4,3.236836991520091E-4,3.6604723676101155E-4,9.952704162360017E-5,7.034383569801134E-4,6.972620105261679E-4,2.760967496430985E-4,0.001191687323460285,0.0012960029955657636,0.0012663145434022947,4.3729796715599907E-4,8.37851544395706E-5,4.967735642296972E-5,1.9996299045593182E-6
0.1828998938291757,6.357853475292883E-4,1.883941768958468E-4,2.3332567507590877E-4,0.0016445821449277299,6.486673288088942E-4,2.0274011009670774E-4,1.155619387550198E-4,5.375668553973705E-4,2.0196425962724294E-4,1.1546095547549067E-4,5.928200570269785E-4,2.2354015445686114E-4,2.1697708579155076E-4,2.2467357846175907E-4,4.1381556311790094E-5,4.3856469250001676E-4,2.793815470697607E-4,1.8425039416487398E-4,4.935751060056E-5,5.664102461863398E-4,3.7013326888927296E-4,4.176522679420335E-5,2.85060267584638E-5,2.312746170831551E-4,1.9088141450156345E-4,9.433496857019888E-5,1.7414491635120866E-4,0.0012933558767702143,6.721854855596848E-5
0.055839526412046814,2.64651371312784E-4,1.972580903479969E-4,2.3088416566054193E-5,0.0014287863861596906,6.895557515723878E-4,2.7663468998983826E-4,5.403729051155677E-4,4.7143455640875974E-4,5.714196270683012E-5,5.6286127885645876E-5,4.3879594882762646E-4,2.2501936350480627E-4,2.458238217362178E-4,1.4042617910012034E-4,3.3460691758392707E-4,4.6962318456452286E-4,1.3655918547859802E-4,8.825079040349945E-4,8.927509779272256E-5,3.754551136592477E-4,6.287168941674938E-4,5.253039467050986E-4,4.683234601781692E-4,2.896506609772787E-4,1.7588971258701282E-4,3.9800278997735057E-4,6.099565096070283E-4,8.329774956591075E-5,4.157759709101704E-4
0.43591456810998397,1.1677067804127838E-4,3.3719675354397066E-4,1.4118636460507428E-7,4.940834492845822E-4,6.001543546707283E-4,4.8205654157641937E-4,1.9178130386918906E-4,6.227460526499873E-4,2.918757397753884E-4,1.927162586504275E-4,2.709560003852614E-4,1.296261366906095E-4,4.5672793268575966E-4,1.0599821456847072E-4,1.8638022656098242E-4,6.355864487943237E-5,8.909222278665342E-5,1.5982156456258325E-4,2.7733449520735864E-5,7.64274951156059E-4,1.3291610848253845E-4,1.0556593176785185E-4,3.1521826064285184E-4,1.568374659555279E-4,2.2724090426460756E-4,5.116982449547879E-4,3.4507584893761674E-4,2.0114259428417557E-4,3.830854924249635E-5
0.43364578517606944,8.682323456669946E-5,1.3082914409527375E-4,2.1750947137742018E-4,0.0017706390391645274,6.433701449800611E-4,6.584330324337824E-5,6.564114747445709E-4,2.602521834982878E-4,2.7428613371446734E-4,1.9811020343192578E-4,4.965579714854772E-5,2.245926234392486E-4,1.3875784775289673E-4,2.446888930409767E-4,3.7692308258726595E-4,4.0607630247110264E-5,2.502987606985015E-4,5.420957013170127E-4,9.840545084961307E-5,4.6754949251938285E-4,5.298715188832995E-4,2.2879722933879428E-4,4.244651463380944E-7,5.099717728990594E-4,3.009723257208223E-4,1.680262748825456E-5,0.0018877696624047214,6.451423596583173E-5,1.937616296390326E-4
0.05215837108985576,2.049158960499037E-4,3.262558544454512E-5,5.747020250458515E-4,0.0011077476957607989,6.722966785648167E-4,2.9396491836839215E-5,4.333768761251157E-4,3.104052966744851E-4,1.1601309890101809E-4,6.738721404657377E-4,7.464113502160424E-5,2.2417127656570372E-4,7.937030479200624E-4,3.6208629248258076E-4,4.692009787489148E-5,5.181672825640884E-4,2.3614915855477798E-4,7.236419955511182E-4,1.782221825385349E-4,3.382152906246719E-4,7.631130626848434E-4,5.298700315471571E-4,3.172531327265266E-4,2.5389147215228365E-4,7.153373529338916E-5,1.0271651424317236E-4,9.165391316901723E-5,1.511963012423882E-5,2.8470380708372735E-4
0.8289910571026541,2.5953421006143554E-4,3.461262957154679E-4,2.845989909276935E-5,7.070401079671603E-5,6.719577140807475E-4,5.458203219339088E-4,3.63636643096672E-4,5.147554108990645E-4,2.87858539121177E-4,6.110206175753379E-5,8.854171790615516E-4,1.1321808085031311E-4,2.3010151859290888E-4,4.047796519636544E-4,3.314860281037922E-4,4.0952675303245286E-4,2.4069312984934446E-4,3.589210917962694E-4,1.695347559994611E-5,6.490492366581195E-4,3.066228130857992E-4,2.044441689960284E-4,3.462601820688683E-4,1.6554039752119802E-4,8.504685096047225E-5,7.222061351911023E-4,3.48980364467066E-4,1.2125188647953744E-4,1.0470709356575567E-4
0.031096540591280142,6.159756248059262E-4,2.6302713339712347E-4,1.2818227306881025E-4,0.0014954364431523626,6.735468262964311E-4,4.5703194960059314E-4,3.2248634628375403E-4,6.741617036577726E-4,2.6976764292296295E-5,7.55136901121939E-4,2.1228144057267804E-4,5.4626395570427165E-5,3.1775299054663124E-4,1.1009817571538922E-4,2.3764854823367273E-4,2.2502936245886253E-4,2.696824191338907E-4,2.485101284953057E-4,8.376585306585779E-5,1.8619291338888775E-4,1.4728205032597488E-4,3.218130671148877E-4,3.9903460086732344E-5,1.2772882659230976E-4,0.0011421908342708225,3.9256863320534665E-4,1.881014438963857E-6,6.951971845785882E-5,1.5380648188494466E-4
0.18996990631507318,8.681445395069922E-4,3.232917686123606E-5,3.7713312141897317E-4,4.675878513091705E-4,2.9182013629531486E-4,4.984046730260758E-4,6.984127102441438E-4,5.894895599524537E-4,2.318269835183086E-5,7.712578959578951E-6,7.786794190723002E-6,2.626963721415334E-4,2.3402924549646286E-4,1.4368048978563678E-4,3.0219785035788896E-4,1.7661158174433266E-4,4.2219671918377526E-4,0.0013354626547897098,6.732331559727091E-5,0.0013245774413629388,3.264444077010944E-4,4.255830390232792E-4,3.9787138388174947E-4,5.191278605849129E-4,2.0362551138898563E-4,4.112893738957246E-5,2.828951785739218E-4,1.1276023833523384E-4,2.049134055970346E-4
0.6193398513684489,1.2177350628527248E-4,3.668108076951426E-4,8.157571928520975E-5,4.2335992825812124E-4,7.041073124261607E-4,1.6722715331119863E-4,5.698401249449462E-4,3.2924648565638257E-4,1.1420265571248786E-4,1.4787454322797604E-4,2.9362091119306458E-5,2.455717255228081E-4,4.498647093099629E-4,3.521284799848631E-4,7.792513565224612E-5,2.2279470776153808E-4,3.253387428752539E-4,6.632539890865752E-4,2.343873550367875E-5,3.6483854396664563E-4,3.213779571568701E-4,4.5754752502410556E-4,8.896423034246091E-4,2.2069290346436946E-4,7.5988766681951E-5,5.114657606856976E-4,2.856468704955129E-4,2.4755467665374257E-5,3.8109897550606535E-5
0.21919892054511458,2.1432284633669902E-4,3.5478021522992965E-4,5.4494518054583E-4,2.36713486121875E-4,7.608727094243646E-4,2.161198655736623E-4,5.506747803360441E-4,2.3853693761685603E-4,4.281659673320601E-5,8.055947237191958E-4,7.76739968825516E-5,6.660829434008636E-5,0.0011425281025504667,3.555937474144827E-4,7.822404439386396E-4,4.879656543352033E-4,3.609661455356086E-4,7.366807132385754E-4,4.991279756185849E-5,2.2980951636309964E-4,1.5480961184206627E-4,2.0506313540099045E-4,3.2477044892381484E-4,1.47040320003344E-4,1.0033929530784536E-4,7.241034200041976E-5,2.207829815108468E-5,1.3161576046352035E-5,1.612438868651311E-4
0.41093439400683535,4.322228189633054E-5,6.751878679922129E-4,6.323161987206087E-4,5.411709337017962E-4,3.9166335692604297E-4,0.001170238197872062,5.272289481737149E-4,2.2752503347898465E-4,7.569004258087138E-5,5.189132344966343E-4,1.751465062064806E-4,1.7786914082866323E-4,2.3031503206945878E-4,1.3356221892910124E-4,4.2998074581591836E-5,2.3098473722151775E-5,5.336849184875735E-4,6.994513860221712E-4,2.035249381307934E-4,0.0018649395190012655,5.403827532947527E-5,5.886069667926627E-4,1.327979634953235E-4,3.176637834574489E-4,2.4067179217942652E-4,1.4606312240103894E-4,1.2646313449323897E-4,1.0348843600634344E-4,3.09956260384857E-4
0.22588479698892844,7.385994673029401E-4,3.4753688858893633E-4,3.065168560094514E-5,1.0715543594937171E-4,7.683395324244756E-4,1.6735675121603856E-5,3.4192740227774617E-4,5.119390162669174E-4,2.707696897000007E-4,6.249219706504144E-4,0.0010816676472374617,1.8702339377642884E-4,4.4911027412839285E-4,8.805667539382512E-5,9.295946864629358E-5,0.0010540149577890287,6.308415298362632E-4,5.762401720468262E-4,2.994284065103553E-5,1.2492230453937925E-4,0.001032398482570519,5.239577376996242E-4,2.468355172642161E-4,1.3725654349519765E-4,1.3357604721084596E-5,3.876136010344222E-4,2.576417330366076E-4,3.549875934356111E-5,6.79070672316084E-5
3.6982788206364574E-4,0.013184941841444383,2.245960517634215E-4,2.6907736213986948E-5,4.93370317994946E-4,5.881305620756609E-4,2.0501075519962838E-4,5.142579253783542E-4,1.912947528074074E-4,5.543504454474786E-5,1.2828425806138473E-4,0.008016230349531125,1.0253908158536299E-4,4.6333586216271947E-4,8.525540947694847E-5,3.14775725389127E-4,5.982101148720342E-5,2.4569031350189525E-4,5.957675858164367E-4,1.0670773326951648E-4,6.674491467710872E-6,7.039357215637117E-4,3.3755126787416985E-4,5.635184719897382E-6,3.0099070051519924E-4,2.953858546283184E-4,3.108298220112383E-4,2.8416770510206516E-4,9.660404855522532E-5,1.1559963132410012E-4
0.21418781441250678,5.574606866962654E-4,8.058175024050212E-4,1.1682787361033648E-4,0.0014988924057917751,7.467900719986992E-4,4.458210362807875E-4,2.217423274680913E-4,6.493040774745636E-4,4.8554682755405655E-5,3.3272592854794976E-6,3.5582219653166464E-6,1.2432903607486674E-4,0.0014677278029136855,6.627400285039492E-6,2.663707810522394E-4,4.975903046359653E-4,9.317406298133045E-5,2.2861162462140493E-4,3.227768829838289E-5,3.9833599114265014E-4,3.1601853923066896E-4,4.645552898527953E-4,1.004471784932481E-5,1.153678222702787E-4,1.731654890153758E-4,8.462980740622684E-4,1.2854223494973495E-4,1.1454189844181462E-4,4.164985953049266E-4
0.03967548421002662,2.64651371312784E-4,1.972580903479969E-4,7.586838178982484E-6,6.383974215536309E-4,6.895557515723878E-4,2.7663468998983826E-4,7.424573244755348E-4,2.8438803014303146E-4,5.595720448539802E-5,1.333669638563921E-4,4.2442782708788284E-4,2.2274132200396216E-4,5.48103458716142E-5,1.402500957611847E-4,3.3460691758392707E-4,2.43228645110781E-4,2.55780263457954E-4,8.825079040349945E-4,9.238563383155974E-5,3.722437339447947E-4,6.429372625618614E-4,5.11021118851157E-4,6.018901350886382E-6,0.001115011454918853,1.7619690460588777E-4,3.9800278997735057E-4,6.099565096070283E-4,8.329774956591075E-5,3.6389550946572805E-4
0.048374767960889964,6.597276734306333E-4,1.498490035948842E-4,1.3224542737847058E-4,4.8227569680855346E-4,3.255288948626553E-4,4.418224218106981E-5,1.1071516237628798E-4,6.597957821226757E-4,3.0881715861621133E-4,5.524540582285296E-4,5.570273866198946E-4,2.071281663473491E-4,5.684627952623222E-4,3.499342964285399E-4,2.6913368640462136E-4,2.4219109944147944E-4,3.643621101584231E-4,6.664376884416387E-4,6.485957792245754E-5,5.459139236285977E-4,5.802106365347448E-4,3.438002763776827E-4,1.0730652603062823E-4,2.4898336622878345E-4,2.526783774556398E-4,4.0047632508173966E-4,1.647641409165243E-5,7.301741238033791E-5,4.4217725931560597E-4
0.24975190571527883,9.413823827880302E-4,2.5663085345375134E-4,1.1976666041676616E-4,0.0013155470385398957,7.038629554495931E-4,1.5517153462662065E-4,3.1390269405988705E-4,3.3158082778861645E-4,3.063161669551752E-4,5.051247229420615E-4,3.093572377534313E-5,2.0231400177470876E-4,1.4460489875373767E-4,3.525909733027258E-5,2.918480361815482E-4,1.8159320997620477E-4,4.1912367572928446E-4,9.219843966873654E-4,6.113915115700465E-5,5.70038272511471E-4,6.371829541675525E-4,3.1980206223419664E-4,0.0011566883339287736,4.5487831032005235E-4,2.0839113925525313E-4,0.0010413551442948845,2.615915707000052E-4,2.4960397071264735E-5,1.432617818035063E-4
0.19469465694459287,1.5997372082992434E-4,1.9484267893893226E-4,1.2966826674568898E-4,5.501883095442848E-4,4.02801633923491E-4,1.2844724135197742E-5,1.221062709645417E-4,0.09595989914340963,3.1360693240335344E-4,3.0213150909715785E-5,4.999924251473045E-4,7.832278243366709E-5,5.602292382138438E-4,1.0517280770353894E-4,5.152023195617737E-4,2.384701378859912E-4,1.0473473185154274E-5,4.64055483909368E-4,5.175335146009858E-5,0.0016914797971444586,2.4108495278454172E-4,4.6145651459013695E-4,3.306885979376755E-4,1.232418149740378E-4,2.1097736229208728E-4,3.273194288808094E-4,9.52335362133526E-5,1.1089110817788511E-4,1.1970378315512642E-4
0.22312937822162116,1.458234080348519E-4,3.550968500536056E-4,1.9467896522201743E-4,0.0017618822961772433,8.440128339495827E-4,0.06027040188410978,4.1963314385548014E-4,2.875161530955911E-4,1.1907294277407586E-4,2.1565678826724423E-4,1.8297633192279709E-4,1.877214309125029E-4,0.0011499393491826394,3.830651427787867E-4,1.8182024612303003E-5,9.903360862720853E-5,4.7635937026573616E-5,7.143766405739696E-4,6.313627586841547E-5,3.6126301535777626E-4,9.524935973191297E-4,2.0591221086037993E-4,1.9548344788329767E-8,1.4239009552692822E-5,2.625719716261697E-4,5.967646356531687E-5,8.732890380450304E-5,9.643618510926695E-5,4.949378896576272E-4
0.43269547173743766,6.430992236247741E-4,2.3802902018965825E-4,1.5413231268884847E-4,0.0016522697722127018,7.082625064394814E-4,1.1654896037682861E-5,9.688766954415257E-5,3.411299072298578E-4,2.8065055141988834E-4,3.398486467258281E-5,3.1846281103087205E-5,2.4611955200288214E-4,4.385024306872955E-4,9.561541017897172E-5,9.784273404281282E-5,2.243448626200637E-4,3.887525543014699E-5,7.240918869658273E-4,2.46436301282615E-5,7.10223336972552E-4,1.7002985428912754E-4,5.004211512261863E-4,9.688783287850596E-6,0.005703538221292562,7.620113860112755E-5,0.001176700544415678,7.552704480434191E-5,8.631213224299355E-4,3.631370857896482E-6
0.23534209887074795,6.635081488428914E-4,1.4129460193065252E-4,2.669176811624086E-4,4.495874856852027E-4,1.3238465348682144E-4,5.726937358728738E-5,5.440549635811172E-4,1.2543626578442394E-4,7.230231098640762E-5,6.692988503499642E-4,2.698511267833566E-4,8.726387333971823E-5,3.7905411998203874E-5,3.977038683091272E-4,4.0899316248883767E-4,2.2161170360349193E-4,7.389473539246736E-5,6.25373839127046E-4,1.3560308669750896E-4,6.783926610591591E-4,1.9410420128734314E-4,5.722509315663927E-4,8.314544194340397E-4,5.946564630970035E-4,2.892282838872726E-4,8.658554245826204E-5,2.579348905525369E-4,5.758970280521816E-4,2.476009422006556E-4
0.19895642652286555,4.6468686851916573E-4,1.6353212689427735E-4,3.5809613856547444E-5,3.611399719860711E-5,2.637963290285184E-4,9.75881600491799E-5,3.1553479499663365E-4,2.922661826156213E-4,7.058693521502617E-4,8.689442168846859E-5,9.321101332422101E-5,1.1900135775096577E-4,2.8960576878887774E-4,5.8853304804389E-4,6.553418178575256E-5,1.2665421076302338E-4,0.0013995896532587979,1.4101454551886507E-4,6.46013941992067E-5,2.4032997209824956E-4,3.0610882367181026E-4,2.3425984205527523E-4,1.1643898459926324E-4,7.124944069395739E-4,6.322046726131263E-4,4.0239855997307566E-4,5.9129568593771224E-5,8.961350450544694E-5,2.1777619560780142E-4
0.8482457719044865,4.923528079488699E-4,9.970270998233632E-5,4.354134306489074E-4,7.328753954795493E-5,7.584460174045476E-4,1.7785579707351682E-4,5.9116158770027786E-5,0.004522282775878426,2.7297737108411107E-4,2.0634977049318855E-4,0.001888301990803521,2.333739664276702E-4,0.0015301464640042925,3.434692009648905E-5,3.438657553076434E-4,4.2409585818530633E-4,0.0014448888017409298,2.6926445246321166E-4,0.046642547868793884,1.8246304486474886E-4,2.3060847727223314E-4,3.517892934504001E-4,6.045497167539195E-4,6.010458671703648E-5,4.991792215317422E-4,0.0011516312793690472,1.0895616435429438E-4,9.787990776604424E-6,2.4088411677585707E-4
0.2483399040662091,2.1072602423171494E-4,3.5476749786280575E-4,5.4494518054583E-4,6.227262116258983E-4,7.608727094243646E-4,9.963428333521307E-6,3.454920730439978E-4,5.786823558824364E-4,1.1978947120798808E-4,8.897241934055979E-4,1.8312803618683138E-4,1.8120907477049448E-4,4.116155874183613E-4,3.57265723470508E-4,2.0461932246266666E-5,2.615833072803084E-4,2.2239010901860652E-4,7.186917726296003E-4,1.5421866980820977E-5,2.604087469742204E-5,2.1653479299929814E-4,3.510274986896449E-4,1.2938689030449308E-6,1.1913658768120344E-4,1.0033929530784536E-4,6.609915600080734E-5,4.696251569413093E-5,1.983218507257316E-5,1.612438868651311E-4
0.027643814966280225,2.64651371312784E-4,1.972580903479969E-4,5.9905050487103386E-5,6.484889003794637E-4,3.65802327631533E-4,2.7663468998983826E-4,5.403729051155677E-4,1.7557911044572703E-4,6.678910147827583E-5,7.64312588464582E-5,4.2442782708788284E-4,2.081343437967893E-4,5.48103458716142E-5,1.404697450499742E-4,3.371316810049123E-4,2.43228645110781E-4,0.015138223708873244,0.036127903199997945,1.7541240278588928E-4,3.722437339447947E-4,6.483760000946634E-4,4.4064860318076697E-4,4.167772025940153E-6,1.1663311646913674E-4,1.7413162872718913E-4,3.9800278997735057E-4,6.103098373314679E-4,8.148485665164543E-5,4.157759709101704E-4
0.23751572455392975,6.955115106681805E-4,1.4129460193065252E-4,7.625325453099351E-5,3.932173234692015E-4,1.3238465348682144E-4,5.726937358728738E-5,5.480169717213604E-4,1.1984489357666305E-4,7.194485396577402E-5,6.749575988989089E-4,2.698511267833566E-4,8.726387333971823E-5,4.5664467226427796E-5,3.977038683091272E-4,3.421211449657025E-4,2.2270797981909358E-4,7.389473539246736E-5,6.153939658036971E-4,1.3560308669750896E-4,1.530796692303076E-4,1.9410420128734314E-4,5.722509315663927E-4,3.350607038561616E-5,0.0015275860282464306,2.892282838872726E-4,2.8774576329199006E-4,2.579348905525369E-4,2.0631475604676335E-5,2.486618807639478E-4
