1.0,0.0013481470242451261,0.0,0.019647844778647682,0.0,9.149722280640103E-4,0.0013295061389615665,0.0,0.0,0.002012363924450077,5.760829965800666E-4,0.0,8.263501125428085E-4,0.0,0.005333626311582862,9.725211269544759E-4,0.016084796105880875,0.0,0.0,1.7042741184843726E-4,0.0,8.379073551866203E-4,0.0,0.001645783927141565,4.814830939839721E-4,0.0013623551099764828,2.457161057419295E-5,0.029434000317529706,0.0013689705662051858,0.0
0.9820642771405215,7.29563423371891E-4,1.9929520714378465E-4,0.014592334927807878,6.574377758332083E-4,8.915559061414551E-4,7.334226116559177E-4,3.8391094804857967E-5,0.005335168986533352,0.004631743935117947,3.431936592896013E-4,0.0017856554894731666,0.0023311089888307076,9.231823846143607E-4,0.002818348831630846,9.971529639446518E-4,0.01601855666532576,1.0208770034000624E-4,3.443524452797313E-4,1.0187124711213878E-4,2.292628341327488E-5,4.1895367759331014E-4,0.0010492302164165739,0.0013806012109927334,0.0018049858386037848,9.465099772688213E-4,3.303553493149426E-5,0.021373248504393906,9.69576000882083E-4,0.0025104821190914113
0.9641285542810428,1.1097982249865575E-4,3.985904142875693E-4,0.009536825076968073,0.0013148755516664166,8.681395842188999E-4,1.3733908435026895E-4,7.678218960971593E-5,0.010670337973066704,0.007251123945785817,1.1030432199913602E-4,0.003571310978946333,0.0038358678651186067,0.0018463647692287214,3.030713516788291E-4,0.0010217848009348278,0.015952317224770644,2.041754006800125E-4,6.887048905594626E-4,3.3315082375840296E-5,1.1889892825368126E-4,0.0,0.0020984604328331477,0.001115418494843902,0.0031284885832235975,5.3066484456116E-4,4.149945928879557E-5,0.013312496691258103,5.701814355589803E-4,0.005020964238182823
0.9464142611543404,0.0030207118869793907,3.721406294077852E-4,0.010688024215968981,0.0020095986311104885,0.0016659419661953585,0.002169299392627068,0.0,0.00953716321256744,0.003104460507471496,2.625897905939082E-4,6.239909625140722E-4,0.001787030426000118,0.0,9.305590359168312E-4,3.465654328280575E-5,0.017714589631886254,0.0,0.0,1.4768043730780775E-5,0.0,0.0,0.0028391992687033206,0.009701935233629135,0.006438151626763332,0.0,0.0,0.004482228300843917,0.0,0.0038792744206770906
0.9270912877208918,7.741664829180258E-4,9.049689466280771E-5,0.002065215274790826,6.26817150399414E-4,7.192091080201222E-4,0.001420960690076778,0.0,0.006579609392186155,2.0287689708354986E-4,0.0,3.325182445190545E-4,0.002273086621396886,0.0,0.0028219368376792625,4.397821229777383E-4,0.014781530748232252,3.606160669157143E-4,1.1870811423013948E-4,9.016404658550581E-5,0.0,1.6618738935354337E-4,2.0457150681948858E-4,0.017496424212925635,0.001497234091767235,5.149080712604033E-5,0.0,0.019076578020797007,4.999038317020375E-5,3.02685568771163E-4
0.9082245033420285,5.287763680323486E-4,4.119511396950248E-4,0.006902002309619991,7.869112940365827E-4,0.0020571062423768095,0.001997648396479348,0.0,0.010947736332349113,0.002974671095981822,6.339263425803125E-5,0.002552863976157872,0.0024960581186292494,1.4250008776014013E-4,0.0014912118394016516,3.871495698531596E-4,0.021007600988573186,3.3621506262548575E-5,3.2952393024389024E-4,3.058778174674661E-5,6.409491962808007E-5,0.0,7.52482112144195E-4,0.016916400135035037,0.006707235645389443,0.0,0.0,0.004177877783908242,0.0,6.571786803359419E-4
0.8914466150292228,0.005455106828734265,1.008090583554439E-4,0.006546825970950423,0.0068356106561529685,7.43675925024463E-4,0.007050364253550218,0.004084388875855406,0.003052455659726434,0.009518350651196161,0.0,0.008795017230997215,0.0,6.352573805817221E-4,0.0011354807150055055,1.8994358035366485E-4,0.007537888815560099,0.002520656189090017,0.0013664384837635043,1.581911001775084E-4,0.0,0.001066935844756721,0.0019692839969179983,5.755521203238993E-4,2.1109115337041842E-4,0.0,5.684218942249011E-6,0.00925631961220358,0.0022926396448837436,0.005295268137685169
0.8789909570482266,0.0010575527360646973,8.239022793900496E-4,0.007647649579352303,0.0015738225880731654,0.001162600917201166,0.003962358220070124,0.0,0.01045191189246953,0.006752226984017591,0.0,0.005105727952315744,0.0041328400293524185,2.8500017552028026E-4,0.0,2.889845119139207E-4,0.020984127854730677,1.1479251391594811E-4,6.590478604877805E-4,0.0,4.6357134470427985E-4,2.800843547685848E-4,0.0015232508334010514,0.009886058058892054,0.006293118928639924,0.0,4.200364201354073E-9,8.07145624726998E-4,5.645187912368756E-4,0.0013143573606718838
0.8578553367313002,0.0,0.0,0.013501700035822604,0.0,0.0023258806552726467,6.881846715616768E-4,0.0,0.00746386334616144,1.0164858508554536E-4,5.383791268430433E-4,0.0,4.296381039530404E-4,0.0,0.0014912118394016516,3.940062154511837E-4,0.018751977719580478,1.267464553521786E-4,0.0,7.319463470885593E-5,0.0,0.0,0.0,0.012139860099681845,0.006987749529143894,0.0,0.0,0.003774304971544743,0.0,0.0
0.8398165374937531,0.0023772947232741414,0.0,0.009804160720687556,0.0018010425747525343,0.0014684840561373668,0.0,0.0,0.011115356260729197,3.5215775792499866E-4,0.0,0.0,0.00345835866996496,1.0008925967222864E-5,0.001184291164957736,7.256992426111989E-4,0.010718464299697165,2.3337854911278304E-4,2.6123736361551193E-4,8.738961417103193E-5,4.01222501207406E-4,0.0,0.0011547156045773953,0.008557220329494672,0.0,6.118167099318129E-4,4.949188328799386E-5,0.011979583630026207,1.275331757506022E-4,0.0032361160120900393
0.8273680236525023,0.006113518549805505,3.2220204754599747E-4,0.0027460387307110474,0.008211592586116836,9.433896955779577E-6,0.0076426438153967624,0.004084388875855406,0.0031974001465119523,0.011873001516627912,0.0,0.008795017230997215,5.226653573467714E-4,6.302529175981108E-4,0.002611263169725252,7.368526490805603E-5,0.0046336796116518125,0.002624120445977163,0.0016617585290024238,1.6558894550716569E-4,8.97191173295214E-5,0.0013063209010375958,0.0025285324408918,0.0018308354357238774,2.1109115337041842E-4,0.0,5.965571444292648E-6,0.011962096918011788,0.002301682405069058,0.005452564536852196
0.8124197395408352,5.426403691737059E-4,3.7587137889552754E-5,0.02313042187639295,0.0,9.519594045372662E-4,0.0012441843212869386,7.472393595349399E-4,4.044579142636895E-5,6.564795249641288E-4,0.001600145454825508,0.0016539439831642255,0.0,1.0738525395932417E-4,0.0016124862825833797,0.0,0.017191058252103396,1.726112956329468E-4,8.611776913939084E-4,2.4854828162464227E-5,0.0,3.0064954736264946E-4,8.849675211184116E-4,0.0,0.009448700848963053,6.815960297366284E-4,1.0074989741184372E-4,0.006371090648015238,7.196843418559256E-4,4.60025586714217E-4
0.7968366081790654,0.0017148878067770493,2.318262692621811E-4,0.014007412544000394,0.0015163351748313121,0.0011235008155328244,6.717153851173907E-4,5.87498490672295E-4,0.002524541517717381,0.0015364638971710055,9.300171174335548E-4,0.010467378401757935,4.4130279698577986E-4,1.0738525395932417E-4,2.56329883528032E-4,1.9954214409543202E-4,0.012610608701283983,2.3158120604755832E-4,8.752348168513727E-4,4.2606852962109314E-5,1.6811667663423443E-4,3.3095705963642915E-4,0.00201243046282458,0.0037991223350954764,0.005712468750107159,6.423115191759815E-4,5.1447894752978046E-5,0.012381671327476525,4.502510483652447E-4,0.0017300033692786256
0.77825262382677,0.0,0.0,0.020032106974216014,0.0,0.0017001497429928406,0.0013434307702347814,3.1948173772528986E-4,0.0034841659200941827,0.0010061819622250385,9.499729851700241E-4,0.0,0.0,0.0,0.0,3.02697803109969E-4,0.01647288131674526,3.0104241209520817E-4,0.0,8.521370592421863E-5,3.353815054481197E-4,2.9918789068743545E-4,1.8286609112661304E-5,3.3297798818567384E-4,0.006854146696148826,5.508346095962999E-4,1.0289578950595609E-4,0.0,6.844852831025929E-4,0.0
0.7605391206453107,6.748116451049676E-4,2.715385781792523E-5,0.020240355939604965,6.652544824177854E-4,6.785334605008621E-4,0.0018364638831334834,3.1948173772528986E-4,0.0016097560873642798,0.0021538363532998925,0.0011451148299769652,7.643401432568954E-4,0.0,0.0,0.0011399178947198905,1.6300234911895655E-4,0.015271913155132339,3.117048270765301E-4,4.1188160158921113E-4,7.594748057763748E-5,1.8027555728476448E-4,3.586714893508129E-4,1.8286609112661304E-5,0.0,0.007163305446930309,6.967701662420595E-4,1.2577719155788429E-4,0.002684988441360024,6.844852831025929E-4,5.053766226476379E-4
0.7518159963731826,8.320258308083962E-4,1.1591313463109055E-4,0.009885169162066375,5.75912481681996E-4,0.001389885314292538,0.0,4.415375549547852E-4,0.006354076749571797,7.682319485855028E-4,3.266314035854301E-4,0.00485151912925052,0.0016414667973525822,1.2884719478738226E-4,0.0015269013088127226,6.115314982291164E-4,0.011577626337050041,2.1461950418819926E-4,3.362536447418067E-4,6.303237440459088E-5,4.7905993124002823E-4,3.315935097912556E-4,0.00100621523141229,0.011068524551658236,0.00204628932596142,5.655924224274409E-4,1.0287034350925775E-5,0.015054643339479165,2.2512552418262234E-4,8.650016846393128E-4
0.735339941736394,1.1080491921774134E-4,0.0,0.01676698691089431,0.0,0.0014765843606617572,0.0012888586001299426,6.662219228564621E-4,0.002339497964923646,8.301030832625391E-4,0.0011785835455989915,0.0,0.0011503673852108916,0.0,0.0,0.0,0.01960750309183422,5.678802838533212E-4,6.1573420729688164E-6,3.813681951823824E-5,0.0,8.712321007892213E-5,0.002414314437505819,0.0,0.0148454124106345,2.0426487654622526E-4,0.0,0.0,4.573843374705501E-5,0.0
0.7199025639666332,0.0,1.8330295971951722E-4,0.018339409620828414,0.0,0.0015782752127242805,0.0020208728517234734,3.1948173772528986E-4,0.00167530745518939,0.0010261229756406368,9.617019435883431E-4,0.0,0.0,4.7125745431783025E-5,0.005655418038784773,1.4380118467747217E-4,0.015754249435278894,2.9914565145476476E-4,7.853539241369601E-5,8.521370592421863E-5,4.198027589075767E-4,5.697342338320049E-4,0.0,0.003496169658089108,0.007123433735430007,3.88118404169456E-4,1.3202023112652891E-5,0.00203725616811053,6.207186952272918E-4,0.0
0.7116593547403118,0.003694118165416622,4.4278597838110715E-4,0.0022025862402088037,0.004553006434680269,0.0,0.0011845591236930894,0.0,0.011405245234300233,0.0050614594887885,0.0,0.0,0.004933134429200109,0.0,0.004135856074397229,4.931826117199813E-4,0.004910045891880592,4.40307062887075E-4,8.518774540933509E-4,1.0218530483034651E-4,6.539514062859658E-4,4.787701125617497E-4,0.0022732124925249984,0.011067786960294628,0.0,7.641367017665253E-4,5.005458829208113E-5,0.017391138241642623,1.45618696121231E-4,0.003550708810424093
0.696769640340525,0.0,0.0,0.008310455527851476,0.0,0.0014425141142719923,1.6469286444286118E-5,1.5356437921943187E-4,0.0074976393309196115,0.0,4.691583367327605E-5,0.0,0.0018240815001317034,9.679502738063985E-5,0.0039373906288173045,7.256992426111989E-4,0.010989312202498188,2.2958502783189622E-4,0.0,8.738961417103193E-5,6.321883065730315E-4,4.665105312813183E-4,0.0,0.015681833664504076,0.0,5.727685981562502E-4,0.0,0.017724936369785043,0.0,0.0
0.6867438961137502,5.083614516025693E-5,0.0,0.010857985275570595,3.645102114673203E-4,0.001228758415491733,8.453600919016834E-4,1.1552139201588421E-5,0.00481166668041301,0.0,3.705859776092468E-4,7.643401432568954E-4,8.06532202544022E-4,4.328091914583936E-5,0.005077308523537195,4.278776328595972E-4,0.011433980432180278,2.6151225333495223E-4,2.0272752736775926E-4,8.850311353412644E-5,4.74373427300241E-4,6.007911026165546E-4,0.0,0.013025740560787154,0.0016198900981843193,6.566638706336002E-4,3.0873826051126496E-5,0.017722257388088282,0.0,0.0
0.6731437849153492,0.0,1.687638751569572E-4,0.01183740577225623,0.0,0.0014279597251597909,6.174027512904327E-4,0.0,0.0031691181878873553,3.067256163988409E-4,7.967689290459926E-4,0.0,0.0018231982532108618,1.1640973177444264E-4,3.15528777061953E-4,0.0,0.013676531079752575,2.7534006478723114E-4,3.0361423979501914E-6,2.512695987171221E-5,8.376101654391705E-4,2.7013901555135133E-5,0.0,0.008256403395751288,0.007777476733603566,0.0,6.152821961151907E-5,0.0,3.1357147798436895E-4,0.0
0.6613426339776066,0.0013496232902099354,5.430771563585046E-5,0.008726953458629377,0.0013305089648355708,7.212570571359961E-4,0.0010025355122416902,1.1552139201588421E-5,0.0037488196654598058,6.93156910383302E-5,4.3719952328715806E-4,0.0015286802865137907,9.120407500658517E-4,4.839751369031993E-5,0.006217226418257085,4.4630833462917406E-4,0.008587375879272345,2.509098577945401E-4,8.237632031784224E-4,6.885716347786962E-5,3.21976410246321E-4,5.854777286080731E-4,0.0,0.010369647457070232,6.183175015629643E-4,8.646397114477693E-4,4.57628041038564E-5,0.02309491325250509,0.0,0.0010107532452952755
0.6511983886565236,0.0022801424554632407,1.6059779235515144E-4,0.008660641456435319,8.567618467545095E-4,5.872974007211112E-4,0.0,5.496811068289556E-4,0.0023243532618422366,0.0,5.948401928793991E-4,0.0,0.0016615319065055993,2.711074884051715E-4,0.0019686953144086522,2.587638299300892E-4,0.011091909941394714,2.3660465931471558E-4,9.996254275660228E-4,0.0,6.147273950154232E-4,0.0,0.005633915021577226,0.0031344539513883628,0.006333415412667169,2.545895844951303E-4,0.0,0.019613137877119657,6.260320226309397E-4,0.003088369650767503
0.6360321213528594,7.166232568265028E-4,3.119196137667152E-4,0.007151593969155015,7.41036149860522E-4,3.113534453351902E-4,8.269166718083377E-4,0.0,0.004535226177043815,0.0020036651444971547,1.2067744638397316E-4,7.057941561994562E-4,0.002350139838756063,0.0,0.002286455403056177,1.8145407799886418E-4,0.010029333870367342,4.837232969650281E-4,2.7610662059208746E-4,6.895949370816982E-5,6.683685863101735E-4,2.2713030472745622E-4,4.414524373233929E-4,0.016230030677383715,0.005379306367795421,2.3568519744923073E-4,3.842699543095768E-5,0.00667463234190551,4.999038317020375E-5,8.89196989362857E-4
0.6187752426167612,0.0,2.1453123266414293E-4,0.010173271437717483,0.0,0.001163025798506418,6.717153851173907E-4,0.0,0.0030168332120520938,8.85954999127491E-4,6.608629815322081E-4,2.358549691231088E-4,0.002233780388070059,1.1716592933691125E-4,6.757340464748093E-4,0.0,0.012960931164121092,3.77811622696763E-4,2.990916458604727E-4,2.0759449419351332E-5,6.438092648602069E-4,2.5389262402959506E-7,2.62693018295327E-4,0.009904329373881726,0.006971736863335903,1.1536040864544717E-4,4.907915931528106E-5,0.0,3.635618611545727E-4,0.0
0.6114911573495139,0.0014466606755155378,3.3154083966533017E-4,0.004185630582580289,0.001026827159177649,0.0,0.0013170280972789126,0.0,0.0036262033666436405,0.0022787804657771055,0.0,0.0011171424636398299,0.002933108837705728,3.024790249874453E-6,0.0026063836604509963,1.6994966899107718E-4,0.008370326322475443,6.004650403352619E-4,6.320087726659151E-4,4.014964853563204E-5,5.356198515573268E-4,1.1574019124349676E-4,0.0013266607854506712,0.0165950762052635,0.005287890036857763,3.9021852952780844E-4,9.019249892321116E-6,0.008171960403565048,9.99807663404075E-5,0.001778393978725714
0.6008856482921403,5.221068170699621E-5,2.400061246509587E-4,0.007513899251657784,2.2762257027169746E-4,5.298678533067457E-4,0.0012084028296249967,0.0,0.0039307733183141635,0.0011203217003198053,2.7181189502756904E-4,2.12372557415818E-4,0.0021119445679873335,1.5123951249372265E-6,0.0018859731216252836,9.647924350332559E-5,0.009801526153738409,3.9552192451619816E-4,3.989776574087002E-5,4.88846694403538E-5,9.232216527152542E-4,1.6926020910570784E-4,2.1959212926286008E-4,0.013299224249002626,0.00689936977739309,4.057593268532651E-5,3.3917370484797125E-5,0.003109125938712265,0.0,0.0
0.5889219489196754,7.233303377577689E-4,2.818617081825681E-4,0.004924391979229897,4.979526383174632E-4,3.9072466717343733E-4,0.0013602669912407593,0.0,0.0037550437754603192,0.0019982783762627987,1.6062652870149665E-4,7.709437892357329E-4,0.0028135544347752694,1.5123951249372265E-6,0.0019049981960885679,1.0225605842671994E-4,0.008877907898602893,5.534321424102148E-4,3.1600438633295753E-4,4.1922227810574003E-5,7.764063901171331E-4,1.318691648331498E-4,6.633303927253356E-4,0.015398649022530039,0.006459148633231524,1.9510926476390422E-4,1.9194911035311914E-5,0.004085980201782524,4.999038317020375E-5,8.89196989362857E-4
0.5780567012546387,0.0013422393121015454,2.941020657406762E-4,0.0019350561228233128,5.406601360915315E-4,0.0,0.0017072342084341317,0.0,0.0018257443282281812,0.003641182879554069,0.0,0.001788432672345352,0.003510635195902304,0.0,0.001241662880652708,9.51159060797453E-5,0.01044707806665543,9.753966700459116E-4,5.52213241184175E-4,2.9769923825956373E-5,3.3990683983419525E-4,2.5537077138124958E-5,0.0011712661031615715,0.018401071386851403,0.005788757619194723,5.539126200817415E-4,6.656336242254158E-7,0.001953708526140518,3.3807249994915854E-4,0.001778393978725714
0.566352740489837,0.0,2.32182576699806E-4,0.005663153375879505,0.0,7.814493343468747E-4,0.0014035058852026063,0.0,0.003883884184276998,0.0017177762867484916,3.212530574029933E-4,4.24745114831636E-4,0.002694000031844811,0.0,0.0012036127317261395,3.4562447862362714E-5,0.009385489474730342,5.063992444851676E-4,0.0,4.3694807085515965E-5,0.0010171929286769395,1.4799813842280283E-4,0.0,0.014202221839796577,0.007630407229605285,0.0,2.937057217830271E-5,0.0,0.0,0.0
0.5521770552601423,0.0,1.8771386143381712E-4,0.006429103396566973,0.0,7.66401265044155E-4,0.0013032632919623773,0.0,0.0038501180545727,0.0013056611378209513,3.502396738740345E-4,7.007289077521747E-4,0.002248510211400071,0.0,0.0018054190975892092,7.634358597884101E-5,0.009185961075865843,4.4252689781251075E-4,0.0,4.998539618360438E-5,8.433887990692847E-4,1.9815772126442337E-4,0.0,0.01324407824411499,0.005877384797594705,1.2242297796229306E-4,3.346863015969113E-5,0.0,0.0,0.0
0.5411982112280758,1.1783552527652459E-4,1.8771386143381712E-4,0.0049102411475858265,0.0,4.3702881594311104E-4,0.0,0.0,0.0024172976491843366,5.120935774224064E-4,3.0226889728719177E-4,1.3029926607255348E-4,0.0024567182961682693,3.868299030639401E-5,0.0018054190975892092,0.0,0.007914710889217576,4.2406229543760196E-4,1.5959106296348018E-4,0.0,0.0010453259843674883,0.0,8.829401693296056E-4,0.010733463348501325,0.0083280168560531,0.0,0.0,0.0010409475971785583,0.0,0.0
0.5323451765060391,2.0884272682798462E-4,1.8771386143381712E-4,0.007631962676299435,0.0,9.10683974233585E-4,0.0,0.001134509091607097,0.002080811209336443,5.120935774224064E-4,6.149755393530561E-4,0.0,0.0019320794798996478,3.868299030639401E-5,0.0018054190975892092,1.7403309176522636E-5,0.007862652346138494,2.9717456021909305E-4,1.5959106296348018E-4,0.0,0.0010938536075996883,4.9245011406991136E-5,8.783685170514402E-4,0.009908849647115813,0.009176627876993755,0.0,0.0,0.0012446435616496254,0.0,0.0
0.5258902507572525,0.0,0.0,0.009350192837326278,1.392161512084273E-4,7.569838990869969E-4,0.006321093663056215,1.9927583055655523E-4,0.006491740817422952,0.0016008651607724849,1.2706541411650461E-4,0.0023675928967132913,0.0021238539028289563,0.0,3.5001183483661304E-4,2.8220500116831284E-4,0.010988098472656097,6.062624717788241E-4,0.0,7.633954707256883E-4,5.244293506109312E-4,5.738131825961025E-4,0.0,0.011715042277032751,0.002776686719404775,6.119938619465148E-4,6.876723794229137E-4,6.356885492436433E-4,6.296149875026973E-5,4.3146318227224936E-5
0.5131526367306829,0.0,0.0,0.008658750298386992,0.0,9.610256057718438E-4,0.006321093663056215,0.0,0.006491740817422952,0.00158713512079709,2.8211769925390865E-4,0.0023675928967132913,0.0025512052065472758,0.0,0.0,2.8220500116831284E-4,0.011446037055679021,5.778084589165009E-4,0.0,7.633954707256883E-4,5.611354863745343E-4,5.336812252230168E-4,4.57165227816538E-6,0.012180764793974405,0.0016368790997951712,6.048911432767653E-4,6.876723794229137E-4,0.0,6.296149875026973E-5,0.0
0.5029170278642578,3.132640902419769E-4,9.385693071690856E-5,0.009348215767075676,0.0,0.0010801374991921443,2.2622590025133272E-4,0.0017017636374106455,0.00251696916814344,2.560467887112032E-4,7.132824847825038E-4,3.942288582458823E-4,0.0019252116117230386,5.8024485459591016E-5,9.027095487946046E-4,9.086387837009937E-5,0.00833103597118141,3.4146179921548995E-4,2.3938659444522028E-4,0.0,0.001077959355517515,1.4255040845757172E-4,0.001319838601716243,0.007709578623545932,0.008705996567793514,1.3039732932173273E-4,5.676552368372668E-5,0.001866965342474438,0.0,0.0
0.49119494866655,2.3567105055304917E-4,0.0,0.0056210258004247,0.0,3.0228070756975586E-4,5.6856365447365605E-5,0.0,0.0036261000066462254,0.0,1.8617614608022325E-4,0.0012267336133540488,0.002967621376083672,7.736598061278802E-5,0.0,0.0,0.008903536682382487,5.408792541666833E-4,3.1918212592696037E-4,0.0,9.650098569709415E-4,0.0,0.0017704519909373766,0.007159535002747076,0.006538143216711964,0.0,8.758115874314866E-5,0.0020818951943571166,0.0,0.0
0.48645725688390845,0.0,0.0,0.00281115520059423,0.0,0.0017509162867138752,0.0,1.4342968828334925E-4,0.0058013550261251465,0.0,0.001238851472263905,0.0,0.005676180032692296,2.0813574837379525E-4,0.0,8.792512398364525E-5,0.01315317538643275,3.3830624612952347E-4,3.9277156588049414E-4,0.0,0.0014504537819553375,0.0,0.002596221874706288,0.0,0.012738197728312911,0.0,6.18758864662338E-5,0.0,5.009422405038898E-5,0.0
0.473175535906027,0.0,0.0,0.010644073127866742,0.0,1.2643163306801715E-4,0.0,7.327287795786999E-4,8.806827958058493E-4,0.0,9.087290243567124E-4,8.922847121330339E-4,0.001982324341988673,4.893232932492078E-5,0.0,6.263462385242526E-5,0.008567450615258782,5.438506324933505E-4,0.0,0.0,8.388504203623E-4,1.3546600691838185E-5,0.0017671127379144415,0.006645293668248443,0.008796180469735262,1.3039732932173273E-4,5.676552368372668E-5,0.0015430613480683034,0.0,0.0
0.4637560834146715,3.9941549914644886E-4,0.0,0.00728462983489421,8.352969072505638E-4,0.0,0.0,0.0017360684203131856,0.0,8.238023985236985E-5,3.683073040688474E-4,0.0,7.279338283019861E-4,4.059269638498801E-6,0.0022593701022287998,0.0,0.0059002311163555915,4.947967368797474E-4,3.1918212592696037E-4,0.0,0.0014653923291443557,2.9868010543937626E-4,0.0027808040080640178,0.0016582679492391987,0.014288900787712912,1.4205437339499112E-5,0.0,0.004829145719734673,0.0,2.588779093633496E-4
0.45336045917509893,2.0884272682798462E-4,0.0,0.00606623748314377,5.568646048337092E-4,4.14258786335857E-4,0.0,8.421767216009431E-4,0.0,5.49201599015799E-5,5.97553479318171E-4,0.0,0.0016486652164720839,6.337746770589895E-6,0.0014000473393464522,0.0,0.008044278171226181,4.560953728849649E-4,1.5959106296348018E-4,0.0,0.0014185755767302463,3.621424984975988E-4,0.002073748531839202,0.003967427341248357,0.010861110105034774,2.8410874678998224E-5,1.8970036825024695E-6,0.003557768621247386,0.0,1.7258527290889975E-4
0.4463696308795655,3.052859075973412E-4,0.0,0.00779305169907038,0.0,7.525386992977617E-5,5.934261683994613E-4,0.0,0.004107946679673986,0.0,7.591334583839917E-4,1.6664665470925199E-4,0.0024739914512727857,0.0,0.0,3.90551998588256E-5,0.009065002003623817,4.20593625912242E-4,1.6276362492566982E-4,0.0,0.0013252825232891218,2.1810828572348012E-4,0.002043709579240583,0.003612403029050852,0.0054430056573378845,0.0,5.362980973811782E-6,3.739040489136344E-4,0.0,0.0
0.43828085536153233,5.820100888202774E-4,0.0,0.005901744757015637,5.568646048337092E-4,4.0808341336969384E-4,0.0,0.0013375167592000752,0.0,5.49201599015799E-5,6.784118743436555E-4,0.0,0.001582636435738625,6.337746770589895E-6,0.0015593464325555737,0.0,0.006816108282401443,4.3788871115510084E-4,4.021502193708901E-4,0.0,0.001538804600671562,2.184161906932049E-4,0.0030174933600949543,0.0025897129831225084,0.012009285548493705,0.0,0.0,0.003557768621247386,0.0,1.7258527290889975E-4
0.4278400001566958,7.307981803808148E-5,0.0,0.007034122668391465,0.0,8.808041278044474E-6,0.0,9.014679874944401E-5,0.0,0.0,6.453051067910787E-4,4.980558538871516E-4,0.002070164463871241,2.1789402069544167E-5,3.1859818641824305E-4,0.0,0.008331313900196025,5.59163602264141E-4,0.0,0.0,0.0011357380868183137,0.0,0.003080583845160184,0.005375718951926151,0.010077239163997737,0.0,0.0,0.0020818951943571166,0.0,0.0
0.4201149347594103,4.213889523769711E-4,0.0,4.502885850543887E-4,0.0,0.0013115298146547053,8.901392525991921E-4,0.0,0.006161920019510979,0.0,8.271217624281197E-4,2.0378693519649887E-4,0.0027833728843412887,0.0,1.5929909320912153E-4,5.85827997882384E-5,0.008735196781215752,3.4742105671498405E-4,2.4414543738850473E-4,0.0,0.0014712185183001554,3.271624285852202E-4,0.0015252724462807826,0.008682058817746651,0.0033531328509676882,0.0,8.044471460717672E-6,1.869520244568172E-4,0.0,0.0
0.40913609072734386,4.394944760374905E-4,0.0,0.0,0.0,9.821573655536613E-4,0.0,0.0,0.004729099614122616,0.0,7.791509858412769E-4,0.0,0.002991580969109487,3.868299030639401E-5,1.5929909320912153E-4,0.0,0.0074639465945674855,3.2895645434007526E-4,4.037365003519849E-4,0.0,0.001673155703598359,6.032181597371178E-5,0.002408212615610388,0.006171443922132987,0.005803764909426084,0.0,0.0,0.0012278996216353755,0.0,0.0
0.4024100030688206,5.740319061756417E-4,0.0,0.0033004673273866235,0.0,0.002236830531304531,9.690339905963119E-4,4.507339937472201E-5,0.0058134953786568785,0.0,0.0012177626198677871,1.6469123310430405E-4,0.0033580704313453617,1.0894701034772083E-5,0.0,7.81103997176512E-5,0.009876032503317884,3.4227932143567194E-4,3.2552724985133964E-4,0.0,0.0015654001197846585,2.0161466900525617E-4,0.0025471272359010744,0.005830317409014976,0.0063018796265963605,0.0,1.0725961947623563E-5,0.0010150144242728123,0.0,0.0
0.3938602386392551,5.37491997156601E-4,0.0,0.004814577171829291,0.0,0.0025478057593796345,0.0011868523367989227,0.0,0.008215893359347972,0.0,8.951100664722477E-4,2.4092721568374576E-4,0.0030927543174097912,0.0,3.1859818641824305E-4,7.81103997176512E-5,0.00840539155880769,2.7424848751772616E-4,3.2552724985133964E-4,0.0,0.0016171545133111891,4.3621657144696024E-4,0.0010068353133209822,0.01375171460644245,0.001263260044597492,0.0,1.0725961947623563E-5,0.0,0.0,0.0
0.38281780772381413,8.243669124075922E-4,2.165707470233591E-7,0.003844567938901362,5.01366075212421E-4,0.0010143438405707584,4.5608881257447315E-4,9.838542215556824E-4,0.0011917615353387392,2.9594114370191276E-4,2.847415950806842E-4,0.0,0.0020940239873115654,2.30801261020348E-5,0.001818327146644592,3.90551998588256E-5,0.008327146166098814,4.16374977753468E-4,4.4686994417053735E-4,0.0,0.0016558404363473688,2.0876260412447595E-4,0.004388250900872531,0.002971158167331467,0.010797482647118222,0.0,0.0,0.003566954815876877,0.0,1.7258527290889975E-4
0.3739986143961914,0.0010277720441921913,1.362525636218626E-5,3.2750660470562973E-4,5.291153400230651E-4,0.00198557508501172,8.274928577469627E-4,9.387808221809604E-4,0.004666725463057097,3.8427995296786647E-4,4.1440870153521496E-4,0.0,0.0031847856268074235,3.317870873164782E-5,0.0016590280534354706,3.90551998588256E-5,0.008594685075463633,3.260008419513934E-4,7.112138324483486E-4,0.0,0.0019145625679268092,2.50605987250066E-4,0.004063134516394561,0.0032269716469279313,0.009142287909424614,0.0,0.0,0.0025577470452390057,2.6601256770463414E-5,3.020884657765749E-4
0.3695926697821994,2.9819718336137853E-5,0.0,0.006476013088953102,6.092950233611046E-4,8.378180708580878E-6,0.0012699213092752077,5.846647400123079E-4,0.0031211218931112028,0.0,6.484211032970692E-5,0.003624519585672916,0.0027295393074848965,0.0,0.007052139697526076,3.257873455811453E-4,0.006836362641379933,4.2761882999132355E-4,1.6710018566019143E-4,9.366767756729787E-7,8.966844017310285E-4,2.3997737866352452E-4,0.0,0.019748235201262634,0.0,1.6407304935548537E-4,0.0,0.0042334911548301876,0.0,1.7258527290889975E-4
0.35680097719351583,7.307981803808148E-5,8.662829880934364E-7,0.0032967191104714593,5.7568217014740246E-5,0.0,0.0,3.8247916875559795E-4,0.0,0.001725714569230541,6.674533632864215E-4,9.03745614039545E-4,0.0022851003426067017,7.592404767489245E-5,0.002435970195702526,0.0,0.006938015351952104,5.513884402215242E-4,0.0,0.0,0.001238065640369573,0.0,0.003080583845160184,0.00815164326554839,0.010531727057917196,0.0,0.0,0.0034159822908869644,0.0,0.0
0.35226986289707407,3.8125291127705176E-4,8.266863916930918E-5,0.004674009043024029,1.7925272491969423E-4,0.0012759974248669624,9.109064957182633E-4,5.054639281417748E-5,0.007726031022265627,0.0,5.669163444047422E-4,8.006571007502157E-4,0.0034744623183676276,0.0,0.001313341468665009,1.2050203625411193E-4,0.00626365237822054,4.665949142412494E-4,3.0893264844244697E-4,2.3416919391824467E-7,0.0014944375607413647,2.781026303893613E-4,0.0010867916813534044,0.01497838567931897,0.0015191546556178564,4.101826233887134E-5,1.0299283933797952E-5,2.043772159858058E-4,0.0,4.8774481290865345E-4
0.3434577243430438,1.2455608634868404E-4,3.600085495654079E-5,0.0014650132856535553,0.0,0.0,6.349606546376038E-4,0.0,0.007202392700425111,8.628572846152704E-4,3.1078083619869945E-4,5.700285130186863E-5,0.003604277094450151,0.0,0.001079891059347385,0.0,0.0066570148539485206,6.25976517367731E-4,0.0,0.0,8.754898856999319E-4,0.0,0.0015439460601735797,0.016738904820147452,0.006380293103269183,0.0,0.0,0.0,0.0,9.693867488749987E-4
0.3332586753121832,7.733069088010933E-4,1.4058397856232978E-5,0.0,2.794671461135806E-4,0.0017815333783268732,8.274928577469627E-4,4.612620269587218E-4,0.004666725463057097,0.0011808952580152007,4.0892944600659796E-4,4.518728070197725E-4,0.003536017580241462,6.797185918379909E-5,0.0020973399350089467,3.90551998588256E-5,0.008655638610238964,3.8275070648460504E-4,5.101387227629035E-4,0.0,0.0017641930877758147,1.4139789190346352E-4,0.004094679758927176,0.006007936788140872,0.008403508664136361,0.0,0.0,0.0024868538800587947,2.6601256770463414E-5,2.1579582932212504E-4
0.3286838506266508,0.0012987871450496785,2.1045681753744245E-4,0.0,0.00204839914055115,0.0010061604761172859,0.0011951382203532473,0.0,0.009045069513738983,8.405833023404326E-4,0.0,0.0013316779070539245,0.0018034987553110194,2.7931451570234494E-5,0.009780554189535676,0.0,7.595400911595959E-4,3.664770679130046E-4,7.1151470865543E-4,0.0,0.0017343940253722841,7.391677389818428E-4,5.375998919726953E-4,0.03133601348684932,0.0,0.001182682295361474,0.0,0.010968585961016526,0.0,0.001370240823462772
0.3209740420665503,9.725973224905256E-5,0.0,0.006911218298479285,2.9858383051903077E-4,5.027784234591272E-4,0.0023201820328235478,0.0012208441228955284,1.880103127854828E-4,6.32900966446548E-4,0.0,3.6454811631414074E-4,0.0014405323753248582,0.0,0.012035234954028114,8.451551895096747E-5,2.6073438874947043E-4,2.7298175808862036E-4,4.8718060178128033E-4,0.0,0.002472402319994889,0.012498542151644742,0.0010921694175317226,0.014507372972981476,0.0013597754802881432,4.5678544668217977E-4,5.468771930945115E-4,0.018946004865174684,8.493251684751334E-4,1.0319579028896745E-4
0.310679487154893,2.2501382539750255E-4,1.6533727833861837E-4,0.004533440914218766,3.5850544983938846E-4,4.189090354290439E-6,6.349606546376038E-4,1.0109278562835496E-4,0.007236168685183283,0.0,2.3872262233723673E-4,0.0013603869858166855,0.0038561703193254636,0.0,0.0023080847509117748,1.6289367279057266E-4,0.00412191319763339,6.589413409647726E-4,2.923380470335543E-4,4.6833838783648934E-7,0.0013717206081715404,1.1998868933176226E-4,0.0011667480493858264,0.01620505675219549,0.001775049266638221,8.203652467774268E-5,9.87260591997234E-6,4.087544319716116E-4,0.0,9.754896258173069E-4
0.3042836408605512,7.595459263394764E-4,1.6577041983266509E-4,0.002943793924977945,8.264204666620623E-5,0.0,0.0,0.0,0.005675607738627682,0.0,5.40028248815594E-4,0.0,0.003633950836886366,1.5123951249372265E-6,0.0,0.0,0.004172739552919476,7.20826146079873E-4,2.087879542034586E-4,0.0,0.0015424112274908127,0.0,0.0027070399719659184,0.010406760784338366,0.007040912795596819,0.0,9.87260591997234E-6,0.0,0.0,8.89196989362857E-4
0.2959165629709484,1.0899160966935966E-4,8.903558374398451E-4,0.008527677165888078,3.5774047125370284E-4,0.0,2.759801509045411E-4,0.0037431472675295632,0.0032817727605241507,3.5249023105428357E-4,0.0,0.004227467165247152,0.001620929379421263,1.1624111179094941E-4,0.009913195972923526,1.6922712822274214E-5,0.001855157415732701,2.770433031683413E-4,0.0011409720084387307,0.0,0.0018772701149206829,7.657364971536012E-4,5.777633927137484E-4,0.012035533873148454,6.992559982321937E-4,4.436117236418411E-4,7.402859891351328E-4,0.012296217958475478,7.227240833375631E-4,5.517760655963787E-4
0.29124450281721426,2.739952961357185E-4,2.595391297522486E-4,0.009433574367601881,8.750226685262015E-4,9.320289442600209E-5,0.0,0.005184220005449235,6.755196951634335E-5,0.0,5.23336935563496E-4,0.003510513883069179,0.002788886792357326,0.0022494984742640494,0.004892357578831306,6.633860543200304E-4,0.0018678120393218435,6.173180874156073E-4,0.004529061875629504,6.990885776305469E-5,0.0022305270853127898,0.0022202782839080733,0.0023261878235846774,0.007083947129644461,0.0013212393846552732,0.0028199231527267043,0.0010916147890354224,0.0279012627964806,0.00165169584153449,1.220575388461635E-5
0.2807728088367532,6.31633821724963E-4,0.0,0.014341434705466102,1.6241696988843787E-4,0.0016328075964403485,4.9307058840953385E-5,0.005614473437924575,0.0,0.0014529846917539847,0.0015087987830380211,0.0017454683457105737,7.590967967446181E-4,0.0033702146068234815,0.0061314563753851956,2.871393957556119E-4,0.0050620028450764016,3.657966000838853E-4,0.0022076870282268443,5.445769086292988E-5,0.0019790528650614095,0.0010509231962042885,0.0028510573338630957,0.003463555081547139,0.0039043579645552263,0.0014534799941575125,4.472829620038349E-4,0.004653979067908249,2.773087519123631E-4,0.0
0.2751183273494904,0.0,0.0,0.015638801067488363,0.0,0.0010571432299273133,0.0023123420825125465,0.004062734192685142,0.0,7.575023304871929E-4,0.0,0.0018162345620505577,3.250504213631769E-4,0.0,0.012087995421902826,0.0,0.0,0.0,0.0011098051444434296,0.0,0.0029652492960681115,0.0015571619549770864,0.0,0.010527031640637556,6.89616171638202E-4,9.43631879438383E-4,0.001418519444182289,0.020083455276997425,7.106563995000403E-4,0.0
0.2677619276067752,3.052859075973412E-4,0.0,0.008326248263624766,2.1791549950972607E-4,2.075021736074569E-4,0.0,0.004019111040776433,0.0010628703949348483,8.360947498873471E-4,0.0012112256526894483,6.434083527982817E-4,0.0018437771244270086,0.0034399894634238736,0.005812858188966952,1.8509209503028104E-4,0.004873050912171974,4.0736131298720155E-4,0.0022480839300054577,0.0,0.0024467697714924625,0.0013944533615778017,0.0037505830048341223,0.0017745425829860184,0.0084449299506285,0.00115103442251913,1.302327881457408E-4,0.005221066040043139,2.99030516078155E-4,0.0
0.25833535757784654,1.4061212117566485E-5,0.001079593583996412,0.007708432808951128,6.842717548583563E-4,2.5309991649946894E-4,1.6600070565704335E-4,7.502501959446893E-4,0.0013452463282699622,0.0,0.0,0.0073971594053728554,0.0012310026298730202,7.536363855627509E-4,0.007876045525662612,2.5809649429204846E-4,0.0016738738310392914,2.0970946925617985E-4,0.0015032340252229136,6.764158640928852E-6,0.00280890612086757,4.2412936121702664E-4,2.2442527916659294E-5,0.0187196700649693,0.0,8.132275616833638E-5,0.0013825147380633193,0.017317583725151655,0.0013627705771241808,2.0043185218956668E-4
0.25116928093298246,0.0,0.001169783150748771,0.01428228633645597,3.495556850485977E-4,0.0,0.0,0.006610163194974893,0.0,0.001453718954850348,0.0,0.007083871523232963,5.2604132840690094E-6,3.0465020818163714E-4,0.012972830300300922,0.0,0.001296060885879917,0.0,0.0012230265740720235,0.0,0.002413172898939332,9.27086380068366E-4,0.0,0.006914944636126227,0.001201469803161264,0.0012148369161934726,0.0015970716479485891,0.014937402988401481,0.0010634167276186083,0.0011603199107090363
0.24391960983000255,0.0,0.0011907866805918323,0.009375820776240325,3.495556850485977E-4,0.0,0.0,0.007014473487785564,0.0,7.585925222975513E-4,0.0,0.007796847228497032,0.0,3.0465020818163714E-4,0.013319636279676434,0.0,0.0,0.0,0.0018982253308319457,0.0,0.002176319290803682,0.0014712319034848877,0.0,0.012636205261376373,0.0,6.396070505786147E-4,0.0012068190494884323,0.021240165885779642,0.0010634167276186083,1.1413921573511681E-4
0.2347100453455262,0.0,0.0,0.011561890844745426,5.943630978261247E-4,8.707374410753091E-4,1.1531502724106569E-4,0.004627812760881814,1.806358861947003E-4,0.0037429563207693342,2.71482165160097E-4,0.005395016716481027,4.2083306272552076E-5,0.0032046484240273007,0.011355824713143644,0.0,0.0031958123501616715,0.0,5.677208196907042E-4,0.0,0.0027875867337556082,6.326190682865231E-4,0.002671725130567001,0.008358877211228532,0.0037543185835373395,0.0011298905337352252,0.0010321865545152254,0.0064005231657584104,0.0,1.975791114094249E-4
0.2278145963319395,0.0,0.0,0.01702770737046856,0.0,8.707374410753091E-4,1.2126289442263043E-4,0.007375295135895877,0.0,0.0028587327875159545,4.978471929569685E-4,0.005189222798964785,6.312495940882811E-5,0.001968758534334857,0.010385188527962642,0.0,0.003073700658685339,0.0,1.0917856548265563E-4,0.0,0.002718647276562217,9.293341656635768E-4,0.0016733791738872258,0.008233070282486942,0.0057675628082097885,0.0015154994434002844,0.0010423519198683626,0.005534260168550693,0.0,0.0
0.2208901956682755,6.705584414077099E-4,8.081551012274112E-5,0.0033725029698107997,6.341383966749752E-4,0.0014052293254613515,7.615763556103872E-4,0.0010003868972591158,0.001316304279114772,4.0009754074358866E-5,0.0015382745948774085,0.0,0.0017691621878992323,0.0036806825732853044,0.006505721850914563,5.580667014844949E-4,0.006438549978099697,0.001270075549301966,0.0014255636579327984,1.8078536204608602E-4,0.0021381760036292227,0.0015065435575475656,0.005094206700574453,0.01152312284368199,0.008836369719984201,0.0010526666677168992,0.0,0.004040238549784193,0.0,0.0
0.21307928861841088,6.723160929224057E-4,0.0,0.004490053551447766,3.606756310577995E-4,0.0021118509263445906,8.521463871674394E-4,0.002546633462817492,0.001394142127051167,0.0019073876038921932,0.0010278063501367527,0.0011134955737739486,0.0019043286315257252,6.638050925505236E-4,0.005163068122701545,1.6655989756849266E-4,0.006307617533511221,3.4770675266729495E-4,8.851802633476243E-4,2.722884543146494E-5,0.002226130885021143,6.668594900056078E-4,0.003420827526687227,0.006519730927489234,0.005633493540284283,7.267399970787563E-4,2.036330102333145E-4,0.0034431092595790234,5.88506056447913E-5,0.0
0.20538079314393287,0.0,4.5057087105860135E-5,0.01232455984183831,0.0019577863954275184,0.0,2.3063005448213138E-4,2.014705985745436E-4,3.612717723894006E-4,0.003080997746354411,7.325737894666762E-4,0.0012883900528634627,0.0,0.00850553474085445,0.008254907893660145,4.965488024758841E-4,0.003834970144933096,0.001609029652694951,0.001997851297586445,5.015692723044981E-5,0.0027512313261314333,0.001255786404688064,0.005343450261134002,0.010258397689868692,0.0058517142645804696,0.0019270026516884317,0.0,0.0038482312138250546,0.0,5.073685848378743E-4
0.19846515459211647,0.0,2.9759619928045755E-4,0.01828266427631848,0.0,9.306182786507136E-4,0.0,0.008919832925159616,0.0,0.0033036861713881933,6.612325585295517E-4,0.00603338952293927,3.0372725250841533E-5,0.0,0.009308244487044308,0.0,0.003250174833612265,0.0,7.946724345682145E-4,0.0,0.002027622290723173,0.0011967067572533434,0.0,0.0018265275658908165,0.0049711745566214625,0.0023757382975452563,0.0015482798317728382,0.0042628393757814746,0.0,0.002092361389947839
0.1915898951167595,0.0,9.528395801899316E-4,0.02325619289328458,7.69060199775269E-4,0.0,2.4252578884526087E-4,0.005696435348602669,0.0,0.0013125506798476508,0.0011853038450604192,8.768022178309793E-4,4.2083306272552076E-5,0.006033754961469562,0.006313635523298143,7.830136078320045E-4,0.003590746761980431,0.001844737593269342,0.0010807667891703481,3.7069845853040465E-4,0.0026133524117446507,0.0018492165994421713,0.0033467583477744516,0.010006783832385513,0.009878202713925368,0.00269822047101855,2.0330730706274286E-5,0.0021157052194096197,0.0,1.1221036201902452E-4
0.1839658123861566,0.0,3.3960325896657996E-4,0.008469733155887189,0.0,0.0011879370252237315,0.0,0.009728453510780959,0.0,0.0019134333062826,8.033833650293958E-4,0.007459340933467408,1.9851898682703514E-5,0.0,0.010001856445795331,0.0,6.58053061852431E-4,0.0,0.002145069948088059,0.0,0.0015539150744518725,0.002284997804086387,0.0,0.013269048816391108,0.0025682349502989346,0.0012252785663155405,7.677746348525242E-4,0.016868365170537795,0.0,0.0
0.17596808101703026,3.5153030293916214E-6,7.912085599444494E-4,0.025491294056558512,2.2213466854091764E-4,0.0014132432017664783,4.2366585195936535E-4,0.008788928479719422,1.5567569587279025E-4,0.0050473063794833194,1.6436735557910767E-4,0.008834761607808958,3.124161935255378E-4,0.0,0.0036283280668721074,0.0,0.00332888187280348,0.0,0.0,6.358542530116245E-5,0.0027892621745284913,1.6984846435825584E-4,0.0,0.0,0.0034724503545255324,0.002046367129742264,0.0035557709210226624,9.214466389992812E-4,3.406926442810452E-4,0.004234830742943069
0.16806601604951618,0.0,4.5164115101914426E-4,0.023632244349800394,0.0010299599275400877,0.0011023434435850814,4.974807027861702E-4,0.005972101458747187,0.0,0.005486576528864461,4.0605029498063175E-4,0.005942358783346535,0.0,0.002233180766321246,0.0035421053108688964,0.0,0.003744506876306117,0.0,2.3799501367789233E-4,8.697284925615514E-5,0.0029431147494897885,5.763974391216419E-4,3.5976501242591854E-4,8.732169805695266E-4,0.005008569048567587,0.002197625000695977,0.00269404895924922,0.0,0.0,0.0033922263773406955
0.1613957674194061,0.0,3.010941006794295E-4,0.019099452033556757,0.0010044265626269235,7.348956290567209E-4,3.3165380185744677E-4,0.005286168182349957,1.806358861947003E-4,0.0037460533432200115,7.368867848453922E-4,0.003961572522231023,0.0,0.0040138944223119645,0.007333934522161194,2.562413473241062E-4,0.0033504513807429918,8.045148263474755E-4,0.0016000951978823092,7.36555648657466E-5,0.0026375371312422216,0.0011606315478784096,0.0018350355436233881,0.00282103142157478,0.005829707497053667,0.002487189489991789,0.00179603263949948,0.0025203040583057787,0.0,0.002346045682366776
0.15593723018510228,0.0,0.0,0.009725143427495763,4.3583099901945213E-4,0.0012255222131272053,9.861411768190677E-5,0.008038222081552866,4.015882479446776E-4,0.003259324620571784,0.0011863020878648217,0.0033211162928913508,0.0012907765528557217,0.006879978926847747,0.011625716377933904,5.742787915112238E-4,0.0030621348727753344,6.419200399285674E-4,0.004170640610159575,1.0891538172585975E-4,0.0028041099827812157,0.00288637137693166,0.0034183185034652444,0.008505043901844738,0.007640727686376402,0.002906959988315025,9.374119937667718E-4,0.009694323982259008,6.610225309065798E-4,0.0
0.1480552701591859,0.0,0.0,0.010033867401069483,9.533598328005948E-4,0.0,0.0,0.0039143016295554965,6.22540609694655E-4,2.6500697193111364E-4,0.001398559764574913,0.0,0.002251314251050867,0.007575321734293402,0.014917592944745789,9.090002236258945E-4,0.002562340389616742,0.007002803770682163,0.004324295566291143,4.702099608492951E-5,0.002026381894747088,0.002329099765391945,0.004785576606018327,0.006716660303585287,0.007471984394025828,0.0030663184685834127,0.0,0.009358238920622446,2.1580261103576037E-4,2.5368429241893716E-4
0.1388439184644147,0.0,0.0,0.013112464210239587,8.296487201026246E-4,0.0014275830961673933,3.9228524906876196E-4,0.006275199592026456,1.806358861947003E-4,0.00340587061072362,0.0011279611878237206,0.004083711717993038,1.9851898682703514E-5,0.0048459485853885745,0.006560322605055321,2.562413473241062E-4,0.0022951799383258272,8.045148263474755E-4,0.0020559693287275087,7.36555648657466E-5,0.0024349939078501886,0.0019779737258007976,0.002671725130567001,0.012061985182630356,0.006310549294836034,0.0017746759551729079,9.332938777691312E-4,0.007272876994447626,0.0,1.9661468455137876E-4
0.13079637413523076,0.0,1.5054705033971474E-4,0.021771170584139826,5.022132813134617E-4,0.0010190986149432215,1.6582690092872338E-4,0.003816246519015358,9.031794309735016E-5,0.0018730266716100057,9.570399855839223E-4,0.0019807862611155116,0.0,0.0020069472111559823,0.007117127032166862,1.46140688754795E-4,0.0016752256903714959,4.0225741317373773E-4,8.000475989411546E-4,3.68277824328733E-5,0.0023763597532773725,9.849476177695193E-4,9.175177718116941E-4,0.007653708900986536,0.005533202049691932,0.0016005646565429282,0.0013531109956653473,0.0054633191381476005,0.0,0.001173022841183388
0.12465777574782988,1.5454552731293834E-4,2.1532418636061712E-5,0.01051905431177382,9.103729851980163E-4,0.0021170163789264746,0.001184913150406336,0.0036321155008514775,7.182174952652417E-4,0.006097354840289559,0.0011318066021650053,0.004191127144911405,2.389063954284193E-4,0.003604200907230592,0.0035215407755479814,1.281206736620531E-4,6.199542479543314E-4,7.227109765913027E-4,0.003928107480484892,0.0023042386794774688,0.0017590234297859136,0.0026033898789421294,0.001754207358755307,0.016853847713760334,0.004313702007141751,0.0014646538155440206,0.0026435372181554994,0.0024295526193928267,8.480198601547037E-4,0.0
0.1169479267406199,0.0014258154325568631,0.0,0.009999524649670922,2.4538628183425775E-4,0.0,6.367880779750252E-4,0.006484627730245563,6.205431282132203E-4,0.00675043671081783,4.973596344749415E-4,0.006862895327495294,0.0,0.0024539664099753108,0.0073967176452166845,3.705940101279278E-5,0.0,0.002044629582944266,0.004924068902685265,8.470656995660038E-4,0.0013714431211747941,0.0020706632390068446,0.0016075026412875313,0.005569885788377128,0.004897239527474968,0.002447943458566037,0.0,0.01631250675551244,0.0,7.442781162592213E-4
0.10864864347250094,7.901804799349008E-4,0.0,0.010759402670375468,5.748656678800654E-4,0.0019560236448111145,0.013067013477748041,0.006136253805220822,4.935869215379287E-4,0.008602703260793038,5.671795648906204E-4,0.008340059671299879,0.0,0.0011594319493611386,0.0015355687902528616,0.0,0.0010140097435174563,0.0,0.002373843808252426,0.0015147087504959803,0.001775585461906297,0.001989317276287973,2.789368275578374E-4,0.012088091087888582,0.0030126294134955375,3.1206265253309125E-4,0.0022323410251606167,0.003117116102747972,3.161086245594717E-4,4.138590059667647E-4
0.10019698085105544,0.0,0.0,0.0244428891347229,0.0,0.0013033016008297221,0.0,0.0023463248556807588,0.0,0.0,0.0011771931863224525,0.0,0.0,0.0,0.006900319542172529,3.604003018548382E-5,0.0,0.0,0.0,0.0,0.0021151823753125234,8.092636876606289E-4,0.0,0.012486386380398291,0.005236696602330198,7.139398230940679E-4,9.101893518312145E-4,0.008406334217989423,0.0,0.0
0.09343191338120474,0.0,0.0,0.03104072339879986,0.0010044265626269235,6.545915873183888E-4,2.0060464534319997E-4,0.003059295212029931,1.806358861947003E-4,0.00274536699444788,9.088553195591262E-4,2.18187338085255E-4,0.0,0.0040138944223119645,0.006087569658270736,2.742613624168481E-4,0.0030293225086335,8.045148263474755E-4,0.0,7.36555648657466E-5,0.0029674137903725134,2.7661248091710646E-4,0.0018350355436233881,0.0027811295821411723,0.008027969440519832,0.0027268017534450412,0.0017401167208340432,0.0,0.0,0.002317028665003974
0.08726748908423036,0.0015199662231027418,9.0096860347307E-5,0.01834148910389472,9.103285830834737E-4,5.846572348028797E-4,9.05736301761223E-4,0.0033295925054360504,8.931920235663281E-5,0.0037467960931938686,8.332922400395111E-4,0.004956638513951022,0.0,0.0,9.175128740476256E-4,0.0,0.0,0.001772455451478047,3.708411802983264E-4,3.8827303292288877E-4,0.0010639585219073087,4.5253042567234766E-4,3.674903125729423E-4,0.013294718421194028,0.003565404057710527,3.596184114438212E-4,5.044927922098251E-4,0.010195914012198822,0.0,9.690160640884548E-4
0.08023753316326411,7.81741466490196E-4,0.0,0.012312076139687584,0.0,0.0014757402864311155,0.024687290329517032,0.004202076139982663,0.001717021658363419,0.007938358892772055,3.5116402894194926E-4,0.005441485557926517,3.99170285951819E-4,0.0,0.00976053039501498,5.2917708608399505E-6,0.0,4.8452614105426786E-4,0.00594370961890933,0.0025365480764800038,0.0013709830120838531,0.0028216411766932917,0.0,0.006658919942139022,5.157229252275946E-4,0.0019621939945326386,0.0025264604679329067,0.0,6.642474416396726E-4,1.8329724703920747E-4
0.07190926681413268,2.7757204358821964E-5,1.4099803804833215E-4,0.028836338896751423,0.0,5.170175753543697E-4,0.0,0.005009902495269985,0.0011772008537445332,0.0,2.45430835604587E-4,0.0,2.6820992312317235E-4,0.0,0.009326483371387691,1.4772372009181408E-6,0.0,0.0,0.0010150333716692779,0.001062299731085297,0.0,0.003943537251528544,0.0,0.008896667124232526,0.0,0.0013080938319316136,0.0019337560968346653,0.01582494131425477,2.7070881520717437E-4,2.6764562113279185E-5
0.06449209420984878,0.001597238986759211,4.772826159302239E-4,0.014765084992295428,0.0013940624062317177,4.6318837427426133E-4,0.0013243322556830564,0.0077657087419504,0.0012387549686899398,0.005440626758595788,9.162421827811682E-4,0.006142420697374331,1.3410496156158618E-4,0.0012269832049876554,0.005122442372674629,4.0798642563267986E-5,0.0,0.0028208006459772986,0.005082708376930912,0.0020552629213587076,2.0134619823890612E-4,0.003093704964160485,0.0014289877025767707,0.003128502788393139,0.002517392160973184,0.0017244921456919548,0.0016107124252624481,0.017623661692608667,6.747316321756307E-4,0.0010097513764210032
0.057854385343082695,0.0,0.0,0.04459171822194058,0.0,0.001466846324638402,0.0,0.007471922656131046,0.0018662241824820688,7.790216369960913E-5,7.36084179107005E-4,0.0,5.028936058559481E-4,2.3392395447604933E-4,0.020487826577411838,1.0866315916111143E-4,0.0,0.0,0.0035649500836036534,0.001221488055112316,0.002235446707134957,5.047140528581769E-4,0.0,3.7754536991192094E-4,0.001764938369264483,0.0016352923187771115,0.001390112380721107,0.01238065840019274,6.51804789559087E-5,0.0
0.04963772018566026,0.0,2.4058033750506372E-4,0.028733748628988108,0.0,0.0013009067525616082,0.0,0.008897040910027269,0.0021759129246545538,0.0,0.001064577203247641,0.0,5.364198462463447E-4,0.0,0.014907332532422851,5.138218428494789E-5,0.0,9.044242286315146E-4,0.0028583850971523146,0.0012701043396279213,0.0015281822166880036,0.004033413584814477,9.143304556330652E-6,0.0029085984444677066,0.0017965487487387054,0.0015840684779096946,0.0014674447715623193,0.012501864008486884,3.071867951455684E-4,0.0
0.04277083206587696,0.0012232462804035223,4.207740581996777E-4,0.02573100084232172,0.0015752708843326897,1.384696151522332E-4,0.0,0.010677720075873517,2.7403042338450733E-4,0.0,0.0016950187006655537,3.2963892144349024E-4,6.862478014726286E-5,0.0,0.008814779318928032,5.9912013776065126E-5,0.0,0.0030123446524524043,0.0,0.0,6.593292926810462E-4,0.002711083294176039,0.0012504727638660098,0.008660895887680148,0.00262558726363532,6.037846072139534E-4,8.733741426789066E-4,0.01773679317051868,3.497290411426641E-4,0.0011021053883980845
0.032791108221981294,0.0016141170136486204,4.207740581996777E-4,0.019665594344804062,0.0015752708843326897,2.2468895795292989E-4,0.0011746845255474207,0.01160559571802447,0.0011325412525662168,9.001269905324696E-4,0.0012820041219753023,0.0030503817004067487,2.6820992312317235E-4,0.0,0.010244884745349257,4.453788411374319E-5,0.0,0.0032546077229795383,0.002952297138703354,8.681632146238526E-4,2.872296110667111E-4,0.0037172720386923703,0.0012504727638660098,0.005747162668550514,0.001111006286131954,0.0012279116929332387,0.0016815097007297527,0.013533626061523968,6.818527619625004E-4,0.0011937540119176882
0.025091539659655562,9.878633453568263E-4,4.5646605109238465E-4,0.005292608229185675,4.148243600513123E-4,3.526425244262312E-4,0.0,0.011569442569677523,0.0,0.0,0.0019144560454157544,8.370850513494737E-5,0.0,0.0024229742926942873,0.01604361055389804,1.5523600886682871E-4,0.0011475899691629136,6.904819137461633E-4,0.0018113216483869887,0.0,0.0023891809669178586,0.003129888252599737,0.0013358625652835005,0.020001779557639585,0.002726027569152532,0.0024063683978420222,0.0,0.020858586335945523,0.0,2.779482513221651E-4
0.01749120173317937,0.0012232462804035223,5.410642269522096E-4,0.027876430589454326,0.0015752708843326897,1.3727219101817623E-4,0.0,0.023088054076723402,0.0013619868857117842,0.0,0.001638710709128148,3.2963892144349024E-4,3.368347032704352E-4,0.0,0.012818285814053192,6.758309082579715E-5,0.0,0.0034645567667681617,0.0014291925485761573,6.350521698139606E-4,3.658292133687863E-4,0.004323158242752962,0.0012550444161441752,0.0038720019197148563,9.05513336839574E-4,0.0010388489346217667,0.001152001852544459,0.01978455806576741,5.033224387154484E-4,0.0011021053883980845
0.00903117189992761,0.004692685841682339,6.496489006499981E-4,0.0,0.005726110498072317,0.0,0.004952921462169189,0.01652097895094502,0.0,0.006262506264042674,0.0017943194438921662,0.01455622136652137,0.0,0.002916742567081379,0.002754315621970758,8.61212938256501E-5,9.814160267859033E-4,0.008753567090791524,0.0042453687143664785,0.0,0.002408673082595512,0.0,0.0048142206382161224,0.006995709509830004,0.008227154559747107,1.9925413344707137E-4,0.0,0.005613283506737215,8.222878935106521E-4,0.0033029949636972727
0.0,0.002412736507028226,6.594153661647897E-4,0.010535648726705394,0.0017956221710482513,6.504533762808041E-4,0.001836850653388949,0.01353129927422192,0.0014406484320638592,0.003487936883864807,0.0010408453310784297,0.006121592049093914,0.0,0.0,0.005347309459313677,0.0,0.0,0.0011636061606271064,0.0,9.418852856125985E-4,0.0,0.00409957463807664,0.0,0.00395308391095444,0.0,5.569985314875098E-4,0.0024868659133609767,0.017666337447517076,9.113172725324356E-4,0.0015717875539187213
