1.0,0.0,0.0,0.0,0.0,0.0,0.0,0.0,0.0,0.0,0.0,0.0,0.0,0.0,0.0,0.0,0.0,0.0,0.0,0.0,0.0,0.0,0.0,0.0,0.0,0.0,0.0,0.0,0.0,0.0
0.0,0.0,0.0,0.0,0.0,0.0,0.0,0.0,0.0,0.0,0.0,0.0,0.0,0.0,0.0,0.0,0.0,0.0,0.0,0.0,0.0,0.0,0.0,0.0,0.0,0.0,0.0,0.0,0.0,0.0
0.6152092844677618,0.0,0.0,0.0,0.0,0.0,0.0,0.0,0.0,0.0,0.0,0.0,0.0,0.0,0.0,0.0,0.0,0.0,0.0,0.0,0.0,0.0,0.0,0.0,0.0,0.0,0.0,3.220476152137868E-6,0.0,0.0
0.2084561088912675,0.0,0.0,0.0,0.0,0.0,0.0,1.0878834301296925E-4,0.0,1.944327542179993E-7,0.0,0.0,0.0,6.776341987902437E-6,0.0,5.188744870296323E-6,0.0,0.0,1.820765866159182E-5,0.0,2.2513746657529067E-4,0.0,7.257952804214682E-8,4.23352802457717E-5,0.0,3.02134249785068E-6,0.0,0.0,0.0,1.9481024036453225E-4
0.43431420450108466,5.5164872200985246E-5,0.0,0.0,2.070834397153179E-7,2.8529381494085805E-7,3.3308201880967686E-5,0.0,6.048366831581554E-5,1.784187475765728E-8,2.522155115412138E-5,4.319673479997543E-6,0.0,1.2750540130500226E-6,1.762341074134812E-5,4.53715672219924E-6,1.4692585654172384E-4,2.5050453332157595E-5,9.641501981785035E-7,9.119689150397094E-9,2.5414637260779296E-5,5.456490244244241E-6,1.2936648338969156E-8,5.672856973225346E-5,0.0,2.7955780000320275E-7,2.652316210433587E-5,3.884687516670491E-5,4.381615534245954E-6,1.4287441027503787E-5
0.855161448734113,0.0,0.0,0.0,0.0,0.0,0.0,0.0,0.0,0.0,0.0,0.0,0.0,0.0,0.0,0.0,0.0,0.0,0.0,0.0,0.0,0.0,0.0,0.0,0.0,0.0,0.0,0.0,0.0,0.0
0.7184515868525784,4.6260526184545165E-6,0.0,0.0,0.0,0.0,0.0,0.0,0.0,0.0,0.0,0.0,0.0,2.28424511426661E-9,0.0,0.0,0.0,0.0,0.0,0.0,0.0,0.0,0.0,0.0,0.0,0.0,0.0,0.0,0.0,0.0
0.8633297317714397,4.303287771310582E-5,1.6917129503472249E-6,5.251124337374384E-8,5.471727094855266E-10,0.0,8.705712841902995E-8,0.0,1.4300218170779282E-7,5.4531518124369005E-11,4.979019357492393E-6,1.1219764214860642E-8,1.7191149649503556E-6,3.836059954992569E-9,1.6632792033766788E-6,1.1101245034997611E-8,3.756873838908934E-7,7.028509299768958E-8,2.9713315553418286E-9,2.103014368770306E-11,6.957637317727402E-8,1.3993682719872029E-8,4.1050397595992794E-11,1.4058334850424054E-7,2.0115681009518383E-6,6.825371687659339E-10,7.734786951648145E-8,9.460475160968982E-8,1.071831800136894E-8,3.55378623268967E-8
0.879622130812505,2.21318240096247E-4,4.8091232254149954E-6,0.0,0.0,0.0,0.0,2.9432807015446218E-5,0.0,3.3859273166266635E-8,0.0,0.0,1.588679165276994E-5,8.88291885971095E-7,1.2037567382715772E-6,0.0,0.0,0.0,1.173991337681013E-5,6.271128672485603E-9,2.4329872994519214E-5,3.405907688305183E-5,9.749851546271466E-9,0.0,4.307424964662036E-6,5.413344905275793E-7,0.0,0.0,0.0,0.0
0.810472928186114,2.3866105063863918E-4,2.267921301335212E-7,3.0263755131537226E-7,1.706756636670835E-8,2.4076664239226966E-8,4.050335942149917E-7,1.641156350425132E-5,4.7630927020443834E-7,2.3269127400912462E-8,1.3562377941611836E-5,7.014080472685763E-8,9.76558380856897E-6,9.071607165636702E-7,3.0250657927492274E-6,9.313464666092705E-7,2.8275632716952847E-8,1.26118186790743E-7,1.0856455680994298E-6,9.010999885967649E-10,2.5714366576060202E-5,1.731378416069745E-5,9.55323917394803E-9,5.138770453215099E-6,6.521834310580147E-9,3.496439791481429E-7,7.759507702423231E-7,3.604294160753466E-9,3.189945489580297E-7,5.478677340751994E-8
0.6240910639916966,1.6764586280126987E-4,5.860569665676918E-5,1.4782868564702772E-5,2.7598968724036603E-7,1.7509025916983143E-6,4.130907903206172E-6,2.4897985499666065E-6,5.315630945969749E-6,9.548690675775464E-9,2.350044997547647E-5,2.6609878173516836E-6,1.9111629230278847E-5,6.835601081736154E-7,5.2564956631198065E-6,4.987489314956754E-6,1.3830104239664563E-5,7.705571799074767E-6,1.4104567287304614E-4,1.6180220083702146E-7,3.267216022112341E-6,7.815704829731247E-6,5.488803583823823E-9,1.5433458182673032E-5,6.177680926869082E-6,4.5614873477332565E-7,1.0031440918214689E-5,4.2406147385792407E-10,5.7051881259648205E-6,1.2112727210758473E-6
0.6854192583896073,3.229629867705488E-6,3.3542525372934764E-7,1.6517116638222087E-7,1.6510554565181928E-8,7.529607157586177E-5,2.234309021643679E-4,1.301484620671118E-4,2.9341028005102904E-8,3.559620315113522E-7,1.5252679622963906E-5,2.495185134338795E-5,4.442341048224214E-5,4.4471209068935526E-5,1.1150456353180248E-4,2.0358627515611573E-4,2.4280437877006599E-4,3.1589932631405685E-4,1.336277759126776E-4,1.8467548812111933E-7,1.4495102543793062E-6,5.468652843961775E-8,3.2912524135212184E-7,8.547872282072048E-6,9.413619998326043E-5,3.928760008750285E-9,3.485325054129413E-6,1.526163260167126E-6,1.2489747142134088E-4,3.929108520681303E-8
0.5723727898628277,0.0,2.49164200509162E-6,0.0,0.0,6.623430366004957E-7,1.9719251796102856E-6,2.901254037670446E-6,3.382464784816511E-10,6.500536175357525E-9,1.1349592810181216E-5,5.03459617545275E-7,0.0,5.313045993555561E-7,2.5592447397843294E-6,2.394117295306363E-6,0.0,3.8420576031953305E-6,6.832986339104518E-5,7.931858473112068E-8,1.4794820486810366E-6,3.755231002669098E-5,4.5924630535121115E-9,5.988229148869661E-6,3.0536500725493418E-6,4.126330240404701E-7,3.5033451542102057E-6,0.0,2.742718223156935E-6,3.440746625143822E-7
0.6415982301490808,4.591946676907479E-6,1.8536720983857625E-6,1.007276919808406E-6,3.143972806601641E-8,2.421241817961777E-8,4.726497326928041E-6,2.468171220078213E-6,3.092046733859665E-7,1.697889070703394E-8,2.7762932370991336E-5,6.995295561603498E-8,5.571921465565536E-8,1.1408188002627299E-6,7.444048061088478E-8,4.372258043787933E-6,3.424067697370976E-7,4.3677699066353846E-7,1.699250119769238E-7,5.764800393046316E-9,6.874800014273397E-6,6.022871022963378E-7,1.317799412410221E-8,1.925452666591991E-6,1.7242785388456875E-6,7.799643698329188E-8,1.0191012327639588E-6,1.8452861255444883E-6,3.9244937516590824E-6,7.312974800412679E-6
0.4115524337956302,0.0,0.0,0.0,0.0,0.0,0.0,5.907090527595041E-5,0.0,4.189202826159175E-8,8.24860460299018E-6,0.0,0.0,0.0,0.0,0.0,2.764653547861216E-5,3.2774740746420794E-5,1.1212496179347689E-4,1.2172704003403977E-7,1.3373872889807037E-4,8.752683037110232E-5,0.0,2.199766025197109E-5,0.0,0.0,4.30290765715868E-6,0.0,0.0,1.1554936575207889E-4
0.3394852273206572,0.0,0.0,0.0,0.0,0.0,0.0,0.0,2.9087415978599857E-5,2.5538797236145426E-8,0.0,0.0,0.0,2.7648802436897406E-6,0.0,0.0,0.0,0.0,3.0996905968454214E-5,0.0,0.0,0.0,2.6361939754040874E-8,4.081595675987602E-5,0.0,0.0,0.0,1.0634151421802301E-4,0.0,0.0
0.7519666825484215,1.6373967602194597E-5,4.644055606471315E-5,1.3627659571494105E-5,0.0,8.237908564221009E-8,1.3761274994847866E-5,3.1631832179346387E-6,4.2053740363523444E-5,4.992873978686808E-9,1.2768131417733856E-5,3.11188388239007E-6,1.8393175488031575E-5,3.650814964458583E-7,1.356158698686905E-5,4.6291284210956355E-7,9.841565906517476E-5,1.9516656363411357E-5,7.118163802601858E-5,4.6940775873708597E-8,9.969679682781117E-6,2.090286137307521E-5,3.958529007165483E-9,4.922104824430413E-5,4.606876997394261E-5,8.445270366059893E-8,1.535917479722485E-5,4.489586835854927E-5,5.544691546766312E-7,3.092650593538231E-6
0.8035465392296108,8.43060398005318E-6,1.3617020874761105E-6,1.0152133997081602E-6,3.574830964682285E-7,4.5768197208495515E-6,7.12846512319264E-5,0.0,1.2940720070200346E-7,2.438375031273181E-7,2.46449053235594E-6,9.325178729966197E-6,1.0264818139810029E-6,2.566335573566918E-5,4.5766960947879306E-6,2.694933058887308E-6,3.8338850033955514E-6,1.6890339230285487E-5,3.1669399934767084E-5,1.454523614599923E-7,0.0,7.460475359355562E-7,2.4161800417242523E-7,6.761607513843891E-6,1.0647019964816741E-5,0.0,1.7502180691683105E-4,1.4202680348188743E-6,2.2961905676029726E-6,0.0
0.8174652328572395,1.6964003117351225E-5,2.5014973925078432E-6,7.93588552013303E-7,1.3461458759263015E-9,1.8314501661845772E-8,6.084229250888309E-6,4.1997947028259646E-7,1.1822409021879365E-6,1.049461273914097E-9,4.5606703286854993E-7,1.1217973052244194E-7,3.721565240314783E-7,1.4813477124811259E-7,0.0,0.0,1.8721886009900494E-6,5.832349323959265E-7,2.460580545584623E-4,5.471209084744071E-9,5.039571205175194E-7,3.998076221000949E-8,3.504078766476444E-9,0.0,3.6165861565441747E-7,5.5197286152301134E-9,6.474941278215931E-7,0.0,0.0,4.937648630823095E-7
0.6328331558328626,4.3306547653972856E-6,0.0,0.0,0.0,0.0,5.281569607591911E-6,3.734501549852831E-7,2.1598197127831696E-5,0.0,0.0,5.389859194161606E-7,0.0,0.0,0.0,0.0,2.582441282912964E-6,0.0,0.0,0.0,0.0,4.379948535920969E-7,0.0,1.1554737784625444E-5,0.0,0.0,1.5941373211758412E-5,4.025714495129774E-5,0.0,2.967284026199189E-7
0.1785810326934259,3.176312626944099E-5,2.9614394896791246E-5,1.3930340253877052E-5,1.6556328775194328E-8,6.255134177353133E-9,2.2278572358624687E-6,5.093456759084321E-6,7.962379930749404E-6,1.353103084604002E-8,7.189852298981143E-5,2.0272656371631273E-6,2.0782917003148862E-5,5.7257922325958E-7,3.61357642371261E-7,1.823531243900725E-6,4.127101424339345E-6,4.482672936201961E-7,1.8734572626774847E-4,7.185212405610495E-8,6.825996117618495E-6,2.4562366695222716E-5,6.420663468125593E-9,9.437946330873914E-7,2.016260471714553E-5,1.4891969293237361E-7,6.871639235079202E-6,4.1312605926031344E-7,1.7007809170643474E-6,4.646020034396772E-6
0.8246586311630267,8.889508486949296E-4,0.0,0.0,2.6678016548152416E-6,2.7143264699887994E-6,0.0,0.0,0.0,0.0,0.0,0.0,0.0,0.0,0.0,0.0,0.0,0.0,0.0,0.0,0.0,6.540142260109695E-5,0.0,0.0,0.0,0.0,0.0,0.0,0.0,0.0
0.2760300696568157,2.7221948777012657E-4,2.857763762025167E-5,0.0,3.186549557502241E-11,3.583668376083415E-6,8.378094376956843E-6,2.287666703121429E-5,3.806081446753723E-5,2.615811623304169E-9,7.075293103282396E-6,1.629947041707077E-5,1.457885591668566E-5,1.8726549070688167E-7,8.210610491763585E-6,1.114585885945332E-7,6.094559518905487E-5,1.0072072972967437E-5,3.907115814618484E-5,2.326731566668779E-8,4.5283808547310654E-5,1.6244375563123048E-6,2.119878792657962E-9,4.593318142626562E-5,2.8303888963683942E-5,1.5071871795592906E-7,7.073838631604021E-6,2.7885506642096947E-5,1.4260703336926453E-7,3.544985269248094E-5
0.5815281475463063,3.359037533378753E-5,1.0424215571340057E-4,3.1585266997394724E-5,1.6594063747529816E-8,2.4492362164675023E-9,8.629891692527672E-6,2.6581079520315275E-6,3.2150701020288445E-5,1.4172598546110162E-8,4.948684337487208E-6,5.116951008860979E-6,4.086630914277049E-5,6.721208051609446E-7,2.1051095859326985E-5,1.6701523105974002E-6,4.033893489052549E-5,1.6865907042081657E-5,2.2963772059862389E-4,1.4959500929643505E-7,4.333179580132292E-6,5.857137126623571E-5,7.179238714809656E-9,4.376579180906322E-5,1.417895235828748E-4,5.9049983278814745E-8,1.746902718482498E-5,6.843283235569118E-5,1.5419455785417932E-6,8.614087685891093E-7
0.7018324713847766,1.6617776275500526E-6,7.66519479569545E-6,5.278581685217789E-8,8.576762565143855E-7,1.5765995942949204E-5,1.5873999362467848E-6,2.5312375941936248E-6,4.998784436339024E-6,3.3398042975484495E-7,1.6384483673782096E-6,2.962670526166561E-5,9.031771080699539E-8,6.451029359723469E-5,4.4971328487081157E-7,7.875071580438059E-8,3.211292154195984E-6,5.986539028946395E-5,6.33961231797029E-5,4.022616377362469E-7,5.164645231346792E-6,7.183549347609683E-6,6.004440497257445E-7,8.695688524256011E-7,7.433054333004245E-6,6.71317287748614E-8,4.835914622412395E-4,3.4132654886249165E-6,1.4314693187921805E-7,4.232449637906266E-6
0.710034553715193,0.0,0.0,0.0,0.0,7.212595336368147E-7,0.0,0.0,0.0,0.0,0.0,0.0,0.0,0.0,0.0,0.0,0.0,0.0,4.6734149908716154E-5,0.0,0.0,3.499355543046001E-5,0.0,7.180369733798639E-5,0.0,0.0,0.0,8.335946198739619E-5,0.0,0.0
0.871314245617098,0.0,0.0,0.0,0.0,9.06894011137848E-7,0.0,0.0,0.0,0.0,0.0,0.0,0.0,0.0,0.0,0.0,0.0,0.0,2.6138154182176384E-6,0.0,0.0,3.7912583557328543E-5,0.0,9.028420430718963E-5,0.0,0.0,0.0,1.04814138770344E-4,0.0,0.0
0.8874422148072886,8.965029520953729E-7,1.4851375719343678E-6,1.7933406712291145E-6,1.7807863616965747E-9,9.254574588879513E-7,7.315976091636885E-7,1.7726799850283813E-8,8.179931266325325E-7,9.102476948744731E-10,2.8153724713866865E-7,2.502467130623318E-7,2.346519951867431E-6,4.120144286027453E-8,8.130329905636715E-8,2.923059150941669E-7,2.9232703889536886E-7,1.484155340908162E-8,0.0,2.2521396351817706E-9,1.9906978376083747E-7,3.82044863700154E-5,4.949172756189186E-10,9.213225500410996E-5,6.707867391754894E-7,6.296147523593119E-9,7.255501038426537E-7,1.0695960644863879E-4,2.6826074370535233E-7,3.7669172664607717E-7
0.31400847122066466,9.353733595590381E-5,2.112945128126623E-6,2.8775422780490583E-6,9.867154560845289E-8,1.6031830775649086E-6,5.0791277228478773E-8,1.3272973629531474E-5,1.1428989306357258E-5,4.27993026976559E-8,1.8193225567187515E-7,3.620135698632604E-6,6.59837443789148E-6,7.383095357333602E-6,5.146670028170845E-7,1.4441434642142192E-8,2.6916472674851317E-7,5.59361520313354E-6,3.502355711891389E-6,4.332029134578156E-8,1.1341929528348185E-5,1.3207266358449603E-5,6.810908681409375E-8,1.1846059874975901E-7,1.8523593491299138E-6,2.4717359455985614E-7,6.173407721038869E-5,1.9830697288494792E-7,3.6213870789699306E-8,6.322552137448898E-7
0.37704570283951233,2.710559491595817E-4,2.099497632160852E-6,6.064318861577473E-7,9.498689419544958E-7,2.1276181541935997E-6,1.6153460569770584E-5,2.8618070193537095E-6,2.580659800669564E-5,1.6684437098464645E-8,1.0641553886191338E-5,1.3465397408845164E-6,5.776758968587358E-7,1.4380116264637921E-6,9.012883008472213E-6,4.421685475249312E-6,5.953155289861542E-5,5.752428954451917E-6,1.0338856664263025E-5,7.480755843847677E-10,1.6441415129849415E-5,0.0,1.3414023680155308E-8,1.2610783729520548E-5,3.6063304355761205E-7,5.033978248978578E-8,3.4094943229489912E-6,0.0,3.2876337780955385E-6,1.1264627707378171E-5
0.6768842700706116,4.191203019759181E-6,5.44805757401126E-7,3.270782262899771E-7,1.2456515354002845E-9,0.0,6.476724764453327E-7,1.2307414907210827E-5,7.075403849662094E-7,2.1673960658840818E-8,3.904209154926384E-7,2.2345702066231405E-7,4.3449694544234587E-7,8.560841939031884E-7,4.4744745756185944E-7,1.08124698071659E-6,1.1168175359608873E-6,9.306512764913984E-7,0.0,1.1696046552338249E-9,2.5423746058782925E-5,0.0,8.81233075455602E-9,0.0,1.9115852341072663E-7,3.2351211241946157E-7,2.752919695198668E-7,0.0,3.766384518487818E-7,2.204733355848392E-5
0.5633142620340584,0.0,1.9641693957491877E-5,0.0,2.2253631679413408E-7,0.0,0.0,0.0,0.0,1.1184923622032896E-7,0.0,0.0,0.0,1.700223111070182E-5,0.0,0.0,0.0,7.318518165081943E-6,1.558368520864082E-4,9.63105736102143E-8,0.0,0.0,1.5835814008654625E-7,0.0,0.0,0.0,1.190151098531646E-4,0.0,0.0,0.0
0.26275117930808867,2.0891049041292173E-5,2.346057698802492E-6,7.78756388613346E-6,3.4767173405650964E-9,6.484517983323287E-7,4.244564128006513E-5,5.6758036514474E-5,4.0805190293037773E-7,2.0765598652513856E-8,8.323548550179229E-7,2.3238140547330537E-7,1.5899105821645813E-6,1.7792866047365792E-6,2.8121088753555633E-5,2.4689529039075616E-5,1.327543677740064E-5,3.7974646320858935E-6,1.111465655449318E-5,2.3241964048112758E-8,9.949542668711814E-5,7.377314571702015E-6,1.8547024914142595E-8,1.8249238537223896E-5,3.0188257861041415E-5,1.3775563179356792E-6,6.1482803005043405E-6,5.636497191319663E-7,2.081701542014436E-5,1.0381888747893487E-4
0.94203832434374,0.0,0.0,0.0,0.0,0.0,0.0,0.0,0.0,1.0257911307107988E-7,0.0,0.0,0.0,6.365591583514651E-6,0.0,2.368182946557326E-5,0.0,0.0,0.0,0.0,0.0,0.0,7.577595805823718E-8,0.0,0.0,0.0,0.0,0.0,2.2536469387906536E-5,1.333966593747597E-7
0.6935438928731457,2.527502364635449E-5,1.4315894338672375E-5,1.3650478283435162E-5,4.3419599121296735E-8,2.1294495643999585E-7,2.500317666959137E-5,9.465554459219489E-6,1.224739706704265E-5,9.405655117893425E-9,5.59436798379063E-6,8.224597210017238E-7,8.556028548285688E-6,6.60619497183818E-7,1.3205718634436917E-5,2.40829428350809E-5,2.9965700693365E-5,1.1148106075051096E-5,1.10638628942778E-5,1.1035470251479877E-8,2.6088333516302207E-5,9.029834943731285E-6,6.778462542418814E-9,1.4153274221515949E-5,2.8491051799989356E-5,2.830073438826752E-7,6.338844824387021E-6,7.708629480301063E-6,2.1099646791593085E-5,2.213683350571759E-5
0.7434914052477118,1.3903991863553691E-5,1.8002945632247147E-7,1.4079283593392984E-7,0.0,0.0,3.2370111906730014E-6,1.8113024153310492E-7,1.3830726012118135E-5,0.0,1.5516168896503767E-6,3.3647949829706143E-7,6.346488256342927E-7,0.0,4.5568476070132033E-7,0.0,7.502181697561558E-7,0.0,0.0,0.0,0.0,2.1902208998191047E-7,0.0,7.359961953543001E-6,7.142101279692788E-7,0.0,1.0446126364312292E-5,2.662598963961421E-5,0.0,2.8494378649755968E-8
0.16278145773313307,0.0,0.0,0.0,0.0,0.0,0.0,0.0,0.0,0.0,0.0,0.0,0.0,0.0,0.0,0.0,0.0,0.0,0.0,0.0,0.0,0.0,0.0,0.0,0.0,0.0,0.0,0.0,0.0,0.0
0.3264871695030764,5.808504445329923E-6,4.380663606524803E-6,6.109073310328468E-7,1.9462965384655887E-9,1.2924702261490826E-8,2.244048603467298E-6,6.9135505896658056E-6,5.836298720396862E-6,5.656174368444503E-9,1.7993925786779987E-6,1.438475394924873E-7,5.424590588869553E-7,1.947164742614745E-8,1.3599374261247302E-6,3.992449121991237E-7,8.008458974369042E-7,2.2499907476044158E-7,7.636630830798125E-6,2.0746628738459023E-9,1.3895791403001124E-5,1.2958396697785355E-6,1.4712523289169924E-9,1.0494276730902114E-5,3.5375697231882075E-6,1.8513181503586296E-7,4.7270170591182915E-6,5.380716388505551E-5,4.118428574679049E-7,1.2340311316030398E-5
0.5359751192994011,7.915732393986513E-6,7.678111477846727E-6,3.8622014303000745E-6,1.0824114784302729E-7,6.646300502807466E-7,7.436318658701485E-6,2.8936938516243096E-5,4.290523837502473E-6,6.696426602106887E-8,3.1184437638668175E-5,1.4178702982839174E-6,2.8345046979676938E-6,4.404156719960644E-6,3.905340381962315E-6,1.3021875248610927E-5,8.478385392961058E-6,5.5156418902849956E-6,1.5989604161647196E-5,2.13875017216325E-8,6.383452991884699E-5,3.5871886376490414E-6,4.353992131241369E-8,1.6341636443679732E-5,9.14735001248921E-6,7.648894213639026E-7,2.1381707426255763E-5,2.3582690381994674E-5,1.1060205296974413E-5,5.2930617222706853E-5
0.3524072505924055,5.3492868797975845E-5,1.30758509769541E-5,5.654444805101518E-6,6.723664059310046E-8,1.613886618057779E-5,4.280537161484119E-6,8.323284354777126E-5,3.0371338394897015E-5,4.244398086174494E-8,6.220602190439869E-6,4.225899723958899E-5,1.6999543855284867E-5,1.273739886164054E-6,1.618068518379611E-6,2.947970036929604E-6,2.8572329216271388E-5,5.059976988190109E-6,5.7132303998951576E-5,9.459837159394719E-8,1.0627459360171243E-4,6.792509717744214E-5,1.4505885430133732E-8,1.1771967266698537E-5,1.0660758665440955E-5,2.8946059438938553E-7,6.911957931235722E-6,6.073622113762778E-6,3.200525969307551E-6,9.577532215782084E-5
0.8951473943967142,4.95495111975516E-6,3.531184186943533E-6,1.5696104098920232E-6,1.1917802288115838E-7,4.491246827847266E-9,3.1718320272277147E-6,1.7303240545974088E-8,5.030945509497571E-6,1.0785115188650124E-7,1.5802516242262787E-6,7.980961134381733E-8,1.6409107877586257E-6,6.5718296560843276E-6,3.5011177796975812E-6,1.853036909276151E-5,2.876694897119888E-5,3.159449540485296E-6,5.2020948537612476E-6,4.012388167167242E-8,1.6994465506158733E-6,1.9836413140504484E-8,7.912587726030055E-8,3.1829068424306948E-6,6.732124649517627E-7,2.6932535704845842E-8,3.85911442630371E-6,2.3161395046998753E-6,1.914584248458003E-5,7.899262559883679E-7
0.5898338734746598,1.7102204174550118E-4,6.0703808669836204E-5,1.5647452154368486E-5,3.288245441750179E-7,2.5179199285061546E-6,4.28680281118895E-6,2.4971192769599147E-6,5.895584200401124E-6,3.105400105776916E-8,2.689235863691736E-5,4.2720140334736976E-6,2.0221657425935595E-5,4.120401276043832E-6,5.382912711250749E-6,5.144845620063541E-6,1.5236224524543434E-5,1.0714967207320797E-5,1.519074903183486E-4,1.8501838608091877E-7,3.426891402092071E-6,8.991599005494251E-6,3.7667211086811705E-8,1.564950188565847E-5,7.026661878760859E-6,4.603278189201576E-7,3.444406219545901E-5,1.6956779551787361E-9,5.869051019373736E-6,1.362286730209564E-6
0.9917248929392248,0.0,0.0,0.0,0.0,0.0,0.0,0.0,0.0,0.0,0.0,0.0,0.0,0.0,0.0,0.0,0.0,0.0,0.0,0.0,0.0,0.0,0.0,0.0,0.0,0.0,0.0,0.0,0.0,0.0
0.7351170119323441,1.4211932506471497E-5,4.5139150626006016E-7,3.1152790025027364E-6,1.320245983265371E-8,1.3506460598469602E-6,1.1787268635981552E-7,1.92964434075148E-5,8.408902170224809E-6,7.071733365742273E-9,5.4601116289457545E-6,4.165969498823632E-6,7.555567083867176E-6,8.224291191703534E-7,1.005024111197014E-7,1.2234196656822152E-6,1.061599435976676E-9,2.842164695458148E-6,8.05751867051281E-6,4.8427939518424195E-9,3.0230764308616773E-5,3.0321428306389707E-5,7.725656183261701E-9,1.6894811192793145E-5,5.227176100163071E-7,4.703045225184532E-7,7.594858629369413E-6,9.489042323224486E-6,9.268944254065797E-7,4.824723167892152E-6
0.4000141554391812,1.0079088377459677E-5,0.0,5.0810929906790135E-6,5.919270986318099E-9,3.851451502231458E-6,1.685659663024878E-6,1.7312501681954005E-5,5.783314493362402E-5,3.3534565661733094E-8,3.4807779160216905E-6,1.160081576272522E-5,7.673875943170188E-6,3.568539772035215E-6,3.318858890127166E-7,1.98908499782457E-6,3.0999710791781024E-6,5.853908988198997E-6,3.953788125860373E-5,8.476716230394721E-9,2.751083884810335E-5,5.3313965430146284E-6,3.347717977798174E-8,4.7213832460539646E-5,3.6025153055372164E-6,1.3551970465259846E-7,4.190002223459794E-6,1.1552403441140831E-4,1.1981976893050828E-6,2.2021386651453542E-5
0.020311648382276073,1.420118889629649E-7,3.480696085105234E-8,1.5026971471055546E-8,2.0341374315996703E-10,4.2708418040253304E-8,1.1338185879787992E-8,2.2031622920485985E-7,1.7275629651409924E-6,1.5902359572676989E-9,1.6524446438518767E-8,1.1184798473002591E-7,4.50170255580026E-8,1.6189314932953022E-7,4.289003492389476E-9,1.4333251103904071E-8,7.563826383713291E-8,1.5363653580997355E-8,1.9079343675461226E-6,2.559665786071734E-10,2.8134144491546347E-7,1.7975230723287205E-7,1.5551169699917373E-9,2.341723685319371E-6,2.8370758109990512E-8,7.681194444433719E-10,1.8368736898717524E-8,6.036309668155426E-6,1.4696287978619632E-8,2.5358040327723463E-7
0.3018269577193372,1.4330278361100583E-4,2.2216667416147208E-4,6.739033379304864E-5,1.1241017127319525E-7,7.531073969780006E-7,5.29401770478733E-6,1.5554722207414187E-5,1.1235822046317166E-4,2.185347279637093E-7,6.0635721032598744E-5,9.990063660636368E-6,3.479116673201652E-5,1.9329826000959767E-5,6.9209248623937795E-6,2.3106342598780016E-5,3.980229189413606E-5,6.0545616478711835E-6,2.0079554380130903E-4,1.559653037479378E-7,2.9283094505260514E-5,1.1909651746875504E-5,1.862519233212542E-7,2.3141267203725005E-5,1.1426444923062105E-4,1.0700814590268665E-6,8.126027759742265E-5,3.044518367403726E-4,2.1089939923334478E-5,5.123787144668605E-5
0.3885664118668276,1.5620314917432757E-6,7.920056565123295E-5,1.0793553850793148E-5,1.8834843054741443E-7,2.0614493107484813E-6,8.509352220912981E-6,4.5562421033645075E-8,7.034571990406832E-7,4.976147139372114E-11,6.244417243693028E-5,3.3904797735252995E-6,9.891326444721593E-7,4.515337384038556E-6,9.40906167802741E-6,7.601528417111047E-7,1.4930265166707833E-5,4.613052865045486E-6,2.130233105398998E-4,1.0970624424470798E-7,8.757375262300517E-8,3.525984669700856E-5,3.510774450965003E-8,9.761000639737532E-8,6.104404287943523E-5,1.1930067373558964E-9,6.956828727313981E-5,8.77869245805874E-6,6.729377385523758E-6,5.8407775399354733E-8
0.24893187530231117,6.7981226198228664E-6,0.0,0.0,0.0,0.0,0.0,0.0,0.0,0.0,0.0,0.0,0.0,0.0,0.0,0.0,0.0,0.0,0.0,0.0,0.0,0.0,0.0,0.0,0.0,0.0,0.0,0.0,0.0,0.0
0.9691562780519571,2.7236140552563506E-6,4.331372091166046E-6,4.00905015498906E-6,3.6812065181095335E-9,1.9001893184592708E-6,1.522178306739602E-6,0.0,9.004303493956644E-6,8.154450148785686E-9,3.061023650948318E-6,1.8077464262256582E-6,0.0,7.147457766170952E-7,3.5938084210942614E-7,1.1980889765906846E-6,8.683759599913664E-7,7.375652225831943E-7,6.245616599462019E-6,5.518913426626222E-9,0.0,4.107673991900593E-5,7.1613984293089646E-9,1.4975672775118459E-4,1.8236906162968019E-6,0.0,3.3238547021930183E-6,1.8147672886895507E-4,1.1086964337598264E-6,3.895222495315237E-6
0.2888758819738916,0.0,2.4785831214776124E-5,0.0,0.0,0.0,0.0,0.0,0.0,0.0,0.0,0.0,0.0,0.0,5.061578540827578E-7,4.009123375376534E-6,0.0,0.0,3.090635060835306E-5,0.0,0.0,0.0,0.0,0.0,2.8805844674646664E-5,0.0,0.0,6.08459655350446E-6,3.537263172892234E-6,0.0
0.6683184378501004,4.5160101298282596E-5,1.3684231318427091E-5,1.2877517712733639E-5,1.1510849855035599E-7,3.818459910624754E-7,2.477273938719952E-5,1.0001397854615851E-5,1.3549737003793321E-5,1.0570479378023757E-8,6.101685854812517E-6,8.984616455526137E-7,8.077543927521743E-6,7.454145169295761E-7,1.3101320070088294E-5,2.2894114290216994E-5,3.298011115222885E-5,1.0943975218501392E-5,1.1449384005145338E-5,1.079580872675864E-8,2.7314899246880975E-5,2.7699290085865112E-5,7.510222599668515E-9,5.784863748992472E-5,2.672530870675512E-5,2.895502572732331E-7,6.319285636828044E-6,6.583883073231451E-5,2.0003772419315746E-5,2.3252566366624864E-5
0.44542949772023677,0.0,0.0,0.0,0.0,0.0,0.0,0.0,0.0,0.0,0.0,0.0,0.0,0.0,7.327292388561719E-6,0.0,0.0,0.0,0.0,0.0,0.0,5.830253388518326E-7,0.0,0.0,0.0,0.0,0.0,0.0,0.0,0.0
0.9157619839257808,0.0,0.0,1.4556791443193067E-6,1.4409604356056754E-7,0.0,0.0,0.0,3.245739615168699E-6,0.0,5.335270951629107E-7,0.0,0.0,0.0,0.0,0.0,2.039705407957755E-5,1.777989470173327E-6,0.0,3.694319992739114E-8,8.686386655265212E-7,0.0,0.0,0.0,2.4466485879965836E-6,0.0,0.0,0.0,0.0,5.265339546132189E-7
0.5539443696633644,2.4553196712646014E-4,0.0,0.0,0.0,0.0,0.0,0.0,0.0,0.0,0.0,0.0,1.286365697491847E-6,0.0,1.3763941068689115E-6,0.0,0.0,0.0,0.0,0.0,0.0,0.0,0.0,0.0,0.0,0.0,0.0,0.0,0.0,0.0
0.45688255080998796,3.343489775230212E-4,7.060036396693779E-6,0.0,1.0616894094918108E-7,2.7430568398168657E-6,2.6884046418509412E-5,2.7815618211284364E-5,6.669197287095921E-5,3.853339462339403E-9,1.559521702456699E-5,1.7289362116638873E-5,1.2123099612721348E-5,8.536180952839321E-7,1.950940871205404E-5,2.6519466747836343E-6,1.551444377927983E-4,2.6018396171432076E-5,1.2111406680143184E-5,1.0296300954438538E-8,6.965356330319701E-5,0.0,9.128505752454653E-9,8.455683233344369E-5,2.003116740915722E-5,2.398912927149547E-7,1.4113700349816908E-5,0.0,8.211578647942516E-8,5.1225603885356405E-5
0.976298039005589,0.0,0.0,3.7319597637038193E-7,0.0,0.0,0.0,0.0,0.0,0.0,8.02539394625278E-6,0.0,5.694804950964189E-7,0.0,2.1176411498949063E-6,0.0,0.0,0.0,0.0,0.0,0.0,0.0,0.0,0.0,0.0,0.0,0.0,2.340490873602046E-6,0.0,0.0
0.9620882857311519,0.0,1.1463003126612321E-7,4.4153157265432536E-8,6.684505709666939E-9,1.643714495820408E-8,1.0129125093714224E-5,0.0,1.3058967874950897E-7,1.7262612713927907E-10,1.512391767340504E-7,1.1320727702664663E-8,1.2178734064567598E-7,0.0,1.3844172249417653E-7,2.676727130357997E-8,1.9157738474479801E-7,1.9776400620303174E-8,1.7509946478593613E-7,5.8028741800017464E-11,0.0,0.0,1.6255730805099109E-10,0.0,6.412924724055862E-8,4.85513130477874E-10,6.630396836356742E-8,3.318345859554942E-7,1.7500650536076554E-8,7.101616053190389E-8
0.5450714539073722,2.5283779574630637E-5,0.0,0.0,4.0358633176280086E-8,0.0,1.4284101743377926E-5,3.3269652417963546E-7,2.5175518160816258E-5,2.7276884343585015E-8,3.433149170866688E-6,1.3448530144095157E-6,1.2766224508308801E-6,2.858154931305263E-6,1.4697157952941253E-6,3.6506713314327367E-7,1.6846109613678128E-6,2.0356605365053655E-6,6.16407355153678E-6,1.9688641555983857E-8,0.0,0.0,2.6769343552682983E-8,0.0,2.613688852192964E-6,9.730813649404043E-9,3.910930991546686E-5,3.7559880735921616E-5,3.3714304097194286E-7,0.0
0.6065074186014536,1.7512627651265162E-6,3.279072582159006E-7,0.0,1.1344877088377734E-9,4.887090988638031E-8,1.602255844187381E-5,4.6254158232860885E-7,4.390369984533764E-7,0.0,2.6715034854492843E-7,1.2327448119740203E-7,1.1742484867426233E-6,4.7082564695774234E-9,5.421924782775981E-7,4.968009005767065E-8,6.764444963786725E-7,9.221003945757041E-8,4.626876446639364E-7,2.4747577431174913E-10,1.8353359508708327E-7,0.0,3.089060322411818E-10,2.1243013709678685E-7,2.5253166405270324E-7,0.0,0.0,0.0,3.483383280919793E-8,2.453006412209514E-7
0.5270910295669182,1.251313245769704E-4,1.4109504515276858E-5,6.158067895935183E-7,2.180585493416924E-8,3.0471837716355533E-6,1.952831603715202E-5,1.3542161540147293E-5,1.6767626846588343E-5,2.2080932483033345E-8,2.0419903231569062E-5,8.380552217154644E-6,7.369170965179702E-6,5.37543842315385E-6,1.1031978947175727E-5,1.311834532867472E-5,3.455463426191945E-5,1.1080479890709604E-5,2.6318276374483843E-5,1.8998561887073316E-8,3.441675791869134E-5,1.1386780396898868E-6,4.7100956067521E-8,1.7769393745528877E-5,1.673456049927031E-5,2.992981264532319E-7,3.322528003035475E-6,1.312688861629932E-5,8.148984932293507E-6,3.0063758171904964E-5
0.9556030392941003,5.973237728759806E-7,0.0,1.1012761225178715E-7,3.1039465901429423E-10,3.2736548637152336E-9,8.969446950863105E-7,0.0,0.0,8.989543944093256E-8,1.1023658658634808E-7,0.0,3.482543853442961E-8,4.999805837188341E-6,6.457471329024722E-7,2.571815622981203E-5,4.725992186056032E-8,4.843844109813296E-8,0.0,2.3387214551683337E-9,0.0,0.0,6.461780599489414E-8,1.367346486820913E-7,8.167948093143206E-7,0.0,0.0,6.79303847290363E-6,2.4455707160586143E-5,0.0
0.7966786896092117,2.0055077504961513E-6,1.8203568323383571E-6,7.09468581215521E-7,7.346429203326726E-10,5.044410189691715E-9,3.5116954813143134E-8,1.4616772179109115E-5,6.998046816680216E-7,1.3690621836068392E-9,4.988418024426253E-7,1.2794294152575218E-7,8.868326279391694E-6,1.432215503742669E-7,8.553801076846783E-8,1.4346796320713555E-7,2.5559979067057604E-7,1.5997744540413033E-7,2.5550466515686573E-6,1.9546512617149922E-9,2.29543220499161E-5,1.5383149268050436E-5,1.1670585418231898E-9,4.689769181027484E-6,8.808341052343391E-7,3.1588293004201716E-7,5.178624714707105E-7,1.9087099353540464E-6,1.3104093240417912E-7,5.005135810377514E-7
0.9357931235405498,3.4475681559479655E-4,2.7633269954880903E-5,0.0,3.1107558520343173E-8,3.5007016883978E-6,0.0,0.0,0.0,0.0,2.6021814982830588E-5,9.448222919254092E-6,0.0,8.998892557205635E-6,0.0,0.0,8.286607318993975E-5,1.9612752362669996E-5,1.0731098012770976E-4,9.330932484954223E-9,0.0,0.0,6.849106680317255E-8,1.0759293572162087E-5,0.0,0.0,0.0,1.580040947782216E-5,0.0,0.0
0.9223225924852654,3.7360778778235444E-5,6.994506158125034E-6,4.014397990454391E-8,0.0,0.0,8.656163507019674E-7,1.6336272432922464E-5,9.179985489993476E-7,0.0,1.3763247826086372E-5,5.4076779461642116E-8,0.0,9.898734529026795E-7,5.007430249905518E-6,1.0350175340873957E-6,1.5089884478178588E-6,7.435030688863703E-7,4.922579997840971E-6,1.347607169909956E-10,0.0,1.0263337003140327E-6,1.0107615401271296E-8,8.260523398586123E-6,7.860919850173286E-6,0.0,7.018923831670024E-7,3.708229169936521E-6,5.402144789238129E-8,0.0
0.650807401649558,4.1261374220029313E-4,1.8514958879523942E-5,7.984800376436284E-6,1.5348004201582412E-6,2.233342842231059E-5,2.8108075254428597E-5,1.0234843894681945E-4,4.42618021325205E-5,1.5036105846973742E-7,9.854177029061328E-6,5.314192892366551E-5,2.1836130352520985E-5,9.143986377015367E-6,9.668688007443639E-6,2.2967161704957874E-5,5.762445763299946E-5,8.527017344859903E-6,7.353465645583483E-5,1.4262244167005749E-7,1.322772545572833E-4,1.0045719378336084E-4,9.786927448157994E-8,1.6940809784801762E-5,1.412902681039702E-5,4.2256681570554297E-7,1.9581305853255423E-5,5.163878307036585E-5,2.2225819278273822E-5,1.233017084721319E-4
0.9839007012542227,0.0,0.0,0.0,0.0,0.0,0.0,0.0,0.0,0.0,0.0,0.0,0.0,0.0,0.0,0.0,0.0,0.0,0.0,0.0,0.0,0.0,0.0,0.0,0.0,0.0,0.0,0.0,0.0,0.0
0.09674474477978179,3.939734255038243E-6,0.0,3.67757834802489E-7,1.1572210922924055E-6,0.0,0.0,0.0,0.0,1.7371194265356685E-8,0.0,0.0,0.0,9.221505721281837E-7,6.439457880243451E-6,2.968189410586502E-6,0.0,0.0,0.0,0.0,0.0,6.991189385196903E-6,7.282796975257274E-9,0.0,0.0,0.0,0.0,7.134363638023527E-7,4.207891689956235E-6,0.0
0.47822797261774813,2.6254183097695717E-5,5.2812616731905896E-5,1.0263227597990303E-5,3.184446874509499E-8,2.2632990580380305E-7,6.171379037033011E-6,6.705741310409723E-6,8.203300797732758E-6,7.612225113763034E-9,7.924782042957398E-6,1.1346537965998506E-7,4.883552676865447E-6,8.023204019508145E-8,8.406640700837682E-6,4.648250018652183E-6,1.3032135681744973E-5,1.2915925230673865E-6,5.901042955320224E-5,3.368705141922763E-8,2.5576987168395825E-5,8.726112720674924E-6,7.178944582982685E-10,1.0666571553215207E-5,4.204924953465411E-5,3.1719096110519227E-7,5.618055478175797E-7,4.179331544098681E-5,3.261710249150056E-6,2.6101802929951232E-5
0.7897031596011959,0.0,0.0,7.827875699352546E-7,0.0,0.0,0.0,3.8981417042394886E-5,0.0,0.0,0.0,0.0,2.3143065005750788E-5,0.0,0.0,0.0,0.0,0.0,0.0,0.0,6.106476565968256E-5,4.108293484783808E-5,0.0,0.0,0.0,8.308656530337714E-7,0.0,0.0,0.0,3.532927214161718E-7
0.13112182372005554,4.861992229912111E-6,4.079566278709795E-8,1.179772959153438E-8,1.9618435184007803E-8,7.401210483298765E-8,2.9072254522877647E-7,5.169329519541497E-8,4.671878217734149E-7,3.0859245568385244E-10,1.9124275210814285E-7,4.061885247569543E-8,1.548760686682991E-8,1.7994941402381913E-7,1.6274962746423025E-7,8.628047156130996E-8,1.0780406654260818E-6,2.1699978362785476E-7,1.9366371478007216E-7,1.6007888333204518E-9,2.9491262500356456E-7,1.4962994527681572E-9,1.6153728919421273E-9,2.3125362212956303E-7,7.989083425681456E-9,9.312472174055673E-10,2.267116974632187E-6,9.487418260664743E-9,6.61155889774585E-8,2.0218806900304558E-7
0.49860922008628966,0.0,0.0,4.4821737799707325E-5,0.0,1.089995829744366E-5,0.0,9.619681513485234E-5,0.0,4.226597775913288E-8,5.845845562442224E-5,0.0,0.0,5.662562542789053E-6,0.0,0.0,0.0,2.4965760547219586E-5,5.009996209160611E-5,0.0,4.864201506245745E-5,4.74020835437657E-6,4.92703266320739E-8,2.0054900834110256E-4,0.0,1.2554617025089335E-6,7.082179111622513E-5,3.46780240979211E-4,0.0,1.3088612993333732E-4
0.36487989995497616,9.964291252474838E-5,1.137599930404778E-6,4.990415284244982E-7,3.732878554001556E-7,1.787592940447216E-6,4.625185994935045E-5,6.398124222468481E-6,8.465440724985719E-5,3.4079872236267106E-8,3.430234345494882E-5,9.116539267836876E-6,1.3717922927433277E-6,2.3838098347497832E-6,2.414320268693813E-5,7.504816875459048E-6,1.9989940757267807E-4,3.3999809521423315E-5,6.893026054122921E-6,2.114923790933296E-8,4.218415696484234E-5,1.3607306172473424E-5,2.4416080471427818E-8,7.82993134617534E-5,8.667976028383935E-7,3.988212193820947E-7,3.663467606684444E-5,5.8525766119217395E-5,7.2505390362856365E-6,2.6766640992526826E-5
0.2357635959635388,2.0209185536004421E-4,2.8906642015711145E-4,8.698423804788951E-5,1.620169209773723E-7,1.1957581741464354E-6,0.0,2.1269604579428867E-5,1.4703110913416592E-4,2.833484356093432E-7,7.876891063012885E-5,1.3712458851395636E-5,4.5552302499397574E-5,2.506329859521893E-5,9.258557434623692E-6,3.0019175885576664E-5,5.397445263599739E-5,8.231650885667593E-6,2.614918962136656E-4,2.0280982922088943E-7,4.010728801095367E-5,1.5587011015428063E-5,2.4148458698056735E-7,3.187447726132475E-5,1.4905833002879358E-4,1.3934687245671694E-6,1.0548277580541064E-4,3.954827622919111E-4,2.739200464697891E-5,6.812084390990563E-5
0.221981160127445,2.7078725303947087E-5,2.1861293993374115E-6,6.346964607262834E-7,1.7161116751382997E-7,2.2791594474020306E-7,2.7242917781102413E-6,3.779130662605434E-6,3.4237427239603793E-5,7.95729769441773E-9,1.529924719143185E-5,3.4513240889220894E-6,9.615462384838165E-8,9.586998696235485E-8,1.9288679072573676E-6,1.952260515938885E-6,7.6742156356948E-5,2.0531001222345007E-5,6.302123737316377E-7,2.771343428625499E-8,5.546489538804119E-6,2.159642946439438E-5,1.0229488776367818E-9,2.1018429357949962E-5,2.381091821834075E-6,1.0940376467001003E-7,1.3087966082219824E-5,2.5023456413524488E-5,1.6319125434699013E-6,6.489397701750257E-6
0.7830078506858706,1.047959400903096E-5,5.688971238192036E-6,5.371546720210856E-6,1.8856721494112215E-8,8.670038339171421E-8,9.815201057070752E-6,3.7358581941797597E-6,4.825487041586577E-6,3.736579876625126E-9,2.2685391947045235E-6,3.2668398407455866E-7,3.376155237590875E-6,2.644904366189361E-7,5.1774278984131614E-6,9.44369490844445E-6,1.1779445599984928E-5,4.371866276386621E-6,4.544533438081648E-6,4.473443123328894E-9,1.027307735152788E-5,1.0378614786236746E-4,2.703901686862082E-9,4.4075671253150867E-4,1.1196777085887531E-5,1.1116934914334404E-7,2.515746710692359E-6,5.127151570980752E-4,8.272379217794044E-6,8.71932591100613E-6
0.48838561952762644,3.0981883309128775E-4,1.2664178788337138E-5,0.0,1.2337001734246602E-6,2.056977108163894E-5,2.3176965879616275E-5,9.787377985696259E-5,3.473941034122726E-5,1.345883947408594E-7,3.3223821765522095E-6,5.0024630995208436E-5,9.8908196616981E-6,7.93651871128419E-6,5.310320658622904E-6,1.8603169089889762E-5,4.0854878203846496E-5,3.207110933513586E-6,0.0,4.481924220165759E-8,1.5725404609697737E-4,9.345665041959559E-5,8.667422615540883E-8,5.90743746866316E-6,7.684140895172502E-6,7.100354627527515E-7,1.1197418817474286E-5,4.3422555833557585E-5,1.765107728268272E-5,1.524623755431917E-4
0.4676614823911407,0.0,1.9218448317066702E-5,0.0,2.3341713835802047E-9,7.151336960462246E-7,3.511939609040597E-7,0.0,1.0425460968057993E-6,3.761724895740016E-9,2.8084731217074566E-7,1.8639191896374204E-6,0.0,0.0,0.0,0.0,0.0,0.0,2.22948670461905E-4,8.071903108405106E-8,0.0,2.2357623419014955E-5,0.0,0.0,1.812080703752525E-5,0.0,0.0,0.0,0.0,0.0
0.9288157192986232,1.3989127657369333E-5,2.0483604332375307E-5,2.706124465381895E-6,6.631549997327666E-9,0.0,0.0,0.0,9.432713523814378E-6,1.3407962928727011E-8,0.0,9.181059852943656E-7,3.1216756508022652E-6,1.1466469741517662E-6,5.183878693153089E-7,1.6233606698537217E-6,2.9113668161151513E-6,0.0,2.1061153154482024E-5,1.3358428851034785E-8,0.0,0.0,1.1005448369623088E-8,0.0,1.05292173388533E-5,0.0,0.0,0.0,1.437461573462875E-6,0.0
0.6592429549048717,1.2607455864023363E-4,5.901486868894618E-6,3.7657950222081287E-6,6.820045049789517E-8,1.1221325141233577E-6,6.669987520653547E-6,1.902148576664538E-5,4.184217901453821E-6,4.7825728467952246E-8,5.60626187981661E-7,2.1494049318843603E-6,1.1052399155405602E-5,4.973552949089949E-6,4.099437527642926E-6,6.505041333112679E-6,9.673448379992623E-6,7.008811213883854E-6,7.048932186415147E-6,2.8810051108631473E-8,2.1422572697259566E-5,2.6222790334360616E-5,4.742782081369185E-8,1.6970400804596616E-5,9.670039225315254E-6,3.746456441730938E-7,3.200103171122816E-5,1.9464550494853605E-5,5.653202845330821E-6,6.781186359344071E-6
0.4231261335520043,2.317672321379089E-5,3.323099490610583E-5,9.819789886785915E-6,1.4023319567152947E-7,2.534168756140692E-6,1.0565908682657059E-6,2.294114431551542E-6,4.6595520476809164E-5,9.5944064754193E-8,7.748255485425893E-6,5.563587486980251E-6,5.300078052045929E-6,1.4128744115686609E-5,1.9965676972681288E-7,2.199758639112872E-6,5.5540978071823765E-6,9.533547851201723E-6,7.099026516427924E-5,7.422828798298068E-8,5.0082660167011836E-6,0.0,1.32282937377835E-7,4.400906857237002E-5,1.7865077855584006E-5,3.557517547066648E-8,7.885243292132228E-5,1.682762313459916E-4,1.8617553751546438E-6,8.012653325195635E-6
0.11503349761447272,0.0,0.0,0.0,0.0,0.0,0.0,0.0,0.0,0.0,0.0,0.0,0.0,0.0,0.0,0.0,0.0,0.0,0.0,0.0,0.0,0.0,0.0,0.0,0.0,0.0,0.0,0.0,0.0,0.0
0.039619006575976036,2.1361281450800926E-5,1.6201767980392643E-6,1.3263448717038657E-6,2.0328966445215028E-8,3.440820058302858E-6,1.4681450027586333E-7,3.107042945658528E-5,1.6208693026725137E-6,1.6526833591749578E-8,3.7085592112909814E-7,7.992630343303716E-6,1.903425997745191E-6,6.455086170522605E-7,3.772505278939539E-7,1.7633523587306774E-6,1.812844988300596E-6,4.865677820201678E-7,1.054145453440991E-5,2.4900431837767343E-8,4.834794921808962E-5,1.6132056278987415E-5,7.718853909945155E-9,9.01590604793966E-6,1.7050112457753526E-6,4.339787825416803E-7,3.707521196136906E-8,2.378142015474302E-6,1.8714085659406754E-6,4.369322425514201E-5
0.0594533182201118,3.1079899672264266E-6,4.113730035378436E-5,1.4830674051180918E-5,1.1781868085528067E-8,2.5276276538251664E-6,8.331190929087912E-6,8.128300857971261E-6,5.391304103344508E-7,1.462234743922952E-8,6.914003266521995E-6,1.3580635245707175E-6,7.203777759739703E-7,4.1200399360338203E-7,3.472749238830102E-7,8.09174301157763E-6,2.3227410126313376E-6,8.874980934719174E-6,2.953043926541018E-5,5.21870780445405E-9,1.4795759614421374E-5,2.064358160990718E-5,3.0440503188400643E-9,4.515422998264416E-5,4.866043052973937E-6,1.281450335743358E-7,3.492201940946053E-6,7.565573599878113E-5,6.154098030400733E-6,2.0105040513212646E-5
0.7753699690073689,0.0,1.4720405866826448E-4,0.0,0.0,0.0,0.0,0.0,0.0,0.0,0.0,0.0,0.0,0.0,0.0,0.0,1.5886333577759551E-6,0.0,1.7325204604251237E-5,0.0,1.9268089595177017E-5,0.0,0.0,3.792656912582472E-6,1.0992931837355927E-4,0.0,0.0,0.0,0.0,1.0403871553633968E-5
0.9027259146052667,3.222571544216405E-4,7.266771500601059E-5,1.5297180727553206E-5,2.6383234514973407E-8,3.882338470992794E-6,4.495624730133393E-6,1.4696271490297411E-5,1.6362604051051264E-5,7.577917605593851E-10,3.408117181234327E-5,1.061938133357678E-5,5.389491910544352E-6,7.576145648937695E-6,8.178314251742013E-6,4.7475505841891615E-8,9.633067343742106E-5,1.7488467030037957E-5,9.464326100255785E-5,9.918004635488051E-9,4.7743184952585196E-5,1.075272338443542E-5,5.794734318959788E-8,3.0327684109574405E-5,4.911756498824661E-5,5.325505762696686E-7,1.0833367224308112E-6,6.604216926166622E-5,1.2067527422224774E-7,4.731423974309017E-5
0.7677111141118105,3.839577464413834E-5,5.5928497622765376E-6,2.1890031650292895E-7,5.53826504663741E-7,1.0285315530328245E-5,4.014960546240739E-6,4.692384377358405E-6,1.0617748443834412E-5,2.120890308485358E-7,2.662871036556785E-6,2.0664250607692022E-5,1.3935897881295413E-6,4.085127842178101E-5,2.4644826389990574E-6,2.4839442061159766E-7,1.9356784182164797E-5,4.074709850784815E-5,4.104629087862279E-5,2.5529346641051873E-7,1.1016409878528297E-5,4.81451977611172E-6,3.8028085944348295E-7,1.112316374687476E-5,6.939059690025789E-6,6.925705782739387E-8,3.073165855465073E-4,3.4707860887371078E-6,8.442383051228126E-7,8.375848164533677E-6
0.8395034514341191,3.592457646349308E-4,3.0966258613094315E-6,2.842056262022648E-6,1.0276438120325149E-8,3.959385284285752E-6,8.727067249944172E-6,2.7170933703426525E-5,7.427499768312409E-6,1.4818503236983648E-8,3.376672171373042E-7,1.0099262723359299E-5,3.328997462690269E-6,4.3431667636469284E-7,6.47968152415481E-6,5.359538132020668E-6,4.060040110228445E-6,1.6876660787398008E-6,1.0670422247876554E-5,2.5535679748797267E-8,6.425137269116304E-5,1.769022075727556E-5,4.889432055035621E-9,1.6275294498047296E-5,7.989206711941602E-6,5.350799972768248E-7,2.782039653857535E-6,1.1599074339658739E-5,4.7037651851309225E-6,6.18549390881707E-5
0.8318242250146024,2.996899305744748E-4,6.518317942681123E-6,7.0354690400241865E-9,1.0808813966258375E-10,1.8138601580210316E-8,7.881471469838298E-10,4.000380726616617E-5,8.561170618521283E-9,0.0,0.0,4.2129726296815796E-8,2.1514355570251832E-5,0.0,0.0,0.0,0.0,2.5886161253384564E-9,1.5947058008596487E-5,8.620276673088651E-9,3.3187562496307866E-5,4.6187197384399844E-5,0.0,4.756080332407313E-8,5.8395073461684926E-6,7.350353446826996E-7,0.0,1.253606834368989E-8,0.0,2.3025151390721254E-7
0.598021597080396,0.0,0.0,0.0,0.0,0.0,7.116585036345128E-6,0.0,0.0,0.0,0.0,0.0,0.0,0.0,0.0,0.0,0.0,0.0,0.0,0.0,2.9032366693566627E-5,0.0,0.0,0.0,4.435554738301201E-6,0.0,0.0,0.0,0.0,7.186628186275254E-6
0.5177977107683769,2.3112688682261167E-4,2.097515308064197E-5,4.9001193616976664E-6,0.0,3.7413965776290868E-6,0.0,4.0560262957394166E-5,0.0,0.0,0.0,8.923010726583923E-6,1.8711386196345734E-5,0.0,0.0,0.0,0.0,0.0,0.0,0.0,3.982515638817317E-5,0.0,0.0,0.0,3.48180354331267E-5,0.0,0.0,1.9229785782394778E-5,0.0,5.4766014889538465E-5
0.7597748406525964,0.0,1.655170007550022E-4,0.0,0.0,4.797823109345465E-7,4.77913446095343E-5,2.8934373208704458E-6,0.0,0.0,1.6069799907110403E-5,1.32900413159508E-6,1.8366976412899613E-6,0.0,0.0,0.0,3.0047790305723935E-6,0.0,3.798243961600259E-5,0.0,2.5747458739527392E-5,3.406194097868237E-6,0.0,1.3660649749242065E-5,1.2473831306197958E-4,0.0,0.0,9.553151409322081E-6,0.0,1.5041619828494198E-5
0.07760291707308968,2.0047089666080773E-5,0.0,1.6189321140108352E-5,0.0,2.9697052370540623E-6,9.605230867117062E-6,1.0201211253630323E-5,2.389580975949889E-6,0.0,7.98360795218561E-6,2.450559499937787E-6,1.6655427715340672E-6,0.0,8.823729611884196E-7,0.0,6.249090688413206E-6,1.0299203403979855E-5,0.0,7.065439161846538E-9,1.8829899481759677E-5,2.2696256117226464E-5,0.0,5.177633569139022E-5,0.0,1.4889560530848486E-7,4.249195933687162E-6,8.280248272866996E-5,0.0,2.404007110099406E-5
0.19312308426240601,2.8785588340986914E-6,4.36898840397415E-6,3.032284608366388E-7,6.663773388627421E-7,2.375926826977014E-8,2.650848329332165E-7,6.580300191126025E-7,4.6359228529547544E-7,1.0187251701854115E-8,2.3808593636199211E-7,5.350499086678865E-8,1.3289593340332784E-6,5.532930585210056E-7,4.220091022764592E-6,1.7480092134774563E-6,1.023659461355025E-6,2.0424374847111655E-7,5.75692259661313E-8,1.4848409531512795E-10,1.9947761629065167E-7,4.082964126680038E-6,4.413001018973764E-9,5.943900819730696E-7,3.5483467703675246E-6,2.836305876912838E-9,2.4896394666809104E-7,8.471641930450116E-7,2.4571955901403367E-6,2.2960589721562102E-7
0.726859502951305,9.020109101205834E-5,0.0,0.0,0.0,0.0,4.272077095006471E-6,0.0,0.0,0.0,0.0,0.0,0.0,0.0,3.5424849542559596E-6,0.0,8.587881846009495E-6,2.404664976186948E-6,8.015448776276044E-6,1.3119865312695488E-8,0.0,1.4455611578376629E-5,0.0,2.009960106197996E-6,0.0,0.0,0.0,2.2285662335657814E-5,0.0,0.0
0.14733327921922465,3.099480229939724E-5,2.1384031852953627E-6,0.0,8.518085517897184E-8,4.1013261021203127E-7,3.9497593687347704E-6,2.3192273937132707E-6,9.157479046152744E-6,2.4483237129573642E-8,3.0335578893832016E-6,1.5985400866137E-6,2.0452132479707605E-6,4.790078098565117E-7,8.80028874957266E-7,6.257951309005271E-6,1.485539012906569E-5,2.335566061510097E-6,4.84046575539283E-6,2.023059269913656E-9,3.7914878002258184E-6,0.0,1.5508188250133163E-8,8.637958610966653E-7,2.2277062812067164E-6,4.2583346510486564E-8,1.7143589194734444E-6,3.2755827923168723E-6,8.084710975613051E-6,3.4520634901237306E-6
0.8493197109030137,0.0,1.4309357946671155E-4,0.0,1.237888225155835E-5,2.1529915896992044E-4,2.2721473860299045E-4,0.0010508357125297155,4.0531177154297466E-5,1.3780504279512117E-6,0.0,5.191920029486547E-4,7.062235024929567E-5,0.0,4.0204897955973396E-5,1.9867515213866076E-4,3.234730915294223E-4,4.026768595431615E-8,0.0,4.644261897090316E-7,0.0016565125274536974,0.0010440682075729452,0.0,0.0,7.073248616110242E-5,7.509077779440858E-6,9.990636216494909E-5,0.0,1.9034475546819796E-4,0.001644501865734907
0.9493421552654865,7.567851419035832E-5,2.2175857405362008E-6,1.8199494539165646E-8,6.331554192672135E-9,1.4558954217683145E-8,5.239175595871491E-9,3.893679833277968E-5,2.175544573253892E-7,4.453318707916273E-8,1.3102761911889335E-8,4.375521353220659E-8,1.3591163324545573E-5,6.386824233892574E-7,4.868582757413768E-6,6.078884143552978E-9,1.1741109160908524E-8,1.623815498149574E-7,7.138317860152686E-6,4.017338253595241E-9,6.192470106083022E-5,1.1661180009599897E-5,6.445978984763188E-9,1.4853069336147792E-7,1.4854109018028342E-6,1.0528637228872592E-6,2.2958922331972185E-6,4.374143344982703E-7,3.1553123551967434E-9,4.733178276910075E-5
0.9093836283237855,1.0232150480082787E-5,3.7255989385080673E-5,1.1031661762849644E-5,0.0,0.0,0.0,0.0,0.0,3.201443620484421E-8,0.0,0.0,7.52187350436437E-6,2.9206901522259068E-6,0.0,0.0,0.0,0.0,2.9644138627844446E-5,2.128295226855476E-8,0.0,0.0,2.7937446315850073E-8,0.0,2.0162808667835045E-5,0.0,0.0,4.872321943742128E-5,0.0,0.0
0.5082318228170709,1.5859349001201036E-4,1.9356239970291653E-5,3.2870205760852362E-6,6.589203737243845E-9,1.9981015261559657E-6,2.6571372174825706E-7,2.3280230369819084E-5,2.073214197652172E-7,0.0,1.9355908820496347E-7,4.802143410694281E-6,1.42198978254293E-5,0.0,5.535217725847523E-7,0.0,7.910206066739282E-7,1.3426865140956703E-7,0.0,0.0,1.899791100191894E-5,0.0,0.0,0.0,2.8104543618965643E-5,0.0,2.685748343722567E-7,1.3511903727545028E-5,0.0,3.03761199094415E-5
