1.470153551449759E-7,1.217195074782962E-4,8.759787308869753E-6,1.6492290840264284E-5,5.528468067690573E-5,1.6478865559066438E-5,1.3094656044453724E-5,4.250242586857105E-5,4.493749074047691E-5,2.911547840078762E-5,2.0524707891050816E-5,3.192507031114206E-5,5.026169918542975E-5,7.179832135776457E-5,4.4417272906665153E-5,6.1519142851126075E-6,6.271118331460483E-7,2.4019786165416424E-6,4.340711929095131E-5,1.5356136909595202E-4,2.2861340398850075E-5,4.833032734803736E-6,3.2206517718889966E-6,2.487384000991928E-5,7.09024041293723E-5,1.6105837865207695E-5,2.917819491624112E-4,7.463434297722834E-5,1.0964580572107356E-5,4.122538560629216E-5
0.9999205670429234,2.893504014490601E-5,2.1480278120141047E-4,1.8198064555939415E-4,6.982734603100929E-5,8.372850682272766E-6,8.892375516920937E-5,4.184135455109608E-5,4.493813431379359E-5,7.812851183547367E-5,4.279216869799318E-6,3.171599447885772E-5,1.9964000283803594E-4,2.121958423815001E-4,3.1073433215493445E-5,6.842645396162923E-6,5.733386274593204E-6,4.634608328365918E-5,4.0019181013135956E-5,1.5364759197198264E-4,2.295652578090364E-5,6.576188742457548E-6,2.2381970532620926E-6,4.3319453365778834E-5,1.983858756574607E-4,1.6130151309026733E-5,5.072386332436131E-6,7.449071331110005E-5,1.4227363961771773E-4,6.688992328670613E-5
0.7399511990919025,1.3896637507106548E-4,1.342189360430647E-5,1.6645434469217646E-4,8.65687136646891E-5,1.532480614960683E-5,9.625907743169203E-6,2.5899458053376415E-5,6.725991438901697E-5,7.90566055496853E-5,2.3821719585813897E-5,2.0776678901840363E-4,9.386212338578204E-5,1.7084996380261009E-4,2.0507771872624086E-4,4.833806840585502E-5,3.7198969287270813E-5,9.755317595357733E-5,4.1751364235677664E-5,2.197584931907787E-4,2.2961661857480038E-4,1.2662740585000692E-5,8.579497057143187E-6,1.2626120747730017E-5,1.0826289996013227E-4,4.771251370393642E-6,1.1342590476220102E-5,1.3045830676207884E-4,2.7734715099992597E-6,6.012118759771153E-5
0.7161699764924214,2.778530308020381E-5,8.523556924249973E-5,1.6215881535846556E-4,4.002439390736706E-6,1.4028046557957707E-5,4.2410463864272076E-5,1.1978542696402602E-4,2.1335098943110043E-4,3.1175089132006004E-4,1.1759346525050039E-5,3.0434219866656464E-5,8.751036924020026E-5,3.2180306226510424E-5,5.345870203949682E-5,5.428066093251287E-4,6.033096397264273E-5,2.1740135856771227E-4,4.3301026059633595E-5,2.3928250266619063E-4,2.9482833931560813E-5,1.5523852314792752E-5,1.0136347903562403E-5,1.5706647216339064E-5,1.658780653135233E-4,1.681208120780498E-5,7.056216226809927E-6,8.741992458325883E-5,1.1474972111157527E-6,6.198368604722374E-5
0.9439086571704979,8.28583480213642E-5,2.1028273780622486E-4,1.8389904598726256E-4,3.3745812340519733E-6,8.434074241517474E-6,6.154984283561759E-5,2.8853652070978047E-5,4.065159654001492E-5,2.9870449703189503E-4,5.825182319731379E-6,2.8532651659862916E-5,1.9188906104535326E-5,2.14933719343733E-4,2.0580071775488085E-4,8.277456006850296E-5,3.8967886006583714E-7,5.113937860840537E-5,4.2834576765404605E-5,2.892453430965941E-4,4.278629129278049E-5,4.4814122596103254E-5,7.179393463495676E-5,2.268978013762381E-5,1.1017091299954509E-4,2.625746743027476E-5,1.9750362240197357E-5,1.3002228457061968E-4,3.4684109757955785E-6,1.4696929031714415E-5
0.27067167333318465,1.2042312119042291E-4,5.005569676498693E-7,8.468144621676113E-5,9.972345564720744E-6,1.4759249787692136E-5,4.447477233443989E-4,2.844110956247425E-5,3.270215951161935E-4,3.209791954118247E-4,2.3943464874003957E-5,3.1653919807868025E-5,1.508752596326135E-4,2.63106358670592E-5,4.9596196111863013E-5,1.3375226577515867E-4,3.753542342323605E-5,7.414345694678829E-6,3.1640524477172096E-5,1.1163607401133753E-4,3.4171693596252625E-5,0.004397559193995697,4.1671889595923125E-5,3.159016083495995E-5,1.3710979360212816E-5,8.104912476132179E-6,2.3912141005285567E-5,1.2656012174391108E-4,3.9416591567804355E-5,2.7267360072666208E-5
0.9299173252353254,1.131210749815579E-4,1.36708583250458E-4,1.561759205779148E-4,1.1346725943711008E-4,3.772776118480335E-4,9.125219142685446E-5,4.176393648148516E-5,3.4808271523032813E-4,8.289519568683798E-5,2.4287929669240187E-5,6.0750328561411354E-5,1.1466931858063672E-4,1.0956015225405133E-6,3.390943432256686E-5,4.8160671367092406E-5,5.73171680545994E-6,2.3080955344007468E-5,4.0001835175715273E-5,1.1791962135503052E-4,6.371994039836838E-5,3.574553358482899E-5,6.051252120037911E-5,4.277517010239403E-5,1.9714440507868385E-4,2.6496013032611237E-5,2.3237053159181245E-5,1.326102242980642E-4,3.0732276789029146E-6,5.9973151928285683E-5
0.44231137319861397,1.470519861840702E-4,1.351040261034461E-4,3.469305720821885E-6,8.455865553318177E-5,1.1967330547303768E-5,1.1448941540291834E-5,2.828258549057964E-5,1.2144384321808808E-4,5.028648592955E-5,8.004454937239017E-6,6.727179113198081E-6,1.948397089046731E-5,1.7982027322865506E-4,4.4437118350281474E-5,2.4309397657209516E-5,4.668214043720394E-7,2.029507325443262E-4,4.121099967984598E-5,2.0416576210459636E-4,3.550195452525106E-5,0.0063650686719583,2.1512791630064794E-5,1.9566597643404528E-5,6.200784748838084E-6,1.5023877876564557E-5,2.2433026267586725E-5,5.989436310851074E-5,3.438066709072758E-4,6.164209221464504E-5
0.8099092200077678,1.0881326270961132E-4,1.839258205846511E-4,1.823928951498517E-4,5.7645301959528746E-5,8.193299704959937E-6,1.5284253648889068E-5,1.3298794472663955E-5,3.1598397688166815E-4,1.1378253247021993E-5,3.3191502848800537E-6,5.783488586455088E-5,1.1430792631509837E-4,2.0726587166970884E-4,4.925841084269372E-5,5.303221347081452E-4,3.856083770295332E-5,1.0936153424931965E-4,6.313538576451132E-4,2.2173560944879712E-4,2.9327601504657334E-5,2.1116078184490967E-4,1.8211307145695354E-5,1.2587136684145644E-4,7.223015086871045E-5,2.2313975581796423E-6,1.8461739499694273E-5,7.63377425345467E-5,2.0010832862830165E-6,1.4851538654706035E-6
0.8787598752007701,8.957257417842066E-5,9.326693750332901E-5,1.584729093256165E-5,4.5428466460057564E-5,1.374519716557839E-5,8.333001191797547E-6,2.868821762340571E-5,6.76288697324589E-5,5.831199659916466E-5,2.2378036021551486E-5,1.8694976125940746E-5,8.75367105895359E-5,2.1616112611632868E-4,4.654334987880168E-5,2.587739927534814E-4,1.2082529160243095E-4,2.0965122803318477E-4,9.565997509616405E-6,1.5530428456573273E-4,8.588916016061862E-5,4.258248783492187E-5,1.9196413672990557E-5,1.511576595876911E-5,1.158807895031894E-5,8.589350728431786E-6,1.658664284856644E-4,4.031029526681517E-6,6.218939299906376E-5,1.670209841844935E-5
0.9757992718884974,1.3892421962462178E-4,1.8821679547946103E-4,1.8198154687595962E-4,9.139645222741192E-5,0.012427873571435087,5.7687796126164035E-6,1.3288482229791303E-5,3.27017687187825E-4,1.21703150261741E-5,2.0408707538186174E-5,3.1603879886719856E-5,1.504070374852125E-4,2.1218476164512886E-4,3.0831452678975634E-5,3.502212492128507E-5,3.944908271926504E-5,1.4350361837370186E-5,6.313538576451132E-4,2.7132374518231014E-4,3.416730351938362E-5,1.521852315097661E-4,4.1399949557979604E-5,2.5210404994444093E-5,1.29988952763107E-5,1.6903936354913206E-5,1.966066079539663E-5,7.616809969725632E-5,1.2993709381487685E-5,6.738373174153125E-5
0.7727242778633319,1.3896637507106548E-4,1.353101118930319E-5,1.6645434469217646E-4,8.667558646387407E-5,1.532480614960683E-5,9.625907743169203E-6,2.589844970400124E-5,6.716479801116587E-5,1.6074345356965216E-5,2.3853804864177856E-5,2.0776678901840363E-4,9.386212338578204E-5,2.560883675743785E-5,2.0507771872624086E-4,4.833806840585502E-5,3.7198969287270813E-5,1.1504040399358469E-4,4.1751364235677664E-5,2.204207201318916E-4,2.2961661857480038E-4,1.2114369692581997E-5,8.672808232588313E-6,1.2626120747730017E-5,1.104185226932486E-4,4.771251370393642E-6,1.1342590476220102E-5,1.30435751245706E-4,2.7734715099992597E-6,6.011438350479906E-5
0.147693827528439,8.168996622916774E-5,3.489655470225399E-6,1.1717241694221081E-4,4.983137240151535E-5,4.444347419940234E-6,9.161718040465778E-5,6.556305551126846E-5,9.144607685260386E-4,7.061090780300335E-5,5.441024004982337E-6,1.910522563269042E-4,1.8328705403634882E-5,4.502630910529344E-5,2.162405225538021E-4,1.2081529016405717E-5,3.90146461190221E-5,8.337317077817089E-5,2.2584987171256408E-4,2.9686184040625255E-4,6.3040976506346615E-6,4.9682794244142185E-5,2.9615209861912686E-5,9.212206822341935E-6,7.79840667536312E-5,2.715174009496112E-5,2.0651168790629656E-5,8.506964816918035E-5,1.3729808869645632E-4,4.211972952162262E-5
0.6900564428153038,7.91731370340927E-6,1.0925597189860911E-5,1.5923969669266684E-4,1.5192539487922386E-5,2.4253346526134765E-5,1.2068499450024107E-4,2.493344703431358E-4,9.363958310691948E-4,2.1724223907161852E-5,2.2742024975029227E-5,5.092308537005708E-5,1.2500947092040975E-4,2.867639692257255E-5,2.0381976064255984E-4,5.076787076743952E-4,4.9919939326257965E-5,1.0246759532321273E-4,3.963587908811874E-5,2.05497261652199E-4,1.7386193136794107E-5,5.379151608861783E-5,2.1377680545503647E-5,0.0036988160176403924,7.240958012209476E-5,1.4690033548975194E-5,2.0382436263652586E-5,1.2724871870642974E-4,1.9202508242368113E-4,7.449857060790171E-5
0.6119569201211712,1.6179816045432002E-4,1.374670355533661E-4,1.772734648732119E-4,7.481195342450967E-5,5.531256868905322E-6,1.220707251480785E-4,2.060840732771573E-5,1.3409810234005953E-4,6.060540384616523E-5,5.525785194405953E-6,2.8924800446890786E-5,1.9896603281907224E-4,1.577577503300253E-6,3.1016883083872116E-5,3.8315962513955947E-4,5.996725942608912E-5,5.283951304877178E-6,2.435402332621408E-5,2.3501602500116428E-4,2.8762608729080916E-5,3.963421380832658E-5,9.62307289053662E-6,5.006965971587549E-6,6.6696726909748635E-6,2.7360998766578142E-5,1.716457537716529E-5,5.6519261746571336E-5,6.164916690996403E-5,6.044505066892318E-5
0.6571925521706243,7.818924381232434E-5,1.8865056647932087E-4,1.628169255098031E-5,5.5241859881641384E-5,1.370791873552962E-5,1.490614985988738E-5,2.2070302667660357E-4,1.6424378958843593E-4,4.188820784409895E-5,2.0608712292539387E-5,3.184485220319058E-5,8.744024601909582E-5,2.1715944971434527E-4,5.3197404723363146E-5,5.473206032781654E-4,5.159954623955073E-7,2.095609178347915E-4,2.094928460283209E-4,1.5617343734344706E-4,1.7287502755759335E-5,4.259319269609963E-5,2.00069355556967E-5,2.0134922328731637E-4,4.362071959147822E-5,1.5808877804806977E-6,1.6348183616784784E-4,1.5607976468172348E-4,2.015751920840468E-4,5.833510681158865E-5
0.8385923377159176,1.8682325002655653E-4,0.002791274105695089,1.618025130240821E-4,1.9740599434515499E-4,1.195308787689442E-5,1.8683841514383943E-5,3.0240064321621036E-5,3.604270391828987E-4,7.266063361103682E-5,2.4921897564662535E-5,1.8959080729237364E-4,1.317113340478529E-4,1.917445618318064E-4,2.0346102546430514E-4,2.9268508061558256E-6,2.542112755964495E-5,1.41913323540012E-5,2.124581688369374E-4,1.2175307988669808E-4,4.289548734586835E-6,1.69367557544915E-5,4.340801174732146E-5,1.2729965392193381E-5,7.19458516991844E-5,1.441341925883512E-5,3.233618355498185E-4,8.45156219421936E-5,1.7116082842261795E-4,1.9692017293814146E-4
0.9862134440534132,1.497330312066567E-4,1.3716051801508327E-4,1.2849833738828238E-4,1.2723521504373089E-5,3.889006805920682E-6,1.2103647134766656E-4,2.5904431178270322E-5,3.2731638130357836E-4,6.067021285586339E-5,2.2813179584533442E-5,2.1760420375858773E-4,9.481839685014897E-5,1.5743821332784934E-6,2.0268681061753774E-4,4.200950808467043E-4,3.702434284903553E-5,1.1463623382202345E-4,4.153285599763126E-5,2.3815582899822617E-4,2.2288505205537056E-5,1.6031424412066378E-4,8.646224132324942E-6,1.2427727626139952E-5,1.390067654349094E-5,2.7380675906966775E-5,3.377993595168139E-6,5.168882731863497E-5,6.162763554199232E-5,6.0676963707783984E-5
0.08297219364153315,1.1929953891548961E-5,2.1856051669632821E-4,1.5889413653088388E-4,4.7518909421133914E-5,2.1751938065713011E-4,1.3125824463106503E-4,4.258445223764795E-5,5.4937276283521146E-5,2.1209503312952354E-5,7.919801378871186E-6,2.1164303102104377E-4,1.1669391807990655E-4,2.2740793321174204E-5,3.375047966857703E-5,4.166743995502933E-4,3.953906230960219E-5,1.9772934911873615E-4,4.4001123555888774E-5,1.6620523276279761E-4,2.5968796703289386E-5,1.6263780172391142E-4,7.781160998360882E-5,3.693949511367919E-5,1.8077583569070621E-4,1.4674269822740183E-5,9.812354489197687E-6,8.69883807272739E-5,1.389422546442036E-4,3.5983250131271826E-5
0.05586506571664296,7.678812736489794E-5,2.4458460049459155E-6,9.14006554695769E-6,1.0224503939796484E-5,1.8963306269517588E-5,4.4110430976234945E-4,4.047716297106465E-5,2.711392242389502E-5,4.157688223625739E-5,7.656126628024472E-6,2.9481987102951662E-5,5.42671314756749E-4,2.1369382589050344E-4,2.016595191400334E-4,1.50802412034754E-5,1.1660944722227155E-4,1.928153630043444E-4,4.1007807916017706E-5,1.5149766868651117E-4,6.402247059411613E-5,1.6237087956276697E-4,1.7029806135432295E-5,2.083265696225219E-5,4.779175799866301E-5,1.5401691170148144E-6,2.5080872857137643E-6,7.718325019783777E-5,6.109531737186216E-6,3.6151989785871373E-5
0.8243712436206732,1.615343719348048E-4,2.1827887606605756E-4,8.793608798302388E-6,3.064864752145972E-6,2.1948924850194088E-4,8.400742074261497E-6,2.2781038024654E-6,3.328475455044601E-4,3.1124974685994557E-4,1.7147422369624854E-7,5.0652664351371525E-5,5.4632907372088695E-5,1.2238504952969292E-6,3.377646348311034E-5,1.6494756896813577E-4,3.729356296251951E-5,6.671570960008677E-6,3.394970983243343E-5,2.3659664352596862E-4,6.436087698986087E-5,1.7191393745433907E-5,4.283901809395409E-5,3.966220846108723E-6,7.724508863144276E-5,3.220390405184899E-5,1.540205743180988E-5,8.881329281693206E-5,3.4830981649544226E-6,1.327281078919524E-4
0.919457002724404,2.7844511096189106E-6,1.35618902108115E-4,1.704644461357057E-5,5.131687300874503E-5,1.649255452002606E-5,9.137566003072263E-5,1.7174783348692745E-5,1.7760014153334392E-4,4.572657868527378E-5,2.4842290151520252E-5,5.681590348994687E-5,5.105429569069254E-5,6.163295712810032E-6,4.916225248032571E-5,7.44736830449216E-5,3.442530799459418E-7,2.0009118673121817E-4,4.236448420304668E-5,2.738443345481446E-4,2.5986530030459804E-5,4.719712696067065E-5,2.0503824897176014E-6,2.4348953576993126E-5,7.548786192296283E-5,2.714766715145559E-5,1.590160303762967E-4,1.2217717819195551E-5,2.360278407272684E-6,2.2610368991457655E-4
0.6730697419082221,1.3896637507106548E-4,1.353101118930319E-5,1.6645434469217646E-4,8.911778871037744E-5,8.24156327204015E-6,9.498052807670933E-6,2.8563328368979154E-5,6.716479801116587E-5,1.665773172879233E-5,2.3875064206615736E-5,5.647824239252391E-5,8.967618397540231E-5,2.081511043733912E-4,2.0507771872624086E-4,4.833806840585502E-5,3.7198969287270813E-5,1.1504040399358469E-4,4.2842274635251804E-5,2.2186923175883047E-4,2.267819013786286E-4,1.7054229426267077E-5,8.672808232588313E-6,1.2626120747730017E-5,1.0885432623666127E-4,4.771251370393642E-6,1.1342590476220102E-5,1.30435751245706E-4,1.2454826877186838E-5,6.025777340654998E-5
0.5164596307692634,2.853385187819599E-5,2.1685537487133502E-4,1.6184681621725884E-4,5.191223184525252E-5,3.445621624972369E-5,1.8224421719872375E-5,1.3940574457792699E-5,1.2142996622752423E-4,7.311461393270555E-5,2.3397755253071E-5,5.843141183038457E-5,2.0415971590248688E-4,2.248571829641062E-5,4.418602908180244E-5,9.907719788130763E-6,3.7022154626784554E-5,1.0857223269966576E-4,2.108863517820929E-4,2.0430993700315997E-4,1.7686377522197822E-5,1.545092166875544E-4,2.1432692186777884E-5,6.9706356262416865E-6,3.921760311633522E-6,3.0105913120589046E-7,1.5690338867273127E-4,1.183155315880983E-5,1.1582289266328466E-6,5.957315535650628E-5
0.24550198290766678,2.8347315827232136E-5,2.1480278120141047E-4,1.8239199383328624E-4,6.924095510271521E-5,8.372850682272766E-6,8.831565663044741E-5,6.062415040816385E-6,4.4644355468562166E-5,7.734474140574195E-5,2.3869495145571352E-5,5.598255936623689E-5,9.136522847851343E-5,2.0720243148139028E-4,4.91226872916401E-5,5.389285299085256E-4,4.129246928370733E-6,4.655548000155057E-5,4.003533351402497E-5,1.1570613339987611E-4,1.8500049183198335E-5,2.30012246166401E-5,6.078338857775217E-5,4.3319453365778834E-5,1.9779017083130157E-4,2.6527069883585374E-5,5.072386332436131E-6,4.913891768434781E-5,1.4227363961771773E-4,4.116493134520476E-5
0.7056358940711033,8.170885942431009E-5,2.1146998843512505E-4,1.614333423659819E-4,9.580589487156245E-6,8.395460191619922E-6,8.517197083328558E-5,2.943344005280717E-5,4.065882322354474E-5,3.372697939087418E-5,2.406729395897905E-5,2.8638426062799E-5,1.9303968510121055E-5,2.1229698694872037E-4,2.0578323832892825E-4,3.829589924438943E-4,8.075038925620288E-7,1.1400828765706672E-4,7.961233214374564E-6,2.0305819909838065E-4,1.826218719624271E-5,4.535854633003362E-5,6.141633489049669E-5,1.7877848017696312E-5,7.501405946264494E-5,2.329082014924087E-6,1.3653242462926147E-6,1.298310105276588E-4,1.4479139044128343E-4,5.846121160496087E-5
0.018213416727493714,1.6181209617969554E-6,1.3278106858569832E-4,1.621649097640747E-4,3.860870904854601E-6,1.3998053273236717E-5,4.2410463864272076E-5,1.1842150856021852E-4,1.6617653577438382E-4,4.1999926789806956E-5,1.2058241591624102E-5,3.0425869429819342E-5,1.5141701483748697E-4,3.2180306226510424E-5,4.902754628781819E-5,5.182463466771416E-4,6.117423468240974E-5,2.4265853973679015E-5,4.3301026059633595E-5,1.2370533631882158E-4,4.4181175634194664E-5,1.5923499208867303E-4,7.072188902180056E-5,1.2658241353368348E-4,1.2502617680153983E-5,6.373237631809819E-7,1.768670270629358E-4,1.2800515035555626E-5,1.1259895601901184E-6,6.0011969748705266E-5
0.5812263157486479,7.72082948321944E-5,2.1341404587824517E-5,1.7806459674910675E-4,4.028191882781956E-5,2.971438529232181E-5,6.730870245323124E-5,2.0557202332050013E-5,1.3409810234005953E-4,1.737708446246081E-5,5.6169326867120936E-6,1.6401942182155038E-4,1.1595593027869317E-4,4.636991308732243E-5,4.641841275024578E-5,3.794215796737174E-4,3.734295548247883E-5,5.077081685259392E-6,7.272100779559595E-6,3.886321246406975E-5,2.432825257359661E-4,4.962986528224735E-5,0.007078297004044391,2.7059563215028705E-5,8.710472687760257E-5,2.715303349545673E-5,2.058431592287898E-5,5.965292221035826E-5,1.3876918847558243E-4,3.009535848159318E-5
0.8721153610299587,1.4769301482569344E-4,2.158270995553926E-4,9.168104912507424E-6,4.1303265465258216E-5,4.684990238438979E-6,1.7173823388307063E-4,2.2636790985788944E-4,4.4332374382056344E-5,8.494300165441135E-5,2.375736907990774E-5,1.8959080729237364E-4,1.99192614798438E-4,4.5806085198501955E-5,2.8994937655477948E-5,9.316111352857944E-5,2.5620750545781753E-5,2.0916666838658222E-4,2.131336530419313E-4,1.2261309257235076E-4,5.077111156182201E-6,1.421512660730866E-5,4.1970032369139487E-5,2.4175105583943693E-5,2.776923131380814E-6,1.4605155062517077E-5,1.5724929815143487E-4,6.107763444937669E-5,1.347234119498296E-4,2.0088371159568123E-4
0.40288208853272134,7.906347557373806E-5,2.3076503890691305E-5,1.6095580354120255E-4,8.400147112936227E-6,2.9855680694956318E-5,5.128752116917659E-4,2.4744207004192214E-4,3.1397364686725973E-4,4.938349872038684E-5,3.321981594728534E-5,2.860031748062025E-5,2.0782855199605137E-4,1.6426484155760078E-5,4.959151416642635E-5,3.991377494179414E-4,8.656618577809635E-5,4.704479939265072E-5,4.306721526002271E-5,2.6465345823634573E-4,1.842685419055118E-6,4.822510894633408E-4,1.824542055943531E-5,1.4209035559060009E-5,1.4352911145370354E-4,2.608677923268974E-5,3.3901169000625315E-5,1.3342331068546255E-4,3.841690645270126E-5,3.8552001615165324E-5
0.7474376437794658,2.8890887430137807E-5,1.3360415807145217E-4,1.7626978466671024E-4,8.535582141014342E-5,8.274990309314119E-6,5.423129891606184E-6,2.3715103882346788E-4,4.382309724522968E-5,3.000077880799931E-4,2.4950794598531595E-5,3.215462547749142E-5,1.9988732212893823E-4,6.7809325001859274E-6,2.2193162304309517E-4,2.595870042479874E-4,5.2993355250617456E-6,1.6901651166973085E-6,2.3076207884768839E-4,1.4900488607662266E-4,3.5259093130315345E-5,2.895507482185867E-4,1.9244974532424743E-5,4.743179238374197E-5,1.863747321849518E-4,5.49749711335932E-6,1.449911871538215E-4,1.582010555702618E-4,5.627548816069128E-5,7.29244323689927E-5
0.4140666328467604,1.997080242544845E-4,2.2922485084297636E-4,2.0861512543820764E-4,9.1328389122057E-6,2.5756708552748767E-5,4.2701406631455094E-5,1.2951128903066364E-5,2.1173751254103594E-4,6.86084938624792E-5,1.4579091497062345E-5,2.9706061179074275E-5,8.752211072097927E-5,4.5624106170014385E-5,5.2701098305218304E-5,2.8265853354887433E-5,2.1597431763077375E-5,2.69580514459673E-5,4.3591373691606444E-5,1.2571258059955947E-4,8.599246578665912E-5,5.6492667627622274E-5,1.5474294308433914E-5,1.8476135875820853E-5,8.751849493759558E-5,2.0462834915551265E-6,1.5759903692188283E-4,9.040316747714495E-5,5.9584792891249445E-6,6.411752326258728E-5
0.04177175066096911,1.4791294727824355E-4,1.3416765166412883E-4,9.168104912507424E-6,7.639689450654214E-5,4.684990238438979E-6,6.333249608159308E-5,1.229659482323211E-4,3.6357119776748764E-4,8.470954323427778E-5,2.3712006056015192E-5,3.0231013224948808E-5,2.006914712284006E-4,2.17807906088361E-5,5.460190319689135E-5,5.369157060196785E-4,3.65891063304198E-5,2.0657648781296153E-4,2.1222572589437355E-4,1.2426818879550478E-4,5.7769111700934745E-6,1.9711130013610318E-4,4.306281369000446E-5,1.0022329960529273E-4,6.725788466068039E-5,7.489743231256793E-4,1.8220925373462995E-4,1.2672924802147192E-5,1.347176296579364E-4,2.011496440164858E-4
0.7587849566925843,1.1135881968287706E-4,1.148142333194599E-5,1.551080460152675E-4,5.9179714996260945E-5,2.386539797175506E-5,1.1937124184806445E-4,2.7149953938914332E-5,3.6005160658343616E-4,1.112537164477069E-6,2.3885896590703962E-5,2.1504953599804524E-4,1.2397022029993787E-4,4.981264005868672E-6,4.888827241323341E-5,5.07493592031393E-4,4.9673649917941964E-5,9.026982527609038E-6,4.309185749089964E-5,1.7338557235827993E-4,1.738602221501359E-5,1.707850793252296E-5,2.1717331536972872E-5,1.68398724792542E-5,6.994747194461929E-5,1.668246393207061E-5,3.708428876582088E-4,1.274776646232102E-4,1.9202497656435705E-4,1.130198345521491E-4
0.9520814317561805,3.19366070470093E-5,2.2670472584138267E-4,1.0286664872306167E-5,5.13910228225845E-5,5.843954611984476E-6,1.0536288607371099E-5,2.813511965693077E-5,4.4319699841831764E-5,3.0175978739805525E-4,3.963683771485922E-6,2.752288027886289E-5,1.5201912244047205E-4,1.866999208467267E-4,2.8950732466974334E-5,6.113540620365714E-5,3.741915042181684E-5,6.9883381842299975E-6,4.427579483873975E-6,1.3602279301435426E-4,4.5564281084774095E-5,1.7662596149119214E-6,4.189915130355591E-5,2.4131029362180903E-5,1.1029722169348574E-4,1.4756136245211162E-5,1.8915058707857048E-5,7.8757333199729E-5,3.5182697107341304E-5,1.3024065555779013E-4
0.22135896189559368,1.2177375222488683E-4,9.510844236174425E-5,1.5097368032816985E-5,1.0305363715810952E-5,1.4071997735163737E-4,5.799447302585961E-6,1.3884617917816869E-5,5.9293677880573305E-5,7.252277367731786E-5,2.0487083380116314E-5,1.0315252361436163E-5,8.587943432854372E-5,1.1795071928127291E-5,5.328492235723122E-5,5.756095585365568E-6,3.784486601406369E-5,1.455975855526032E-5,6.256934531998751E-4,2.804200887582214E-4,1.5697926532236705E-5,6.224726747113898E-6,1.800036273282204E-5,6.785951544423561E-6,2.430260662345497E-6,5.762703109262398E-7,1.6555854798326944E-4,0.003726793815592675,4.184282052676326E-6,5.836588001097121E-5
0.29430984827952794,1.217188583787079E-4,3.803481861135971E-6,1.6156067228036784E-4,1.0405504063332072E-5,1.2051156364662507E-5,6.048483324768752E-5,4.6876727347174877E-5,2.0911293287742342E-5,2.9466839419928985E-5,2.4781669969785852E-5,2.0840560677776976E-4,1.918512763214128E-4,1.7102731312477424E-4,4.953740623050919E-5,4.982592485217681E-6,3.666308699171716E-5,2.2768520436167763E-6,7.093511298262506E-6,1.0858465161037153E-4,6.149840112591134E-5,4.252407838563623E-6,1.981180615812494E-5,1.3579313274724948E-5,1.3776159355796019E-4,2.6364130235117206E-5,1.839229157014083E-5,1.2874402637099133E-4,1.2465311077411053E-5,2.3780112906177537E-4
0.8205669072386581,1.217188583787079E-4,3.3900176084737947E-6,1.1440813064248997E-5,1.0405504063332072E-5,1.4277156463539584E-4,6.053830182744311E-5,2.512109365275129E-6,2.060314378913116E-5,2.9466839419928985E-5,2.512823887882038E-6,2.1289126530921605E-4,1.918512763214128E-4,5.001191086877741E-6,4.874833892928186E-5,8.116147000722833E-6,3.66634469292257E-5,2.2768520436167763E-6,7.093511298262506E-6,2.7940590074289947E-4,3.4664624694360563E-5,3.9529938140512005E-6,4.318738402773789E-5,2.750505418211737E-5,7.719772777720524E-5,2.6600530073227712E-5,2.068800773924962E-5,1.2927780188256075E-4,1.1516509588849365E-5,5.7849268189986015E-5
0.7963408871836526,6.214672648551169E-6,1.335435137889966E-4,1.61015885085684E-4,7.246949128705973E-5,8.435881013788336E-6,5.318157174555235E-4,9.607645938167632E-6,1.4291717613914068E-4,5.905533700111562E-6,7.94262425055341E-6,5.6015161075664144E-5,1.0299539638799777E-4,3.6210721792918926E-6,1.2432091524202231E-5,3.7225460228568414E-6,3.855814661993888E-5,3.603961576246956E-5,6.277920349299685E-4,1.4118370613170575E-4,1.7938049744366805E-5,3.6624998422484995E-5,4.0539898733618084E-5,1.8607780630571723E-5,4.365898280535293E-6,1.6764590000356423E-5,2.2688493573650426E-5,1.3989022528409698E-4,2.0540413850712522E-6,7.272121592904156E-7
0.8916683048307754,7.925770644023387E-5,2.2964535614918638E-5,1.2769685488552742E-4,6.94339200550582E-5,2.9885753497430868E-5,5.128752116917659E-4,2.4744207004192214E-4,1.428367778014047E-4,7.781831459581104E-5,2.3438249270801217E-5,2.1410055804287875E-4,2.0744802719923735E-4,4.853877864037545E-5,6.0292472287824556E-5,3.991377494179414E-4,2.1115381738157568E-5,4.729685233196743E-5,4.306721526002271E-5,2.931483670077041E-4,1.6082537108664727E-5,4.822510894633408E-4,4.2707221683250596E-5,1.998078909273237E-4,7.154428943928728E-5,2.6063912417688317E-5,3.394842617193144E-5,1.3229194635886913E-4,3.841690645270126E-5,1.2971812227956453E-4
0.8998741316794167,6.861547343389133E-6,2.1572840224182624E-4,9.168104912507424E-6,7.263881311418627E-5,4.684990238438979E-6,1.7168021847566492E-4,2.7993084159129387E-5,4.792963786048876E-5,8.545502775915037E-5,2.3804278492538568E-5,1.8908540260019496E-4,1.9958006479206758E-4,7.104639926441863E-5,2.868092660972145E-5,8.387141507367699E-5,2.2168387030925776E-5,4.768920829358817E-5,2.109148185964444E-4,1.2261714564749834E-4,5.738199875856863E-6,1.9119825242233277E-5,8.126754106485085E-6,2.416168415659176E-5,1.3836384096685105E-4,1.4423738177475692E-5,1.571674704726318E-4,1.3660482839244448E-4,1.347155527661689E-4,1.1306786424181115E-4
0.5229335320635885,2.8344290540645008E-5,1.4603498205040748E-4,1.7627573363645862E-4,8.455212024716902E-5,1.4095296756906012E-5,8.083482403554989E-6,2.82985076874408E-5,6.495776989418039E-5,5.831199659916466E-5,2.2375719585146178E-5,5.8323580711684E-5,1.8702115899973034E-5,8.052055178192874E-5,4.9334840848525674E-5,2.587739927534814E-4,3.660400829193819E-5,2.0234766705711144E-4,4.183497873784246E-5,3.0418884363658523E-4,3.5318959565972514E-5,2.2635242990107335E-4,2.1496454586264365E-5,1.9491710971431203E-5,3.8607709587675595E-6,1.0491719174003095E-5,1.6220651184722484E-4,1.2879024082059463E-4,6.132282875966415E-5,5.953768338307478E-5
0.1730833763549547,8.265439398690399E-5,2.208667933701523E-5,1.7806459674910675E-4,8.904119354950039E-5,2.9671044811906706E-5,6.839557610275929E-5,2.0565521040656046E-5,1.3409810234005953E-4,6.624900774676395E-5,5.534945206171729E-6,2.0448748180136293E-4,2.010354033019868E-4,4.5677581113854915E-5,4.983182534710429E-5,7.061655074023799E-6,5.957586998459875E-5,4.743219785492066E-5,4.043795052426258E-5,3.795824139941024E-5,1.008474622003381E-5,4.0801132220320966E-5,9.608379548151602E-6,1.2075813456099272E-4,1.4337934753214776E-4,1.4615275782434124E-5,2.3334557066256848E-4,5.663018096851165E-5,1.6634568813247165E-5,2.202566283267019E-4
0.9077460586213408,3.11519440630328E-5,2.2670472584138267E-4,5.0081621637241164E-5,5.4198147253474915E-5,5.843954611984476E-6,1.052406078484475E-5,2.436023784421326E-4,6.367384616274354E-5,3.0175978739805525E-4,3.6895700801808984E-6,2.081205609528082E-4,1.5201912244047205E-4,1.8946757628868425E-4,5.26212976790769E-5,2.5744624694783787E-4,9.879309214040459E-7,2.0316421979552714E-4,2.130014396636807E-4,1.0887382212761716E-4,4.5744835137731466E-5,1.8879524645906322E-5,1.917552535512175E-5,1.5035320603896895E-5,1.388828600199527E-4,2.8482249215775992E-5,9.187234891900306E-4,8.971598050266783E-5,1.9622534261069552E-4,1.3024065555779013E-4
0.39075523848467847,1.201405311870648E-4,1.1538142082844307E-5,1.5510835258804504E-4,4.7851671302282195E-5,2.7926156602295984E-5,1.0674032093232962E-4,2.848081620138233E-5,3.227150824035307E-4,3.267626510410388E-4,2.385343934342514E-5,2.1567199012177237E-4,1.2396818910892583E-4,4.885023497474902E-5,5.111847893261162E-6,5.55806742657157E-4,2.1103586138098433E-5,4.45235930956735E-5,4.305844455568212E-5,1.7336538293200358E-4,1.6723740298700226E-5,2.0403229994577017E-4,8.29868909069372E-6,1.8394240309140555E-5,7.144989728258032E-5,1.671289368806068E-5,4.0945109043708574E-5,1.3277065841074651E-4,5.687033465443776E-6,4.276133679010315E-5
0.5495775077128422,1.2273455487513528E-4,1.3055270405166826E-4,1.622746089026278E-4,1.0405504063332072E-5,2.950401716972489E-6,1.440285968333688E-5,2.1831335415385507E-4,1.5209311202087533E-6,4.202712685739834E-5,2.512823887882038E-6,3.1412322779808514E-5,1.9182825233481524E-4,3.733860832236236E-7,4.874833892928186E-5,8.331998926039793E-6,3.6112201163516606E-5,2.2768520436167763E-6,7.093511298262506E-6,2.8110136278807743E-4,1.7121399816168445E-5,9.235754222958454E-5,4.318738402773789E-5,2.750505418211737E-5,4.492506580648974E-5,1.437532190986607E-5,2.0484111550802614E-5,1.2927780188256075E-4,1.2192346195692176E-6,2.3554940341460976E-4
0.8007994039010888,5.2451233055777384E-6,2.1345486741150373E-4,8.963292236553941E-5,5.729962291861827E-5,2.450376056300881E-5,1.0677490938081218E-4,4.913004757067633E-5,3.5811185505803017E-4,2.600962989792775E-5,2.2937813634223276E-5,2.7631815431180566E-6,1.025624265215614E-4,3.914024407870406E-6,4.886249569556408E-5,2.3516583941065554E-6,2.8844351692577815E-5,1.1387427607237083E-4,3.799581451842548E-5,1.7056971052157127E-4,1.8136468577881602E-5,4.2400125135787516E-5,4.089395330208101E-5,4.4916568605051E-4,7.160196051911303E-5,2.648531187293219E-5,0.002899567059507962,1.2740462402730107E-4,1.9167647789536006E-4,1.125282948628399E-4
0.5010151076060149,7.684195726818755E-5,8.523556924249973E-5,1.6115752408977084E-4,4.607412818962044E-6,1.4028046557957707E-5,4.2410463864272076E-5,2.756965146918941E-5,3.811849813961935E-4,4.213894805801433E-5,1.1855432574010894E-5,1.6208751031374202E-4,8.750886963044775E-5,7.14757762934432E-5,5.345870203949682E-5,5.590118465637881E-4,5.957311815285983E-5,8.354897533829652E-5,4.347970825168213E-5,3.9264303109688454E-5,2.704142482313903E-5,1.5473376672369018E-4,1.1097291211064278E-5,1.62819518402287E-5,8.634534015703244E-5,1.3232739205020721E-5,6.479740018605283E-6,8.598911898920517E-5,1.379820603410193E-4,6.121656975448715E-5
0.45720283190700683,8.126297831620464E-5,1.1577268601722923E-5,1.735704983210613E-4,5.2278603369013765E-5,0.001703236503871004,8.720059612808668E-5,4.595945107597008E-5,2.312144595149131E-5,1.8521787312338528E-5,2.538304649318662E-5,5.842440424766093E-5,1.5032612649655265E-4,2.2163720745448564E-5,2.0640461753827918E-4,3.966811037818047E-4,3.646838018406463E-5,5.0972899011064505E-5,7.378600784541537E-6,2.0416218424903517E-4,4.3499909878951864E-5,2.2685728509407976E-4,2.1891941777134825E-5,1.4266820342205443E-5,7.51620659551057E-5,2.6695546146089515E-5,1.3653242462926147E-6,8.49822600542954E-5,1.4540410510100545E-4,1.5151123538226765E-5
0.34807380989208647,6.20157049356045E-6,1.142773837541543E-5,1.617216196764483E-4,5.2238887305453664E-5,1.3813054182504525E-5,1.6412479892565597E-4,3.6369370940156186E-5,1.828971144319125E-4,8.569192951131516E-5,2.4921253076391312E-5,5.826938181645625E-5,1.5149401389344928E-4,2.248078959000982E-5,4.642759342970266E-5,1.4370403786311895E-4,3.647031706230809E-5,1.9658982853418586E-4,2.1758924678000026E-4,2.8810342562502394E-4,1.7524121192905284E-5,4.261993514348256E-5,2.188042546940885E-5,1.7177661884554057E-5,7.577465896332707E-5,2.666254470539775E-5,3.6768130581753077E-6,9.344975122329262E-6,1.9627530832552628E-4,4.01314873684371E-5
0.486404054100107,1.1049491647240189E-4,1.148142333194599E-5,1.5503802463904263E-4,9.6264180202424E-6,9.77848452753953E-6,4.2280895684097896E-5,1.265595249745391E-5,3.6173962320852377E-4,3.2139674181343744E-4,2.3885896590703962E-5,5.0677782000545634E-5,8.750168889648394E-5,7.043741977112649E-5,5.260520915895833E-5,2.8352904283149594E-5,5.0483725485070616E-5,2.7073447665872847E-5,4.3744120541416475E-5,1.6952706785292582E-4,5.5245528766950185E-5,5.558729350008865E-5,8.373819339949199E-6,1.2691132491936589E-5,7.089291248823692E-5,1.3269917132434616E-5,1.5597282454566E-4,1.2756116374581833E-4,1.9202497656435705E-4,1.1238047190171389E-4
0.1095346802044258,3.0006279838489072E-5,2.1480278120141047E-4,1.6602491888423036E-4,6.982415215752523E-5,5.522132025584366E-6,3.725368191130905E-5,4.184135455109608E-5,4.493813431379359E-5,7.812851183547367E-5,4.279216869799318E-6,3.171599447885772E-5,1.9964000283803594E-4,2.121958423815001E-4,5.5436338390048325E-5,1.9783718950705447E-5,5.506686052576576E-6,4.634608328365918E-5,4.0019181013135956E-5,1.5486622023869976E-4,2.295652578090364E-5,6.576188742457548E-6,2.2297203406421354E-6,8.348956041967335E-6,1.983858756574607E-4,3.0246638226550305E-5,5.072386332436131E-6,7.449071331110005E-5,1.4227363961771773E-4,6.70020970486901E-5
0.9948063496647646,1.5273712369101418E-4,2.0956526304176032E-4,1.3875704805837646E-5,7.647489871795577E-5,6.722717235700393E-6,1.2548982296528673E-5,2.8140052253272742E-5,3.263134922711926E-4,4.012565919876587E-5,1.8583883398906077E-6,3.077643986812061E-5,5.156069289552969E-5,1.8522052087624415E-4,4.9049728283753126E-5,4.2077233845348055E-4,3.7568809399207905E-5,2.3650968122827733E-5,6.675768048516547E-6,1.2830092533550457E-4,2.2663900293437507E-5,3.808411128416625E-6,4.063828821800175E-5,7.923260660996163E-6,6.5443754505996935E-6,2.856074157666002E-5,1.787542806367507E-4,1.2137495490007438E-5,3.896172010251701E-5,1.0031666162412163E-4
0.6232506950438536,7.72082948321944E-5,1.7768548031048246E-5,1.7898692812739944E-4,4.028191882781956E-5,2.971438529232181E-5,6.715306347369395E-5,2.05336629048357E-5,1.3409810234005953E-4,2.343363760587048E-5,5.6169326867120936E-6,1.6401942182155038E-4,6.6269632483356E-5,4.8556313281354E-6,4.701903737265611E-5,3.794215796737174E-4,5.957586998459875E-5,5.331853856545643E-6,2.0834410076271724E-5,3.753760946801539E-5,2.429742665283543E-4,4.073401722609975E-5,4.249088492694052E-5,2.7059563215028705E-5,8.710472687760257E-5,2.6733478387471902E-5,1.8641289337388914E-5,5.89085757211005E-5,1.9519841503055658E-4,3.0425728764435633E-5
0.6725696970834851,1.3871208617314952E-4,1.142972044766853E-5,1.6637682669700353E-4,5.707693171916699E-5,1.6238107719624198E-5,1.6676325073867676E-4,2.8567061521338296E-5,6.740532333156117E-5,3.2374996021303036E-4,2.387579645813875E-5,3.10955154826371E-5,1.2290484753727093E-4,0.013630594240871312,2.0808725942281393E-4,3.0956243997175335E-5,2.207462814644323E-5,1.1589828556934334E-4,4.482264943648533E-5,2.8754081280635946E-4,2.9492445097283203E-5,1.7485427945303014E-5,4.150670844018632E-5,1.262654648147611E-5,1.0857096987170936E-4,4.8019387342109635E-6,7.512146576374104E-6,8.02368805507582E-6,2.1464434724480362E-5,1.936148093283558E-4
0.8635380708368748,1.1054011956263988E-4,1.142919563666755E-5,1.61015885085684E-4,5.6672848950966263E-5,1.6071865606141902E-5,1.6683640888275455E-4,2.839614830291348E-5,2.031181459021529E-4,3.249070810937286E-4,2.3826757830167223E-5,3.10955154826371E-5,1.2290484753727093E-4,7.26568410624956E-5,6.043850245187946E-5,5.477091203870263E-4,2.2103510208324416E-5,1.9565515316486662E-4,2.0932730064251198E-4,2.8687340801496317E-4,2.9492445097283203E-5,2.0192900948653227E-4,4.2047574246942436E-5,1.8677540744375625E-5,7.3124656827018E-5,1.6764590000356423E-5,7.512146576374104E-6,8.02368805507582E-6,3.8460417108121094E-5,1.9515045712181604E-4
0.4282814222442888,4.548367328892792E-5,1.3360415807145217E-4,1.7636211449513657E-4,8.402897891694066E-5,5.211188132020615E-6,5.165087562410827E-6,2.3715103882346788E-4,2.247927575465549E-5,3.0326069173131564E-4,2.4950794598531595E-5,2.1297172675627975E-4,1.1679097845334401E-4,4.683008467491813E-6,5.468672939885257E-5,0.001640560701112587,8.58776522164846E-5,1.696122737825646E-6,2.3366576482627456E-4,1.4900488607662266E-4,3.532304802592814E-5,2.865665695885365E-4,1.9083520551020136E-5,4.743179238374197E-5,1.8645742627501535E-4,2.6752202903504034E-5,1.449911871538215E-4,1.5839847329769533E-4,5.797287597821888E-5,4.2160922767997474E-5
0.3244644687830403,1.0890451688607488E-4,1.3411766731963578E-4,1.1177043627300353E-4,4.960468928528921E-6,1.4079864053801248E-5,6.115314874594987E-5,1.201230132602707E-4,5.623943687691769E-5,1.7554520248851075E-4,2.3376827946124943E-5,3.375731829414062E-5,8.981758872589102E-5,4.829073664341548E-5,3.353099604956688E-5,2.4522987441289976E-5,8.582708945143399E-5,3.566546601643151E-5,2.2941706135936456E-5,1.245103204885675E-4,3.586559504999346E-5,1.6055632938930987E-5,4.230132140310663E-5,4.0428459885891724E-5,1.4095830083092758E-4,2.1783482112729204E-6,2.2599891479907996E-5,7.673551739944096E-5,1.0867355825014326E-5,6.449162932986666E-5
0.9231512451315766,1.512583197218012E-4,2.1483906496599434E-4,1.625172565595105E-4,9.98145619710138E-6,3.995044248392837E-6,5.795399309614356E-5,1.3871741715680294E-5,4.896708831530827E-6,7.817610745960398E-5,2.021580551078986E-5,1.9785662502045602E-4,9.115192489926024E-5,1.7151868403895287E-4,2.1564000856427382E-4,1.4485889590908717E-4,3.7940991717895765E-6,4.407875438816284E-5,4.098031695162793E-5,1.2577205291018813E-4,2.904793014315755E-5,4.000709411715649E-5,1.731987306101645E-5,8.715181676232257E-6,1.10594551047194E-4,7.613796374383866E-6,1.6290165119068272E-4,8.37363906538481E-5,1.3183680212103553E-4,6.278175130911625E-5
0.2544769532499639,1.1404489454743776E-4,8.633654621906452E-5,8.687200982594287E-5,7.182342046043347E-5,1.4216227645542256E-5,8.788187569913768E-5,2.8622161293314267E-5,3.6896648852163333E-4,1.9934075312305707E-5,5.386370819592638E-6,3.0511855179485108E-5,8.2652511905656E-5,1.7306019227530126E-4,4.211584503549833E-5,4.941878423411697E-6,2.8199671576806717E-6,1.6372452010811916E-6,4.105629813606808E-5,1.475743515793097E-4,2.9375268677434012E-5,4.298726744618232E-5,4.1943995342081096E-5,2.825706895131613E-5,1.8922971926147917E-4,2.7809686022822467E-5,2.4005084258126258E-4,8.45026988056071E-5,1.8427665750048824E-5,2.2540348848125352E-4
0.20381504745819792,7.72082948321944E-5,2.1629485386430355E-4,1.7748515958245284E-4,4.028191882781956E-5,2.971438529232181E-5,6.602689526524018E-5,2.0451206649111114E-5,1.3407945035982905E-4,2.343363760587048E-5,5.6169326867120936E-6,1.6401942182155038E-4,1.1512956055731113E-4,4.507843482763141E-5,4.591646280332339E-5,8.807082038784976E-5,5.957586998459875E-5,5.1335813567178384E-5,4.087706913313082E-5,3.886321246406975E-5,2.432825257359661E-4,4.962986528224735E-5,4.2587625129570224E-5,2.7059563215028705E-5,8.710472687760257E-5,2.7389887206394453E-5,2.0582023135820866E-5,5.889191103226297E-5,1.3879677151615153E-4,3.182272851254494E-5
0.8449956089388343,1.1049491647240189E-4,1.291840141513448E-4,1.0434221999530048E-5,5.726125754843771E-5,2.7948768980130268E-5,5.210077854843076E-4,5.11898343070738E-8,3.7950736997880937E-4,7.283849245663782E-5,3.218046545042789E-6,5.080908460135742E-5,9.339850089873199E-5,7.134090633621764E-5,4.517654169123577E-5,2.507234577991057E-4,4.432422689844538E-5,4.4674993824501114E-5,4.134489395875898E-5,2.2093240610086498E-4,5.521846793847802E-5,3.374378316829004E-6,8.332252350279762E-6,1.5435562813620135E-5,1.8465439750567922E-4,1.3269917132434616E-5,1.5387467874008556E-5,1.3247907281091394E-4,9.174544103887392E-6,4.09275219571927E-5
0.6486512895026234,1.4792586636139512E-4,1.3416765166412883E-4,9.168104912507424E-6,7.639689450654214E-5,4.684990238438979E-6,6.333249608159308E-5,1.229659482323211E-4,3.6357119776748764E-4,8.470954323427778E-5,8.222714740485869E-6,1.8959080729237364E-4,2.006914712284006E-4,4.580941645027889E-5,5.460190319689135E-5,5.369157060196785E-4,2.5642097042056153E-5,2.0657648781296153E-4,2.124581688369374E-4,1.2261714564749834E-4,5.7769111700934745E-6,1.972061688086472E-4,4.290051681678434E-5,2.416168415659176E-5,6.725788466068039E-5,1.4364808534824115E-5,2.3661619415105432E-5,8.45156219421936E-5,1.347176296579364E-4,2.011496440164858E-4
0.13377786344165082,7.815363439521962E-5,1.3129882756771923E-4,1.628169255098031E-5,5.498681201122644E-5,1.756220209986952E-6,1.490614985988738E-5,2.2070302667660357E-4,1.6424378958843593E-4,4.186885963456015E-5,2.058918955662997E-5,3.184485220319058E-5,8.393467598577633E-5,2.1727652709971717E-4,5.3267666999804554E-5,1.5832192048455454E-5,4.8680065549556913E-5,2.095609178347915E-4,2.094928460283209E-4,1.5539756548794205E-4,1.7272103679919495E-5,4.259319269609963E-5,2.00069355556967E-5,1.9838303552878624E-4,4.491400646878076E-5,1.4641912835282419E-5,2.3641796189330963E-6,1.5607976468172348E-4,2.015751920840468E-4,5.833510681158865E-5
0.49989324650747874,1.232082084243612E-4,1.2081176378761065E-5,1.8015720803704277E-4,2.2735706956357887E-5,1.6071865606141902E-5,1.6683640888275455E-4,9.600419155683215E-6,4.2754309823528217E-4,3.922042330092667E-5,2.3656383042439274E-5,3.111053537942562E-5,1.2089544475541475E-4,1.7212749356199612E-4,6.033630096632135E-5,1.027229975519484E-5,8.079510253806944E-4,1.9585871681000776E-4,2.0932730064251198E-4,1.2887965557262444E-4,2.705103598886142E-5,1.3749639193675272E-4,4.30425777986701E-5,1.2984191574849635E-4,1.4690082252599002E-5,1.0377833413604565E-5,5.101338659776469E-5,8.02368805507582E-6,3.8874175542016965E-5,1.9293820304021835E-4
0.5392746198852575,3.0018255316832613E-5,1.310622464275148E-4,8.37317554313318E-6,1.943990845442473E-4,1.4116907366917638E-4,4.2649117069247164E-5,2.887523485733925E-5,2.0691151510909486E-5,7.403616556651203E-5,2.0714739788442797E-5,2.638082129644531E-5,2.005589535251884E-4,4.464235085250353E-5,4.9796339061942784E-5,1.3827908893373922E-5,4.808226798325537E-5,2.04914207786053E-4,6.91632530780939E-6,2.774663749251257E-4,5.1474003304024755E-6,1.8925733322757446E-4,4.339240082805043E-5,2.050433150683355E-5,1.986427799273192E-4,1.436837559267227E-5,1.6471248635654035E-4,1.2647203028005657E-4,6.120803853119444E-5,5.777755828767449E-5
0.7853318879258162,1.2192501477722843E-4,2.276661241443644E-4,1.8303977934214997E-4,3.447384290026966E-6,1.4762867114999543E-5,6.144267926571598E-5,1.388170217509214E-5,5.967705081698176E-5,1.6037269898560392E-5,2.3648698427936628E-5,2.0097863804216515E-4,7.388404196476085E-5,1.1186619418610241E-5,2.0450129608170085E-4,2.850868669570251E-5,1.944677152561304E-5,1.2638008822289673E-5,2.1217635215544506E-4,2.9071930715561116E-4,2.7278382213724753E-5,5.480395643367456E-5,4.1624424859348806E-5,2.2696257559057667E-5,1.1027154095310555E-4,2.2072181266024748E-6,1.8855485046612557E-5,9.966437847806906E-6,5.044262033433981E-6,1.950434645142542E-4
0.37838829220124115,8.240023634814499E-5,2.2604811587692575E-5,8.493808890541071E-7,1.16014288535136E-5,1.3911755389778855E-5,1.662047014039297E-4,2.9293436071931378E-5,4.070005457943207E-5,3.1729259738272266E-5,5.501988959074116E-6,6.0286037458722286E-5,1.3284169318160188E-4,1.747801570885525E-5,1.201616793707577E-4,7.867633378297003E-5,7.656161474655955E-7,1.983379607453419E-4,1.957690633988633E-4,2.037726446178453E-4,2.813045841003987E-5,4.486019426077564E-5,7.257964207589131E-5,1.3450750344026382E-5,1.7074003038409155E-4,1.5012014402947469E-5,2.0255684868038954E-5,6.087117809871596E-5,7.883017303380007E-8,6.176940253524007E-5
0.6445744180678311,1.4568470903172004E-4,1.3416920289733406E-4,1.6297645894983664E-4,3.213937092848035E-5,4.684990238438979E-6,6.333249608159308E-5,1.229659482323211E-4,3.6357119776748764E-4,8.470316040485443E-5,8.222714740485869E-6,1.946154148858013E-4,2.006914712284006E-4,1.728315942607869E-4,5.446766956550183E-5,5.392522705104099E-4,2.505355845773243E-5,4.800836331769371E-5,2.126864786577837E-4,1.2496199133036224E-4,5.769852589631142E-6,2.9872473253195517E-5,4.290051681678434E-5,2.4166439812874998E-5,6.640527556466321E-5,1.4605615331435495E-5,2.4023606405561884E-5,8.45156219421936E-5,1.347176296579364E-4,2.011496440164858E-4
0.9597046933464555,5.1416747141671025E-5,1.448254170446541E-4,1.7627573363645862E-4,5.51990428224135E-5,1.4104161892990873E-5,1.325716168363547E-5,2.823672287877772E-5,6.719485742548117E-5,5.831199659916466E-5,2.2309670576680104E-5,1.820834718258431E-5,1.96986369401242E-5,7.163435038857639E-5,3.1029905517212114E-5,2.587739927534814E-4,1.2158904068900673E-4,2.0234766705711144E-4,4.017697417898803E-5,3.0373600142341903E-4,2.2592792778486463E-5,2.219438404860029E-4,1.920980586060982E-5,9.435924588078808E-5,7.126313241719243E-5,2.6834794805402626E-5,1.8103164214984709E-6,7.439651189519688E-5,2.651543920887307E-5,3.3768526597399454E-5
0.3642475362096176,1.1009378769447293E-4,1.1538142082844307E-5,1.5510835258804504E-4,4.7851671302282195E-5,2.7926156602295984E-5,1.0674032093232962E-4,2.848081620138233E-5,3.227150824035307E-4,3.267626510410388E-4,2.385343934342514E-5,2.1567199012177237E-4,1.2290917751313615E-4,7.05953419005125E-5,4.935806147105329E-5,5.464130351326129E-4,2.1103586138098433E-5,1.4088878760086008E-5,4.305844455568212E-5,1.7328899829156227E-4,1.6723740298700226E-5,2.0403229994577017E-4,8.403769400508844E-6,1.85060556201618E-5,7.144989728258032E-5,1.671289368806068E-5,4.107347035913573E-5,1.3276103809079244E-4,5.605473186304441E-6,4.279076285305919E-5
0.5596256086335625,3.145289913878602E-5,2.2670472584138267E-4,1.663400413435214E-4,5.12275885180251E-5,5.843954611984476E-6,1.0536288607371099E-5,2.8140349168120197E-5,6.626839745699426E-5,1.7409633627558295E-5,3.933019018464032E-6,5.408487298763882E-5,1.5201912244047205E-4,1.8600450037768108E-4,4.9074251356650654E-5,1.4608681405675402E-4,3.741915042181684E-5,6.9883381842299975E-6,6.881488753444449E-6,1.3602279301435426E-4,2.287602065329046E-4,2.332218068259038E-6,1.909364690215419E-5,1.5047147528775756E-5,1.1029722169348574E-4,2.8482249215775992E-5,9.879974428938209E-6,1.2738262781305357E-4,3.8928777197807085E-5,1.3003118664493894E-4
0.6955286865163943,1.1148233207196591E-4,1.372225453252997E-5,1.6101622181173266E-4,1.5909749934083487E-5,1.6831021113924857E-5,1.6672776294238798E-4,2.5522200896738346E-5,3.361761933936814E-4,2.409091379390504E-5,2.2615953826968376E-5,4.1426625401162606E-5,1.2292677203987488E-4,2.867639692257255E-5,6.047166525759559E-5,5.485282177972499E-4,2.666674325990038E-5,1.0057219545821899E-4,2.0953495938560323E-4,2.0472300688485515E-4,4.987429584792024E-6,1.6638394863771573E-4,4.220852915580198E-5,0.001374693474188153,7.280555223778071E-5,1.5223470943723268E-5,8.679487979765865E-6,1.3385891510819223E-4,1.0769910088379703E-5,4.182512633678305E-5
0.5916454850308756,1.4638634623052117E-4,1.911147417048558E-4,1.7336292135056074E-4,8.890040524036896E-5,4.24169724824194E-6,1.6589362896805436E-4,2.326794659667086E-5,1.3377649648648932E-4,2.0906634477687812E-5,2.3701385795009053E-5,5.5843534555743495E-5,7.461936727045939E-5,1.8728319914183543E-4,3.5005383350020816E-5,5.617559664938519E-4,1.696061260645291E-7,1.2664928275680945E-5,6.344733906957986E-4,2.6907426658931763E-4,2.744017053508006E-5,4.2195124979345834E-5,2.0726766511853963E-5,2.524728444553181E-5,7.128883587682248E-5,1.705844014329076E-5,5.423264932735643E-6,1.2490672857774177E-4,1.4013725783491968E-4,4.007085740155782E-5
0.5351977484504651,2.777709786667802E-5,1.3106379766072003E-4,1.621626466061336E-4,1.943990845442473E-4,1.4116907366917638E-4,4.2649117069247164E-5,2.887523485733925E-5,2.0691151510909486E-5,7.402978273708868E-5,2.0714739788442797E-5,3.140540153001013E-5,2.005589535251884E-4,1.7166452866254842E-4,4.966210543055327E-5,1.563317191314476E-5,4.820553482420025E-5,4.634608328365918E-5,7.048232260153653E-6,2.798112206079896E-4,5.140341749940143E-6,2.1923534833104907E-5,4.339240082805043E-5,2.0509087163116785E-5,1.9779017083130157E-4,1.4609182389283649E-5,1.650744671324777E-4,1.2647203028005657E-4,6.120803853119444E-5,5.777755828767449E-5
0.6259163550438939,8.121737045058761E-5,1.8200605804549993E-5,1.7806459674910675E-4,4.028191882781956E-5,2.980692149098999E-5,6.732114375567661E-5,2.05336629048357E-5,2.2774903506266394E-5,2.343363760587048E-5,5.6169326867120936E-6,1.6401942182155038E-4,1.1725849049225656E-4,4.676285067925223E-5,4.6428257027749314E-5,3.8297504128525855E-4,6.012570574828044E-5,8.364621837776077E-5,2.4071412819461822E-5,2.0614275054221137E-4,2.432825257359661E-4,4.962986528224735E-5,4.258640444687989E-5,2.7059563215028705E-5,1.0227704974892431E-4,2.715303349545673E-5,2.058431592287898E-5,8.578655684461467E-5,1.3876918847558243E-4,5.8366140504037865E-5
0.9894164726397389,7.72082948321944E-5,1.7768548031048246E-5,1.7806459674910675E-4,4.046709778227537E-5,4.303606000375224E-6,6.827731349356503E-5,2.05336629048357E-5,1.3566583347020343E-4,2.343363760587048E-5,5.6169326867120936E-6,1.6486929907002257E-4,1.9313073657610064E-4,4.5087995109494484E-5,4.6312407813382124E-5,3.794215796737174E-4,5.0331911882573035E-5,8.364621837776077E-5,4.216595411844916E-5,3.886321246406975E-5,2.432825257359661E-4,4.962986528224735E-5,4.259466234334238E-5,2.7195372419013373E-5,8.710472687760257E-5,2.715791733111182E-5,1.6330463629042548E-6,5.89085757211005E-5,5.837162507783496E-5,3.0425728764435633E-5
0.569375970752068,1.0832759118580316E-4,1.3560024331063882E-4,1.61015885085684E-4,5.751804707215318E-5,8.435881013788336E-6,5.318157174555235E-4,9.607645938167632E-6,2.075819298792326E-4,5.905533700111562E-6,7.94262425055341E-6,5.56281467271045E-5,9.111245145834932E-5,1.7203058604256587E-4,1.2432091524202231E-5,4.082310099266073E-4,3.856037224001744E-5,3.6955419542334346E-5,6.277920349299685E-4,6.321238672329471E-5,2.9331381603951777E-5,2.1115458695316038E-4,1.8200976647985743E-5,1.8607780630571723E-5,1.4128505606909782E-5,1.6764590000356423E-5,2.2688493573650426E-5,1.3989022528409698E-4,2.0540413850712522E-6,7.272121592904156E-7
0.18557973850598453,1.0890710874245304E-4,2.2213110860954153E-4,1.1229560899909305E-4,9.06700944196466E-5,1.34683296944646E-5,6.180512390048344E-5,3.2773410503713344E-5,3.456186082031146E-4,4.357558153592414E-5,1.9632933693538503E-7,3.371545121584925E-5,1.1433258012272547E-4,3.685640146852559E-5,2.0381664090489123E-4,2.4836531445318197E-5,8.678343282533933E-5,5.0407415210157374E-5,3.666141136196914E-5,2.4001900261816264E-4,3.602711788352914E-5,1.599235099935524E-5,4.3347766810338036E-5,3.896927170591997E-6,1.4064008111035837E-4,3.055730125838056E-5,2.2024323877368722E-5,4.777864584965877E-5,3.910049609319288E-5,6.58192644980807E-5
0.3183100734037074,1.433519022720022E-4,1.344375974754864E-4,8.817107369845877E-6,8.939213371867566E-5,1.6766161880001816E-5,6.281529276897039E-5,1.1716024423639879E-4,2.10668589855015E-4,3.552983143285625E-5,5.958297019562614E-6,2.0251976668492108E-4,1.9879313395464128E-4,1.897087245941219E-4,3.8198793617082914E-5,2.8051158271250848E-5,1.1848605576144484E-4,1.1191087908047511E-4,4.03270342895815E-5,2.6611647785482786E-4,2.7307906536889224E-5,1.382742616571726E-4,4.10361113797059E-5,9.408846517164511E-5,7.221149320968524E-5,2.7523917430681396E-5,2.071583828549944E-5,7.603491971613993E-5,1.0164618589679188E-6,6.36351709048553E-5
0.968323377761325,1.106995639475519E-4,2.1535531538894703E-4,1.5558380563648698E-4,4.5335822366176715E-5,3.775569943539634E-4,1.2050606622503862E-4,2.589844970400124E-5,3.3899431716621144E-4,5.864951210413487E-5,2.251014555330077E-5,2.0294198347296994E-4,9.364306748019314E-5,2.5483641161026628E-5,2.0391661017427206E-4,4.92781806606243E-5,2.5782088041288715E-5,8.25859263617912E-6,4.369195534746445E-5,2.2255268549273754E-4,2.221947268863806E-5,1.2078468407985876E-5,8.488504401103236E-6,1.5038150525717729E-5,1.746190621787166E-4,8.56041808137375E-6,4.522930836514573E-6,4.887015087941601E-5,2.043597217449438E-6,5.989844613518765E-5
0.7131290831653141,1.2183148621280441E-4,1.3505196524030535E-4,1.8026402518030778E-4,8.967469365176426E-6,1.407047725057665E-5,6.283235452040104E-5,1.2074667614691225E-4,5.748396753722787E-5,3.619679259986787E-5,2.365603201300373E-5,2.9891468090634012E-5,8.752211072097927E-5,1.1348819325536413E-5,2.0393398236709148E-4,2.8057693363886345E-5,1.1656987110252083E-4,2.445339767961349E-5,4.340711929095131E-5,1.24513126750506E-4,2.560656595942766E-5,1.379368435738326E-4,4.171459333764494E-5,2.657407202335036E-5,7.547768284062941E-5,2.126784912075026E-6,2.239637763572731E-5,7.658176384748983E-5,3.467981838913963E-6,6.527913227678043E-5
0.4249094675302616,1.217188583787079E-4,3.3900176084737947E-6,1.690486582135232E-4,1.0405504063332072E-5,1.4277156463539584E-4,6.053830182744311E-5,4.6728427922727706E-5,2.060314378913116E-5,2.9466839419928985E-5,2.512823887882038E-6,2.1289126530921605E-4,1.918512763214128E-4,5.001002808518933E-6,4.874833892928186E-5,8.116147000722833E-6,3.666308699171716E-5,2.2768520436167763E-6,7.093511298262506E-6,2.8041450174793025E-4,3.4568769223680485E-5,3.9529938140512005E-6,1.981180615812494E-5,2.750505418211737E-5,1.3776159355796019E-4,2.6600530073227712E-5,2.068800773924962E-5,1.2874402637099133E-4,1.1506360390359226E-5,3.959934821231504E-5
0.3644580061747244,1.1009378769447293E-4,1.1572825258453158E-5,1.5480433711353948E-4,4.7851671302282195E-5,2.7926156602295984E-5,1.0674032093232962E-4,2.8299575099665618E-5,3.227150824035307E-4,3.267626510410388E-4,2.385343934342514E-5,2.1111681891435925E-4,1.2290917751313615E-4,8.045151304913572E-5,4.935808208971684E-5,5.464130351326129E-4,3.647490868677137E-5,1.2899527962678337E-5,4.304472138367852E-5,1.7328899829156227E-4,3.564436451603248E-5,2.039272539396397E-4,8.403769400508844E-6,1.85060556201618E-5,7.149866646021083E-5,1.671289368806068E-5,1.6099158249551718E-4,1.3276103809079244E-4,6.240825322264902E-5,4.279076285305919E-5
0.6008490759076739,1.0880326124409097E-4,1.3360757506807416E-4,1.7514441396350198E-4,8.809849137279637E-5,4.735212869355326E-6,2.8645929311459594E-6,1.1967192157596025E-4,5.118756887710681E-5,2.3143254727932614E-5,1.2357425530656048E-5,1.0946155398092638E-5,8.964862061475656E-5,2.0739726594881807E-4,3.800955866182361E-5,2.577640164884562E-4,3.6491121187343126E-5,1.1595223294388047E-4,2.3257465378349613E-4,2.412745126501904E-5,1.6228832497851913E-5,1.7048862458738208E-4,4.0379794121444554E-5,4.68470899743904E-5,4.78467769770581E-5,5.500747662891968E-6,4.704778336195938E-6,7.548396038520564E-5,1.373348448690003E-4,1.1017558353535064E-4
0.4610475974451419,8.126297831620464E-5,2.097360854513731E-4,1.8230637562403944E-4,7.008949363618392E-5,8.395460191619922E-6,8.737701445256588E-5,4.616372608056218E-5,2.312144595149131E-5,1.7902098036943234E-5,2.406729395897905E-5,2.2581792042189762E-5,1.9303968510121055E-5,2.1198241421475095E-4,2.122576769623429E-4,3.829589924438943E-4,3.3898577221381986E-5,4.232195895540657E-5,7.378600784541537E-6,2.0441848918652966E-4,1.8325743844301077E-5,1.550571258268472E-4,6.154651679255054E-5,1.214262766507635E-4,1.0255140086369994E-4,1.0434652552742809E-5,1.3653242462926147E-6,8.502375896623199E-5,1.4479262996999352E-4,5.846121160496087E-5
0.7567956805710391,1.2323733142010734E-4,1.3454168884174687E-4,1.6506316257016237E-4,9.732609373195134E-6,1.421325092376669E-4,4.261839931924922E-5,2.790265034274843E-5,1.7219077236204857E-5,3.313656092205751E-5,3.729822370210764E-5,1.9641240652797898E-4,9.011223798491768E-5,2.7462049344967378E-6,4.858880061828842E-5,7.4346933534060355E-6,3.547004723093456E-5,8.177038853682615E-5,5.859299351113794E-6,8.886035206185855E-5,3.504099019583767E-5,4.568906615467072E-4,4.220320252239207E-5,4.3935653175105656E-4,4.8036726546019486E-5,1.7159181793276448E-4,3.2963720576452943E-6,7.61186260365492E-5,1.1194980076882196E-5,2.1895382195576845E-4
0.853726219641183,8.405378385615699E-5,3.5410591316192776E-6,1.291699172328463E-4,5.222817686891427E-5,1.4053254905083438E-4,6.15623504763745E-5,2.7876798602348038E-5,4.6116744437178396E-5,4.356012723765216E-5,2.5054356741621975E-5,2.1169293422467636E-4,1.9215567191450267E-4,7.148762124145527E-5,4.516245963506071E-5,5.522866051873058E-6,3.6072765876655914E-5,8.120794143154508E-5,2.2082370264521386E-4,1.53561802006132E-4,2.8771926513880895E-5,4.813993212217743E-6,4.276327640228869E-5,2.7473593164738457E-5,7.091502659972873E-5,5.396352743051126E-6,2.062569545825504E-5,7.43077096566682E-5,1.0918106003603794E-5,1.4028310070844188E-4
0.8926957695900546,2.8985937990422745E-5,2.29572132094867E-4,1.2752606773332116E-4,6.947374991839224E-5,3.176936199307826E-5,4.2226687126903165E-5,2.9203832330819343E-5,1.4286507731365753E-4,7.83953699706209E-5,2.37777196623683E-5,5.906242313645283E-5,1.4102562416865722E-4,2.589492581425572E-6,6.0337917577195284E-5,2.0461839987156267E-5,2.9762088653325828E-5,3.383652413570191E-5,4.0708339767117596E-5,2.930587397091978E-4,2.275669461031361E-4,2.1227060279298542E-4,4.279505902490034E-5,2.0177314355967368E-4,4.1060838158699174E-5,2.1772216900676447E-5,2.1231337866482212E-5,8.584498276082857E-5,2.4780618630066686E-6,1.3213131672566199E-4
0.30924808199690923,2.8304461607166545E-4,1.3124996622940684E-4,1.5987565603036726E-4,1.959459611429551E-4,3.212252199077293E-5,4.9387512134126414E-5,2.858057437586651E-5,2.8428784807308834E-5,4.551221917557757E-5,7.96541373619585E-6,2.0797380302969046E-4,5.48006916183887E-4,2.1060635224868612E-4,4.9564404126457716E-5,1.3143826304505348E-5,1.2045487551151507E-6,2.0286969540973373E-4,3.0144171910419447E-5,1.0807102465935538E-4,6.0526240981099045E-5,9.196274870849441E-5,4.443565842858771E-5,1.4165600117527175E-5,1.6565466160990857E-4,1.4596463728183051E-5,3.2009527751946184E-4,1.6804362284092894E-4,6.050054313664682E-6,2.360320385521115E-4
0.3037912186519731,3.5084074643015176E-5,1.3124996622940684E-4,1.6213291780903743E-4,7.090904781803239E-5,3.180283747322235E-5,4.263324260995454E-5,1.2284714767593555E-5,1.3730417804040733E-4,7.800632292794823E-5,7.96541373619585E-6,2.0853506377838254E-4,1.9889930839425414E-4,9.110482118147989E-5,3.0553177279756674E-5,2.544882004215239E-4,4.931272989599696E-5,2.0888368868926443E-4,4.015067080902211E-5,1.0807102465935538E-4,6.0703128982911704E-5,9.196274870849441E-5,4.4585626861123794E-5,1.3858957728934938E-5,1.6579322759419736E-4,1.4596463728183051E-5,3.224303055946588E-4,1.6804362284092894E-4,1.185631111220382E-6,6.261230450956394E-5
0.4813171917050849,1.1049491647240189E-4,1.291840141513448E-4,1.0434221999530048E-5,5.726125754843771E-5,2.7948768980130268E-5,5.210077854843076E-4,2.7462128463496902E-5,3.7916902720308484E-4,7.070379063966087E-5,3.218046545042789E-6,5.080908460135742E-5,9.339850089873199E-5,7.134090633621764E-5,4.43012188677109E-5,2.539013189307367E-4,4.432422689844538E-5,4.4674993824501114E-5,4.298463054057992E-5,2.2109389781047658E-4,5.521846793847802E-5,4.013542251947258E-5,8.373819339949199E-6,1.5401428105279156E-5,1.8465439750567922E-4,1.3269917132434616E-5,1.536412621820594E-5,4.6792540474018854E-5,1.0003061536350267E-5,4.09275219571927E-5
0.3365881095368944,1.1940368190428238E-4,1.1650110358616975E-5,1.5510835258804504E-4,4.7851671302282195E-5,2.7926156602295984E-5,1.0674032093232962E-4,2.848081620138233E-5,3.227150824035307E-4,3.267626510410388E-4,2.3844224457216628E-5,3.0171769479698282E-5,1.1001051821818509E-4,2.529535402653245E-6,5.111847893261162E-6,5.55806742657157E-4,3.093169144082043E-5,4.45235930956735E-5,4.305844455568212E-5,1.7336538293200358E-4,2.2807630617576114E-4,2.0403229994577017E-4,8.29868909069372E-6,1.837293236558763E-5,1.4343471929699657E-4,1.6735760503062104E-5,4.0945109043708574E-5,1.3276779179919733E-4,5.687033465443776E-6,4.33998601152269E-5
0.5721049264240007,4.670762180487209E-5,1.335847186175182E-4,1.7626978466671024E-4,8.535582141014342E-5,5.2380428650969815E-6,5.249457574808098E-4,2.3715103882346788E-4,2.1890416625466302E-4,3.0332713280019434E-4,8.063576176588161E-6,2.2189165372976473E-4,1.1679097845334401E-4,1.5823633114847645E-6,1.2493243042788237E-5,2.587091190553073E-4,3.827206509520253E-5,1.6901651166973085E-6,2.3052845644132893E-4,1.4900488607662266E-4,2.951835387982238E-5,2.885428165521403E-4,1.818482049868264E-5,4.730236714735839E-5,1.4515865276824223E-5,5.49749711335932E-6,1.4276059825356032E-4,1.582010555702618E-4,5.797287597821888E-5,2.2107498647261134E-4
0.6351071623651532,2.8304461607166545E-4,1.344760835975548E-4,1.675390563824868E-4,1.9667913050757616E-4,1.6641550842898488E-5,4.263324260995454E-5,2.858057437586651E-5,2.1151523995797987E-4,7.403420058356307E-5,5.48629357240589E-6,1.8726813325590477E-4,2.0081449155116715E-4,2.1053128107541343E-4,4.965013013405586E-5,7.789008822286864E-5,3.7654489358534105E-5,7.3251020656899E-6,3.0098012772723524E-5,1.192825270242531E-4,6.028672255991921E-5,1.3888620717850185E-4,4.052959240631713E-5,1.4177427042406037E-5,4.633608604313641E-5,2.7763639058956756E-5,3.2009527751946184E-4,7.537754427460616E-5,1.0159502513187168E-6,2.3614953412492328E-4
0.7790882382559315,8.944781487951808E-5,8.454006062440621E-5,8.515475209886262E-6,4.558064124484269E-5,2.0672891200148138E-5,4.4110430976234945E-4,3.709710487391851E-5,2.6969938865620558E-5,5.798668382742376E-5,2.243691024558936E-5,2.9681594586520972E-5,5.42671314756749E-4,2.1369382589050344E-4,2.016595191400334E-4,4.529266476029073E-6,1.1660944722227155E-4,1.9296170604625235E-4,4.1007807916017706E-5,1.8922327708516742E-4,2.4099569309996234E-5,1.6391961578378247E-4,1.7029806135432295E-5,1.2763254239781275E-4,4.780256583889408E-5,1.6430829973064045E-6,1.7350815891965793E-4,7.612940342507946E-5,6.1003693314914335E-5,3.542047673641038E-5
0.6362190575000061,2.826483501972338E-4,1.344760835975548E-4,5.035096220922804E-5,1.9964968924263474E-4,1.6641550842898488E-5,4.429841810120002E-6,2.858057437586651E-5,1.3823056805853487E-4,7.118534486027416E-5,5.558446885135259E-6,2.0802629644957573E-4,1.995416115118221E-4,2.1417564600337692E-4,4.955932873900307E-5,2.542477624422367E-4,1.2433057364511078E-6,2.0470269886686712E-4,3.0098012772723524E-5,1.7347871456793571E-4,3.599836845450928E-5,1.3909942582887442E-4,4.045121268515126E-5,1.4165600117527175E-5,8.23656890898976E-5,2.7382715945989132E-5,3.2009527751946184E-4,7.537754427460616E-5,1.0159502513187168E-6,2.3614953412492328E-4
0.9066341634878262,2.808571171937627E-5,2.2670472584138267E-4,1.6726971581049115E-4,5.12275885180251E-5,5.843954611984476E-6,6.135359554523739E-5,2.4178277525178075E-4,6.585737138076828E-5,3.0469803762504485E-4,2.2984403893087607E-5,1.8737388323875168E-4,1.5156941083774002E-4,6.676008588358542E-6,5.2712099074129684E-5,8.141680028917051E-5,1.93165031304259E-5,1.2640549533104273E-5,2.121608835217778E-4,1.2559931609915537E-4,4.5564281084774095E-5,1.839770190212448E-5,1.925390507628762E-5,1.5047147528775756E-5,1.1013956261358488E-4,2.8482249215775992E-5,9.187234891900306E-4,1.253394987574864E-4,1.950216724828694E-4,1.9577851596473802E-4
0.5570214603810307,3.145289913878602E-5,2.2588121005191075E-4,1.7591671104757447E-5,7.948244216172905E-7,1.631749543601598E-5,1.0536288607371099E-5,2.8588762355029675E-5,6.930929886354379E-5,0.004217655205489834,3.933019018464032E-6,2.016242173196361E-4,1.5201912244047205E-4,1.8600450037768108E-4,1.4710668958891262E-4,1.4608681405675402E-4,1.255119061782853E-4,5.858300379280474E-7,2.20488038034267E-4,1.534764050556088E-4,2.287602065329046E-4,2.332218068259038E-6,1.0268419106117524E-6,1.5047147528775756E-5,1.1029722169348574E-4,2.8482249215775992E-5,1.1121180001720808E-5,1.2738262781305357E-4,1.057562924829219E-5,1.4557124566763103E-4
