0.0,0.0,0.0,0.0,0.0,0.0,0.0,0.0,0.0,0.0,0.0,0.0,0.0,0.0,0.0,0.0,0.0,0.0,0.0,0.0,0.0,0.0,0.0,0.0,0.0,0.0,0.0,0.0,0.0,0.0
0.021650472341594035,0.0,0.0,0.0,0.0,0.0,0.0,0.0,0.0,0.0,0.0,0.0,0.0,0.0,0.0,0.0,0.0,0.0,0.0,0.0,0.0,0.0,0.0,0.0,0.0,0.0,0.0,0.00268812029552547,0.0,0.0
0.221490527660996,0.0,0.0,0.0,0.0,0.0,0.0,0.0,0.0,0.0,0.0,0.0,0.0,0.0,0.0,0.0,0.0,0.0,0.0,0.0,0.0,0.0,0.0,0.0,0.0,0.0,0.0,0.0,0.0,0.0
0.42968524073442543,0.0,3.693910399064629E-6,3.3603364507466335E-5,0.0,4.4692291404544696E-4,0.0,0.002765873537281706,0.0,0.0,0.0,6.4664997865988545E-6,0.0,0.0,0.0,6.610012984351817E-5,0.0,0.0,3.855561974193313E-5,7.167986047145141E-4,4.5539015228713984E-4,0.0,0.0,8.378692470942321E-5,0.0,0.0,0.0,0.0,3.775475315365191E-4,0.0
0.831793621797019,0.0,0.0,0.0,0.0,0.0,0.0,0.005735183410185916,0.0,0.0,0.0,0.0,0.0,0.0,0.0,1.5325954951681052E-4,0.0,0.0,0.0,0.0,0.0,0.0,0.0,0.012802350718224574,0.0,0.0,0.0,0.0096215233284404,0.0,0.0
0.8269795934260573,0.0,0.0,6.914586911283749E-7,0.0,0.0,3.1878694563497125E-7,0.007031410347081435,0.0,0.0,0.0016192567574477242,0.0,0.0,1.428531467698079E-7,0.0,1.2695242597579834E-4,0.0,9.350398849019035E-7,0.0,0.0,1.1141847296146135E-5,2.564368856576496E-7,0.0,0.0,2.3363724377686418E-7,0.0,0.0,0.011091129170653267,0.0,0.0
0.6258067558030711,0.0,0.0,2.5358547962020302E-5,0.0,5.557334453589747E-4,0.0,0.00527398242314142,1.0232174426295965E-5,1.5224202389382706E-5,0.0,0.0,2.4412745099642473E-5,0.0,3.1882787298934295E-5,0.0,1.6678067865194616E-5,0.0,1.5044722713720683E-5,9.682554537349273E-4,0.0,0.0,4.06572331578172E-5,8.042052523409703E-5,0.0,0.0,7.2955984548110796E-6,0.0,1.7207017190981285E-4,2.9712002432749797E-6
0.25779538755273546,0.0,0.0,0.0,3.231982079226317E-5,0.0,0.0,0.0,0.0,0.0,0.0,4.664792216887255E-8,0.0,0.0,0.0,0.0,0.0,0.0,0.0,0.0,0.0,0.0,0.0,0.0,0.0,0.0,0.0,0.0,0.0,0.0
0.4163614831165206,6.45034698894408E-5,1.8497998695797673E-6,9.95140993725532E-6,1.2684794050837992E-4,7.82094337813593E-4,2.6540196270219525E-5,0.0,3.205324090947419E-5,2.5373208093234006E-5,2.924244907310615E-5,1.0902957413636815E-6,3.363937471066131E-6,4.868552441697574E-6,9.617480923168777E-5,4.929434799939997E-6,9.943578526761025E-6,6.142763973039728E-5,1.9090088390401954E-6,1.7465535640184463E-4,5.091475281933869E-5,1.5340741359577486E-5,7.937725431090561E-4,4.3292061432668674E-4,1.099984100921547E-5,0.0,0.0,0.0,2.187380251796086E-5,4.812103821323012E-5
0.008084476119835315,0.0,0.0,0.0,0.0,0.0,0.0,0.0,0.0,0.0,0.0,0.0,0.0,0.0,0.0,0.0,0.0,0.0,0.0,0.0,0.0,0.0,0.0,0.007084102178092436,0.0,0.0,0.0,0.0,0.0,0.0
0.8238142735452928,2.5805426257300645E-6,0.0,3.760762416591492E-4,0.0,6.113641805514599E-4,2.1617246649007764E-5,7.219988086222077E-5,5.249239177478581E-4,0.0038091264830855927,0.0,1.8133874257363523E-6,0.0028957153177498677,5.395208156219154E-4,0.007142072956859705,2.3345645799620067E-5,0.0011870290824289613,0.0019321521280053205,1.6971067777826446E-6,2.0969890746894352E-4,1.6608083709006906E-4,5.910028885864064E-4,0.006828722087866534,0.0,8.256140479048861E-4,2.0870857728954618E-4,5.751638227896014E-4,5.272447422252386E-4,6.918065696759145E-5,7.26662005347993E-4
0.014464211876945465,0.0,0.0,0.0,0.0,0.0,0.0,0.0,0.0,0.0,0.0034315451246188667,0.0,0.0,0.0,0.0,0.0,0.0,0.0,0.0,0.0,0.0,0.0,0.0,0.0,0.0,0.0,0.0,0.0,0.0,0.0
0.18633331451698165,0.0,5.2535454956041515E-6,0.0,2.4667149954469186E-4,0.0010921288489103265,3.9568460969348194E-5,0.0,0.0,0.0,7.228238765894614E-4,0.0,0.0,0.0,0.0,1.1337294069220394E-6,0.0,4.3543850186192904E-5,0.0,4.8709870530789145E-4,0.0,1.5699620256049287E-5,0.0011930311516683287,0.0,2.9303855244406193E-6,0.0,0.0,0.0013331491037495299,4.663429342569223E-4,0.0
0.21907582092414052,2.2905691805529335E-4,1.0135876562028282E-5,1.0951237480170712E-8,1.463576902104771E-4,0.0013476686686703125,1.1184454569125926E-4,9.73448386395948E-5,4.192306928384775E-6,2.18571150728696E-4,1.69697402451978E-4,4.4784744852169205E-5,9.337891964458583E-5,1.8471460409436208E-6,2.7933518520885105E-5,6.15658412556644E-6,7.787591119395294E-5,3.6453746795067746E-5,9.110682991509043E-5,2.620658021503397E-8,1.6544264172664344E-5,5.0907646586372327E-5,2.3528162771205958E-4,2.456312083575272E-4,8.829640730932938E-6,4.30568826726148E-5,6.682982572669473E-6,4.823974268640426E-5,4.362902383540905E-4,1.9902601994553447E-4
0.4275483816431941,0.0,0.0,0.0,0.0,0.0,0.0,0.0021608415407435846,0.0,0.0,0.0,0.0,0.0,0.0,0.0,0.0,0.0,0.0,0.0,0.0,0.0,0.0,0.0,0.0,0.0,0.0,0.0,0.0,0.0,0.0
0.036952618914741095,1.773968852992955E-7,3.888576751962898E-8,1.5476004220740496E-6,1.3369028867094608E-6,2.123900969598142E-6,3.4834675698120244E-7,6.608902191999422E-5,0.0,5.875477301145375E-7,0.0,0.0,1.9745095180427865E-6,0.0,3.870226775472277E-6,3.026426878552778E-7,3.3396516360411727E-4,0.0,3.2523230105899674E-7,0.0,0.0,1.5194201637636567E-7,3.4553364834528086E-6,8.22418921815921E-4,0.0,1.543158118661165E-6,1.4399232864582668E-4,0.0,0.0,3.0362697571235054E-7
0.6344113738138443,1.2195817994773006E-5,0.0,2.131181960916568E-5,9.685001799534696E-6,3.482043956200602E-4,6.226494923075753E-6,0.0063248329048975855,8.093516822065515E-5,5.279544026776488E-4,0.0012299590564216357,1.9526101355218478E-5,0.0,1.708202722996452E-4,0.0,0.0,0.0,0.0,1.6265763361842536E-5,0.0,3.458041570631823E-4,0.0,0.0,0.0,0.0,5.1074344800259544E-5,2.6523275989426493E-5,2.0981767865999772E-4,0.0,6.102816318061992E-6
0.41285173155673077,7.430772987823125E-7,0.0,1.0659058271746787E-5,2.4710207507410037E-6,1.2782299346995944E-5,1.6487137602880595E-6,0.009825911419024702,1.3405153902311613E-5,1.0561600201452258E-4,4.542181119126707E-4,1.8293842456143495E-7,7.764703522388937E-5,1.5358633257752823E-5,1.9312111268405223E-4,2.660128807505828E-6,3.284760037831133E-5,6.94034671061626E-5,1.0924610809704103E-5,8.880535004339587E-5,1.991938008435703E-5,1.6283346436960397E-5,1.8600991816200593E-4,1.841428417363262E-4,2.240707887693362E-5,1.0381890567215783E-5,1.5093711566775836E-5,4.493040645283336E-4,3.8344683181862735E-6,1.9996918424362176E-5
0.4479226958422913,0.0,0.0,1.693603795797448E-5,0.0,0.0,8.340540096882905E-6,0.0011305004262488869,0.0,1.309711675047068E-4,0.003979039271269802,0.0,0.0,8.31926089055222E-7,6.097518244314832E-6,8.159230048192275E-7,5.198886050118774E-5,9.078603093168242E-5,0.0,4.424529983727711E-5,1.2005897423723056E-5,2.2149805276529277E-5,3.3612110862680806E-4,0.0018327481474508863,2.9722684222469973E-5,0.0,0.0,0.0035351348848140793,0.0,1.25602781540735E-5
0.04432835798033107,2.2122324793379095E-9,2.48184739488278E-11,7.313739868957549E-9,2.9915976157964954E-6,1.6122376201459038E-7,6.184334690234579E-10,1.622696824969559E-5,4.646364635448271E-9,5.108207283901752E-6,1.0604358290898475E-4,4.345275635037862E-9,7.715316825451335E-9,5.366001011175898E-7,1.1315214272543764E-8,2.427922679738974E-9,5.457185302184331E-9,1.3972044900680214E-9,4.4676994696912926E-9,4.602792578642772E-5,1.2162612617490805E-5,5.344323811513816E-10,8.053955629100044E-5,0.009311832125819087,4.969049480856236E-6,8.423594410950368E-6,2.852834619608966E-9,3.8279033051581967E-4,5.062236046206152E-8,2.245894619539824E-9
0.6229422197829434,3.461916889713356E-6,0.0,0.0,1.4170790714218901E-6,2.4244688086671005E-5,3.7494336491399265E-6,0.013006091814377405,3.3808816105849683E-6,2.2231026081542367E-5,2.3883880236941284E-6,2.3022480687008868E-6,1.7193739577979933E-5,2.3102458724623067E-6,4.7232878141337164E-5,2.381534372856456E-4,8.647287194197018E-6,0.0,4.796097028134483E-6,5.502461438330882E-6,0.0,3.659451093083415E-6,0.0,0.0014630417053646178,2.8786063683518245E-6,0.0,3.1167891718981626E-6,0.021263964153188982,0.0,4.911894158534348E-6
0.21366517550091468,1.0191357941486183E-4,3.052842159511192E-6,1.7787483211989316E-5,2.0016211229054753E-4,0.001093535590086074,4.1936236144698264E-5,0.0,5.075795871822825E-5,3.936627482690754E-5,0.0,1.0821333267637583E-6,1.0471936276641463E-5,7.2775717033938804E-6,1.585302845456528E-4,0.0,1.870722324751424E-5,8.670562130570035E-5,3.691897180380849E-6,0.0,8.242155614193913E-5,2.542699593925729E-5,0.001261214745432822,8.217054812010803E-4,1.5080140780757392E-5,5.742669761206156E-7,2.040338904637755E-7,0.0,0.0,7.693763672805278E-5
0.24437010880853927,2.612490998326786E-4,1.1373018181281643E-5,4.07529898281501E-6,1.6723537865423056E-4,0.0015357022806691116,1.2774801132422147E-4,1.2743479322346806E-4,4.844381406148698E-6,2.510519612367511E-4,2.686364958572701E-4,5.100636161913328E-5,1.0793948866004671E-4,2.953109373132984E-6,3.467553896274837E-5,7.309286902603821E-6,1.0896262058663207E-4,4.941224011148E-5,1.0388142024658371E-4,1.2960474232115747E-5,2.233960014589036E-5,5.8305029412232596E-5,2.920820416853447E-4,0.0,1.1885361764759234E-5,5.066847231561324E-5,1.4310257747622572E-5,7.112267286356592E-5,2.9679534925132337E-4,2.2721979693520936E-4
9.92013161735611E-4,1.3692978996856193E-5,1.9566591193074237E-5,1.6275243511035237E-4,1.8719044435267721E-4,7.080525100106932E-4,1.525798748333863E-5,7.290568517995186E-4,6.934920478428784E-5,1.8214572863049766E-4,0.0,2.060827454663162E-5,2.917297882730299E-4,4.465541514001523E-5,0.0011418664305446898,6.909510985861614E-5,2.2484698022527417E-4,1.1198443870705695E-4,5.885886805240566E-5,0.004372840276027177,9.445003857185339E-5,3.686122825306177E-5,0.0015762774553047109,0.0014860806288691658,3.2296826633523375E-5,1.474394738645019E-4,1.5254127433293182E-4,0.0011989804412299511,4.885936257064074E-4,3.624393418835609E-5
0.41453046783332004,6.30033460564022E-5,1.6866927619287206E-6,9.45910371224762E-6,1.3640625651418573E-4,8.094805871024825E-4,1.8863946714918196E-5,0.0,3.4773142887643606E-5,1.0499391596088207E-5,0.0,0.0,0.0,3.6195327797510525E-6,7.454717073877393E-5,4.985718152991786E-6,3.2269743836568754E-6,5.1925839506926244E-5,0.0,0.0,6.29118945860849E-5,1.4239393640231119E-5,8.405882272581644E-4,0.0,7.2208782860861E-6,0.0,0.0,9.881149202566091E-5,1.0221746536036693E-5,5.0384151179938174E-5
0.005096097921404419,0.0,0.0,0.0,0.0,0.0,0.0,0.0,0.0,0.0,0.0015095518059651222,0.0,0.0,0.0,0.0,2.6130257202880388E-5,0.0,0.0,0.0,0.0,0.0,0.0,0.0,8.335874223079859E-4,0.0,0.0,0.0,0.001181932896094806,0.0,0.0
0.6410474301905125,1.2892208541481553E-5,1.1691683801985935E-6,2.067521488133305E-5,3.432833997044261E-5,2.630244207358004E-4,1.962490278457915E-5,0.006771315084451425,7.5295267943660115E-6,1.34105885303443E-4,0.006333677173684701,1.0297797507217662E-4,7.084478078761233E-5,2.3836444634788874E-5,1.8890478365422131E-4,2.6442916124140066E-5,4.113268975371669E-5,1.0274618608194133E-4,2.071228106041701E-6,0.0017320561456239739,4.990400610745613E-4,2.0011360274686232E-5,1.9741636579047143E-4,0.0024357830168697074,2.67494153690547E-5,1.2737042423301257E-4,9.426205578419957E-6,0.0012333734941636695,5.825141125369808E-5,2.508038311360537E-5
0.21638456772668166,7.010386575687035E-6,5.297557047216251E-6,1.9097589698814386E-6,2.5475823908903454E-4,0.0011418007748467479,4.132436592410024E-5,0.0,7.93259787396715E-7,2.5916250962811293E-6,0.00235197797464589,1.4596614320430028E-7,2.843965759928375E-6,1.0488033845370176E-6,6.5884997845247765E-6,1.2593168201171097E-6,2.231115572665584E-6,4.55527164808997E-5,1.5076589319553077E-6,6.185968871734015E-4,4.6143707084860507E-5,1.6998163296128808E-5,0.0012029164393283563,4.159251428270186E-4,3.4101860368316302E-6,1.1171924578433435E-10,5.645965054168811E-7,0.0014395748649752213,4.8550805004761216E-4,4.2369378651942785E-6
0.8242633754773286,0.0,0.0,0.0,0.0,3.50534366929147E-4,0.0,0.012324888536636562,0.0,0.0,2.218958430963067E-5,0.0,0.0,0.0,0.0,4.9258523681955474E-5,0.0,0.0,9.579661754796544E-6,2.767620256741493E-4,0.0,0.0,0.0,0.0,0.0,0.0,0.0,0.012882235552667601,8.737561601101413E-5,0.0
0.4338451654234162,4.002397017666834E-11,5.287341219559324E-12,0.0,4.3083290990790356E-10,0.0,2.9157109243083086E-11,0.001739602543411621,0.0,0.0,7.60813357503062E-6,1.566165047113174E-12,0.0,8.925831824848835E-12,0.0,3.1471099902285294E-6,0.0,0.0,1.625554375046832E-11,0.0,4.1387072517696845E-8,0.0,0.0,3.851877530905382E-4,0.0,1.8651809557251216E-10,0.0,2.2943298365524765E-4,0.0,0.0
0.4412652551451933,7.006618845231853E-5,3.00724385971065E-6,1.1510791367492488E-5,1.8391074250627236E-4,0.001044062424881946,7.973619964399217E-5,1.7194903395794736E-4,3.3523535742306784E-5,3.35375876328709E-5,0.001535601311842314,1.1473212475327478E-6,5.194609882126477E-6,5.415094487192518E-6,1.0324999162596201E-4,5.2445375298241245E-6,1.3289244671368108E-5,7.376268612277593E-5,2.0629423150660657E-6,6.90409622436378E-4,8.246334955028879E-5,1.9895085775532448E-5,0.0010885348172252072,0.0042230857726996375,1.2190996586824151E-5,1.1138243134136092E-4,2.2156885810917241E-7,8.292544457154263E-4,1.1797024873526693E-4,5.12935366677339E-5
0.6433939629408819,1.2996979631657273E-4,8.453475649428077E-6,7.083362131716551E-5,1.5457080759448828E-4,4.1237197560060375E-4,8.242861861989774E-6,0.005924122935944848,6.375685681289435E-5,1.446155257772333E-4,0.0,0.0,1.128948881770422E-4,1.772822896609658E-5,7.017806629115072E-4,0.0,7.46951150929414E-5,5.223044129700353E-5,4.8039207827541986E-5,2.707893212633049E-4,6.538983091905446E-5,2.609248923395637E-5,6.566693630110856E-4,0.0010564051405458823,1.939713122515082E-5,5.63496240550848E-5,0.0,4.546818477584496E-4,3.5613358837135897E-4,1.4990748244664458E-4
0.8522649094543958,6.7228612127641295E-6,4.120673703345312E-7,2.76930584040598E-6,5.305566166752106E-6,4.9449200613096726E-5,1.1501911386878863E-6,0.003499576941200456,1.3857928974672275E-6,1.2438165012430053E-5,0.0,1.5513991560489223E-6,9.851571812499534E-6,1.723918063744251E-6,2.5750513964572598E-5,0.0,6.432204036882393E-6,7.231638363403663E-6,3.0115081849115048E-6,2.5519384994395295E-5,7.128702150376054E-6,1.939557544406183E-6,7.399690622369804E-5,0.004141191506640966,4.403565808842253E-6,7.077521399257821E-6,1.756471244844788E-6,0.0,1.4108292099112445E-5,2.635147320510152E-6
0.6371080270555739,4.428713291759089E-4,2.3538947637906517E-5,4.131924510180836E-4,2.0093184260333157E-4,0.0033428167265319043,1.9530840230394194E-4,0.009081563784558148,4.5115726342549083E-4,0.0032199827468882545,1.4063434106597077E-5,9.085146913700564E-5,0.0025801049764641445,4.399651550672512E-4,0.006844221094621403,1.2535583442707302E-4,0.0012261769377226556,0.0021395620747584635,1.8544831751631994E-4,4.7208933194302973E-4,2.2169760065303979E-4,5.23105941393331E-4,0.006187039104492531,0.001256050610207805,7.022774484712722E-4,1.2305481680861471E-4,4.366683870186467E-4,0.0107196775372682,9.621359303969845E-4,7.023993040097332E-4
0.6295324278209273,1.1466798357964661E-6,1.1124672281746462E-6,1.6498502279333431E-6,6.714817164042558E-6,8.12152151566297E-6,5.012537575380628E-6,3.2220950274702495E-4,5.900265494245212E-7,1.607619621918119E-6,0.003186187728347497,5.967347695330866E-6,2.366932204504789E-6,3.179340382952226E-6,2.7065292374486762E-6,1.8211589616916474E-6,1.0469688380252036E-6,3.6430040116477565E-5,4.79905936880246E-7,1.4991673804495668E-4,4.63909074059583E-5,5.093199978848995E-6,6.713015732769229E-4,0.007496383947342062,8.055800379898371E-6,5.230907412493718E-5,9.468590570363261E-7,8.486469334802692E-5,5.564389240475596E-5,5.616064968983556E-7
0.6311873653412546,1.1646867191292215E-5,0.0,2.1099097914937784E-5,2.9989163441579837E-6,3.646694676490317E-4,2.5499406305916925E-6,0.00616822418062199,9.837567310252458E-5,6.992158859393781E-4,0.006156541842101775,0.0,0.0,2.060741730062126E-4,0.0,0.0,0.0,0.0,1.9665057391665726E-5,0.0,3.161771010894213E-4,0.0,0.0,0.00210345187343081,0.0,3.0343784593185808E-5,3.0404815540277958E-5,7.642841946150388E-4,0.0,9.440839339653923E-7
0.4258786887412763,2.038468694460084E-4,1.647514613059157E-5,0.0,2.7284433825437303E-5,0.001368777899830417,7.132778197185306E-5,0.0010801580742284772,0.0,0.0,0.0,6.114282156199387E-5,7.433615559803457E-7,0.0,0.0,0.0,0.0,0.0,1.9884063340906493E-4,4.1257691932496056E-4,0.0,0.0,0.0,0.005129716710953468,0.0,0.0,2.0990800019559035E-8,0.003989265921207175,0.0017830043445092615,0.0
0.029155455628462584,2.8246394751770985E-5,8.085324854851617E-7,1.7129937342360995E-5,1.5133119859224832E-5,0.0,4.257086157743398E-6,0.0011577116332488033,1.527876279231203E-6,0.0,1.3524025975282554E-7,2.3114138805671393E-7,0.0,5.229252319557611E-6,0.0,4.761516651868962E-7,0.0,0.0,3.6764601269488546E-6,1.3806830335151508E-4,2.5531237596116206E-5,0.0,4.165199157028256E-6,5.179723755890952E-6,0.0,1.1421493278069436E-5,1.062079586767435E-6,3.6259841027232414E-6,0.0,1.300137984408718E-5
0.8305188638982247,0.0,0.0,0.0,0.0,0.0,0.0,0.0055205603414766775,0.0,0.0,0.0,0.0,0.0,0.0,0.0,0.0,0.0,0.0,0.0,0.0,0.0,0.0,0.0,0.0,0.0,0.0,0.0,0.0,0.0,0.0
0.4441077523965272,5.126737640469231E-4,2.461547311331764E-5,0.0,2.2368785519325603E-4,0.0032262180217479315,2.1158850076510069E-4,0.0,1.1147689687571492E-7,0.0,3.9069526810297264E-5,1.0411071047515824E-4,0.0,0.0,0.0,1.4540570152119075E-7,0.0,0.0,2.0187491910752492E-4,6.483913289817869E-6,1.3855140114058336E-6,0.0,0.0,1.5009091771883771E-5,0.0,7.841325972572958E-7,0.0,0.001560211374756126,9.6716503511874E-4,0.0
0.060291411763897296,1.0223783726045978E-4,0.0,3.9955138143620156E-6,6.723027029288597E-5,0.0,1.1296126502966393E-5,0.0,2.492042309766988E-6,5.477953483682703E-5,0.0,0.0,8.793483872957277E-6,0.0,1.1369402226125158E-5,0.0,2.492889666084612E-4,0.0,0.0,0.0,3.8614905211174945E-5,1.1605991838798527E-5,0.0,0.0,0.0,0.0,1.0710511185321152E-4,0.0,0.0,5.5960751491017214E-5
0.025041422671006126,8.983653073387701E-7,6.002914046492887E-7,4.3472955802600064E-7,2.8608918795649305E-5,1.2685420079443777E-4,4.823592446441199E-6,1.4419870109009661E-5,1.373365623636792E-7,2.0178304418857497E-6,3.3866801884325365E-4,2.747735851737828E-8,1.1946483688416669E-6,4.0349678031375784E-7,3.1652534117807167E-6,4.576411250233354E-7,7.782096351223213E-7,6.152712663131238E-6,2.0914225544374913E-7,8.189575680315789E-5,8.137959854750612E-6,2.138895359402993E-6,1.3595054062827267E-4,7.568782659479905E-5,6.767025924312453E-7,1.560978038650042E-6,1.8380847571108612E-7,1.739708598618715E-4,5.4163924992669885E-5,7.741298004886868E-7
0.6392323325895254,2.515079061046679E-6,5.392002033641689E-7,4.6560865302060664E-5,3.341505917040826E-6,7.071441458177423E-4,5.377034356072086E-6,0.0164566868376672,7.593365889648283E-5,5.647731403217511E-4,9.5501311622135E-4,4.9881277685236685E-6,4.309677155403848E-4,7.958819250565998E-5,0.0010421924444145485,1.5869274602480925E-4,1.779130040891186E-4,2.80200184275555E-4,4.706888459548207E-5,8.009059108832647E-4,1.5200266891128889E-5,8.803752533915518E-5,9.619846054057656E-4,0.0030452106808685963,1.2161978494934916E-4,2.3485455582228524E-5,8.254131381427296E-5,0.013968905630401356,2.470201360612789E-4,1.0862745031602004E-4
0.22425919643858472,2.6194380671638266E-4,1.290075196200555E-5,4.930140086800793E-7,1.0642821179897445E-4,0.001292702032965176,1.081089865720296E-4,1.2361326576600668E-4,7.133031065891922E-6,3.433954940161996E-6,1.1710477912822847E-4,4.508819832776834E-5,2.5223787806032123E-6,7.922307291718145E-7,6.302821883937213E-6,7.229434434979395E-7,1.433727966512988E-6,8.040562110463677E-6,9.854660279315914E-5,4.3856881749907635E-5,1.0593034042135117E-5,8.361285318547539E-7,5.601561482949519E-4,0.00697935163116139,1.8680394293434631E-6,3.5151868989350167E-6,2.419005829559329E-6,2.054807538057787E-5,5.015904279269192E-4,3.490433289329008E-6
0.8296365149490608,0.0,7.648991504245547E-7,6.72611315198677E-5,0.0,0.00118709597592637,0.0,0.011062922645465136,0.0,0.0,0.0,0.0,0.0,0.0,1.4460966259953727E-4,0.0,0.0,0.0,0.0,0.0,0.0,0.0,0.0,0.0,0.0,0.0,1.7071875432719575E-5,0.0,4.071881521479453E-4,0.0
0.8358872605238583,5.820465757834306E-6,4.5316096410496937E-7,3.0960777840075917E-6,5.536794313846887E-6,5.3616735125717254E-5,1.222218163658453E-6,0.0027762781803304026,1.5493812882250228E-6,1.3906650286295744E-5,0.0,1.1787587849483013E-6,1.1014682344252512E-5,1.9273098147153375E-6,2.8790730100713604E-5,0.0,7.191639681439112E-6,8.013618654393155E-6,2.4019192831784965E-6,2.7717410393891348E-5,7.970047870373098E-6,2.1426532571657656E-6,8.076601579457492E-5,0.003202331959040782,4.918650913132357E-6,6.474215730472105E-6,1.9638312379603734E-6,0.0,1.5046152522095287E-5,2.9461125829664745E-6
0.24997483816583,1.545806845346562E-4,5.231893184765151E-6,2.769729179779265E-5,2.8079797360339436E-4,0.0020090373530579175,4.2292527740459095E-5,0.0,0.0,0.0,3.4094269177179913E-4,6.945620368702218E-7,0.0,6.365403406655188E-7,1.580048722012964E-4,0.0,8.06415249258131E-6,8.466847332600972E-5,0.0,0.0,8.648189007870756E-5,2.5951344106766105E-5,0.0,0.0,9.529066665358583E-6,0.0,1.1005420714197922E-6,0.0,1.437542875867542E-4,1.051168192810598E-4
0.8424086159935553,7.613379066329042E-6,5.532519726826978E-7,3.6381183656553773E-6,7.594436953357391E-6,6.759961272659392E-5,1.611763211186717E-6,0.0024846747748292824,1.8204494215347243E-6,1.633910247125252E-5,0.0,1.6412199132976374E-6,1.2941276015601468E-5,2.2648040696823716E-6,3.3826497671260896E-5,0.0,8.449463862068554E-6,9.61322708152938E-6,3.2662406092515535E-6,3.4811558906415326E-5,9.364909006049344E-6,2.5888025397779507E-6,1.0031516332773556E-4,0.0015165950445551657,5.792250843507285E-6,8.267099846828209E-6,2.3073692411158142E-6,0.0,1.9683967883228792E-5,3.461832859533181E-6
0.8456602924684091,1.644056457733358E-5,0.0,0.0,2.2688868257701458E-5,1.7617807327264195E-4,5.272431802113579E-6,0.0033454771020569743,5.083010046985456E-6,0.0,2.7379065873668855E-5,7.256437012595706E-7,0.0,2.944145883244707E-6,0.0,0.0,0.0,1.8993488647354272E-5,0.0,0.0,1.7735035995163222E-5,4.540402939084521E-6,2.3058271333176248E-4,0.006738438884113083,7.90938589168042E-6,0.0,0.0,0.0,0.0,6.7188573402878955E-6
0.2087361349741447,1.541105912553311E-4,4.779162219791937E-6,7.2958677465176155E-6,1.2394469508699127E-4,0.0,5.327654004635494E-5,0.0,4.5233331122890316E-6,3.1869809074224985E-5,0.0,0.0,2.2038072723850428E-5,2.7527405413019845E-6,1.0352224646203751E-4,0.0,2.3723801071631477E-5,4.06610261211071E-5,3.697487214400196E-5,1.9391068186590672E-4,5.404981143637547E-5,1.6302037239316767E-5,2.1377088466473357E-4,0.0020317131101625406,8.871181717213227E-6,1.2121816988737145E-5,0.0,0.0,2.181601981539273E-4,4.599403693056144E-5
0.033633486008702224,7.356042091676295E-4,2.031491593404355E-6,2.5795561192697245E-7,7.349205145592728E-4,3.2044879345539875E-4,1.6625269977735282E-4,0.0,4.526032166076752E-6,1.4998508599448627E-4,1.2446920495823644E-7,1.5131499361931101E-5,1.1833279721257092E-4,2.494290882971986E-6,4.489104310671718E-4,1.2107209121881153E-5,1.0005220034705309E-4,2.0056115998901632E-4,3.877892525184711E-5,0.0,0.0,1.320226498064363E-4,2.5579633994466885E-4,3.572583243238521E-4,5.3239007638989155E-5,0.006146913588966907,3.0186386226102084E-6,0.0,4.354681565437444E-4,4.247339705543229E-4
0.010968364806779318,0.0,0.0,1.6715906274199579E-6,0.0,0.0,0.0,0.0,5.2805183157222435E-5,0.0,0.0,0.0,0.0,0.0,0.0,0.0,0.0,0.0,0.0,9.02177951171283E-7,9.175420860409236E-7,0.0,8.730508627258728E-6,8.698453530315699E-4,0.0,0.0,0.0,0.0,0.0,0.0
0.05133962541800433,4.622090732697389E-5,2.248185078942919E-6,1.6501692775189574E-5,5.248021938232989E-5,7.548872988541173E-5,9.594282161110872E-6,4.159819639331262E-4,6.480697728527751E-6,3.1169762964355485E-5,1.8028372875356557E-4,1.582576010988379E-6,2.0716299223808325E-5,3.986585501855392E-6,4.0100797047116085E-6,4.64339313276424E-6,8.863183908966194E-6,2.3370633589748336E-5,1.9191989512429636E-5,2.9601725724579203E-5,8.539247505411703E-5,5.735304621667462E-6,1.2131190476718904E-4,8.354501399260202E-4,7.540811289187833E-6,5.130653688017203E-5,1.3935784344736507E-5,8.124343137355303E-5,5.134920948327948E-5,1.0838788336851724E-5
0.05556415302602863,2.0609096622335656E-4,4.594125591369824E-6,0.0,8.623518046035707E-5,5.555832785045255E-4,4.489835784896718E-5,0.0,0.0,4.116552955016982E-5,0.0,2.2594420965107073E-5,0.0,0.0,0.0,0.0,2.2418059821228395E-4,0.0,4.35029013213191E-5,0.0,2.1073553893226213E-5,6.246882359477842E-6,0.0,0.0,0.0,0.0,1.0003853544175137E-4,0.0,1.7486992391418585E-4,5.0827633106273454E-5
0.6277478127295716,4.7097925363486764E-5,3.943720195841121E-6,4.112694022008299E-6,2.241202969967785E-5,0.0016608026667035889,2.2091793598981966E-5,2.8472617041287013E-4,3.300430496325676E-5,1.4505395058679801E-5,3.864901642883086E-4,4.903927639440724E-5,1.376135433080367E-5,3.5453944986245616E-6,2.433461539261551E-5,8.444219257569436E-6,3.042617242755726E-6,4.631114652445145E-5,8.432104618303454E-5,1.4147104759627883E-4,3.683936153439951E-5,4.201476638342085E-6,2.9058562941453535E-5,6.659928243242549E-4,1.179013972206062E-5,1.4821852948586863E-5,1.2194044183313506E-5,4.8522518923320033E-4,2.1425147278037482E-4,6.1676534715326945E-6
0.6329236905370831,4.415214723134564E-4,3.7238388043790273E-6,2.2580966815430893E-5,4.658452893283394E-4,0.001098625939649609,9.902405386105179E-5,0.007338920122865647,2.9784042036990437E-5,1.4424695979169455E-4,8.827714388748821E-5,2.4342633507019038E-5,9.442708489090665E-5,2.133336574984427E-5,4.0972450778752935E-4,4.893482513891724E-5,9.156836440939279E-5,1.0143558283679327E-4,4.6112104082526663E-5,7.619419663396189E-4,2.2290903852861606E-5,8.010373783377544E-5,2.899470475202817E-4,5.941585900751527E-4,2.7397804714166175E-5,2.0685325784998238E-5,2.7644008942712464E-5,0.008305583767534049,3.318313550384019E-4,2.538068416600907E-4
0.41983686664098285,2.3113703535118857E-6,3.623197716085618E-7,4.977912026930331E-6,1.3654938367043262E-5,9.220568422682899E-6,6.210445174320887E-6,0.015807929364425863,4.145498282601122E-6,5.1286030722883164E-5,0.0,0.0,2.907183693360622E-5,7.9745800675634E-6,5.7764180362600246E-5,9.166251861540699E-6,2.1282883217342294E-5,3.454353986292603E-5,5.372970691219465E-8,3.7681780938947417E-4,8.8135378436727E-5,7.2611964572576625E-6,0.0,0.0,9.295820198886785E-6,0.0,6.109363175132762E-7,0.01659841157774678,6.722476358133818E-6,6.624987984108983E-6
0.017828663163795937,2.1342956348787624E-5,0.0,1.5177661524022334E-7,0.0,0.0,0.0,0.0,1.637569665638932E-9,3.310439756616662E-7,0.0,4.793738678245999E-6,2.8846425464064363E-7,5.9147000709234186E-8,6.786998141733293E-7,0.0,1.7917869431275497E-7,1.1856992712778686E-5,9.914147751834154E-6,0.0,0.0,0.0,0.0,3.406910465343134E-4,8.961111232680256E-8,6.9450707468367425E-6,1.3905710344669622E-9,0.0,0.0,6.1731303728502E-8
0.6241930972363678,5.360000030146347E-5,5.016600546651564E-6,0.0,0.0,0.002103442149524327,0.0,0.0,0.0,0.0,4.97412631251045E-4,5.4417549028342826E-5,0.0,0.0,0.0,1.0710386239605871E-5,1.0541914097212152E-5,5.884142825400381E-5,0.0,1.8237328913311773E-4,0.0,0.0,4.048771387055224E-5,8.468242238244639E-4,1.4950516944598785E-5,0.0,1.14564651897338E-5,6.189752884713723E-4,2.7265448730418945E-4,0.0
0.6203991188292849,1.3705687554681654E-4,8.911072554923027E-6,8.217017905477466E-5,1.629352597936E-4,0.0015114815971324833,9.121177576095756E-6,0.006249414548735363,7.767873661083756E-5,2.2844449574311687E-4,2.564083678244978E-8,8.626228884687354E-6,1.7678260777952105E-4,2.945268856828864E-5,8.822489320387231E-4,1.9915910782177584E-4,1.0242375683523677E-4,9.361082324504228E-5,1.5252929605532909E-4,2.896487259847086E-4,0.0017621183090678664,3.9296572832015435E-5,8.285084469805272E-4,0.0011182279974326884,3.692256440380163E-5,6.356863941294684E-5,1.1477082708582196E-5,4.901606180535331E-4,0.001466719401094262,1.7251413156663508E-4
0.6189522866680708,9.434127497250287E-5,5.3454365887106274E-6,1.0645407544432565E-5,7.577047381893828E-5,2.7660206249704357E-5,1.528388730115503E-5,0.005276318591943661,1.2162985922528266E-5,1.0768064119804943E-4,4.239637292833784E-4,4.403470318553439E-6,6.966013156632808E-5,1.6078520630744985E-5,1.82528549261243E-4,1.059783487094124E-4,3.0822869303603084E-5,8.161901201152947E-5,4.6076954229346436E-5,6.295047361354514E-5,7.904786851449266E-5,1.3740761557246051E-5,8.862097096883665E-5,7.204531057830638E-4,2.8814821889298432E-5,1.1426620885545179E-5,1.4706908467765642E-5,0.008473268510437443,8.337126106547636E-5,1.6341821430773155E-5
0.23303456553704208,1.3984486446062563E-5,1.341536644118733E-6,9.203518914584133E-6,1.289258911184522E-5,2.7977040627963595E-4,3.165749617128013E-5,0.0010730873371425874,2.1056355919782074E-5,6.06404598706141E-5,0.001116054085345067,3.1951549365122588E-6,6.38379373289587E-5,1.6426947174925465E-5,9.415352517591719E-5,2.8108029142734323E-5,0.0,2.787328208722797E-4,1.6776307270762216E-5,8.719809311142312E-4,1.9987662716211958E-4,2.466009682396616E-5,7.366450747908237E-6,1.8464990485319235E-4,6.260456212196032E-5,6.461930025985436E-5,0.0,2.2372155604135822E-4,4.4755907079232224E-4,2.994052441763182E-5
0.6468225742826326,8.460746336818329E-5,7.55176128342629E-6,0.0,0.0,0.003226165899144782,0.0,7.557501630985725E-5,0.0,0.0,8.568150126509641E-4,8.662730902731715E-5,0.0,0.0,0.0,1.620151141530467E-5,0.0,4.323511599185959E-5,6.565685601790766E-6,3.051413079559192E-4,2.476539831240312E-5,0.0,0.0,0.0,2.373593549773851E-6,0.0,3.5924359758043834E-6,0.0010248377580016786,4.0335530309413995E-4,0.0
0.6529245783455775,0.0,0.0,0.0,0.0,0.0,0.0,0.0,0.0,0.0,0.0,0.0,0.0,0.0,0.0,0.0,0.0,0.0,0.0,0.0,0.0,0.0,0.0,0.0,0.0,0.0,0.0,0.0,0.0,0.0
0.8376331644056558,0.0,0.0,0.0,0.0,0.0,0.0,9.645680696274535E-6,0.0,0.0,0.0027584928860901192,0.0,0.0,0.0,0.0,7.970462697009042E-7,0.0,0.0,0.0,3.353181190365432E-4,0.0,0.0,0.0,9.550428473504117E-5,0.0,1.2191504034806564E-6,0.0,0.00784734333092121,0.0,0.0
0.22998528204838647,6.987808386928051E-4,2.0749552985485143E-6,0.0,6.997473696210361E-4,0.002098464842300656,1.6473283163445548E-4,4.697081248734695E-4,1.1735173705534674E-5,1.4873341663274847E-4,6.051983943966859E-5,5.6395147561497524E-5,1.0122132813703377E-4,2.5626517804456812E-6,4.027797660556718E-4,8.37286887228826E-6,0.0,1.9710289435008748E-4,1.1953986718581438E-4,0.0,2.8915359119650118E-5,1.2230705938872074E-4,3.6788813282290515E-4,4.28974576918406E-5,5.004359154333076E-5,0.0,0.0,2.138873762176755E-4,4.2951487069740825E-4,3.9346296446890385E-4
0.6219411516526164,0.0,0.0,0.0,0.0,0.0,0.0,0.010303473960771251,0.0,0.0,0.0,0.0,0.0,0.0,0.0,2.3184518126879934E-4,0.0,4.532793227377093E-5,0.0,0.0,0.0,0.0,0.0,0.0,7.597669029898591E-7,7.291976560538017E-6,0.0,0.01915670747309272,0.0,0.0
0.835438165091789,0.0,0.0,0.0,1.4546808059477938E-6,0.0,6.266860917127946E-6,0.038211850058316225,0.0,7.915310717407335E-5,0.0059664850426421265,0.0,6.669606975972739E-6,1.1188007376168822E-5,0.0,0.0,0.0,1.0605985088459315E-5,0.0,0.0,0.0,7.961834591039159E-6,0.0,0.0013371252959551894,3.018848901764632E-6,0.0,0.0,0.04281527767725313,0.0,0.0
0.8283573749201373,7.409834785509124E-5,7.274027631440809E-7,7.946589072681442E-5,8.221629129374477E-5,0.0016813085712157289,2.2968504508041234E-5,0.0,4.418932023719464E-6,1.0302128618850759E-4,0.0022606849320095015,2.261235598151047E-6,1.0774380603262532E-4,7.860369400829435E-6,1.896281238604627E-4,9.732712971217725E-6,7.908793238800004E-5,5.161062458406721E-5,4.239253742861891E-5,0.0,8.348029894963164E-5,1.9116242390493715E-5,5.2802935021225634E-5,6.43375475412629E-4,1.3853638434003141E-5,6.094785120612412E-4,2.2285993893324877E-5,0.015728244326997088,5.508399205992684E-4,5.399083210326508E-5
0.20639851998788133,5.476026323578934E-6,3.814800136685988E-7,4.4456319167251606E-6,8.46089001837086E-6,2.7960582899262315E-5,2.1477603114226027E-6,0.0,0.0,0.0,0.0,6.375254690966954E-7,5.8173353481771486E-6,0.0,2.8205744313244145E-5,4.474539116324595E-5,3.533575365330636E-6,2.7519411738824165E-6,2.7614066503338683E-6,6.517743783854476E-5,0.0,9.686750315196402E-7,3.7281034627211794E-5,0.0,1.0248304372417679E-6,3.2314662443320312E-6,4.903015114546449E-7,0.003383269147092352,2.2906845351488643E-5,3.405340939092468E-6
0.07303831106162688,1.1475002430886736E-5,0.0,0.0,1.5979121540299262E-5,0.0,4.800755882444956E-6,2.412836632773543E-4,1.0314485840256668E-5,1.5248415500325546E-6,0.0,4.277421713773245E-7,1.3578246371009674E-6,2.6585509788781354E-7,3.4657548732843693E-6,6.24536584491776E-6,0.0,7.362214755601111E-6,0.0,0.0,0.0,2.7623366877271837E-6,1.1560414622605414E-5,1.742431455801838E-4,1.2456570913383059E-6,0.0,0.0,0.0028603979938437102,0.0,1.6118455786322164E-6
0.41796658349732585,2.432175374191176E-4,0.0,0.0,5.442063833461219E-5,0.0,0.0,0.0,0.0,0.0,1.921286242340633E-5,0.0,0.0,5.066766200885699E-6,0.0,1.895597414112737E-5,0.0,0.0,0.0,0.0,0.0,0.0,0.0,0.007222415142125717,0.0,0.0,0.0,0.0021907655912771647,0.0020332916558892123,0.0
0.04058834805652864,3.229728278284041E-4,5.400945441603794E-6,4.0511542677835183E-5,5.278074149901607E-4,0.001950989598215948,7.127221605225149E-5,8.261285266127099E-5,0.0,1.0843757478793556E-5,4.1429431980287087E-4,0.0,5.74341832188465E-6,1.1064119774555634E-6,2.533054126051972E-4,0.0,2.9875276915869807E-5,1.0614217418356097E-4,0.0,0.0,1.1744088644483824E-4,3.8619708678030725E-5,2.0149198132263295E-5,0.0,1.0321390289733376E-5,0.0010310946740777537,2.4780952032193605E-6,0.0,1.1443420180578466E-4,2.003264321001029E-4
0.23645105732750482,7.813296368061506E-5,2.878123584423418E-6,5.075718004522003E-6,6.924956971024214E-5,4.3203631919932005E-6,3.1642099039736176E-5,0.001825899925210343,2.700944716710666E-5,1.9438457995147377E-5,2.1574453227152126E-4,8.299383543063787E-8,1.1671903820907215E-5,1.781045286612548E-6,5.985251106170128E-5,0.0,5.6180624969751726E-5,2.0876869842205234E-5,2.2073582211753777E-5,1.0899353669120514E-4,3.257257453837159E-5,8.846064267359305E-6,1.8642264515049013E-4,0.0012142771681952034,5.098283452728033E-6,7.70969466443359E-6,1.7700083542292025E-5,0.0023248179342495083,1.3155010945916875E-4,2.4872611532684187E-5
0.2017090848599342,7.834110671506998E-5,3.90865163046966E-6,3.102367814753976E-6,1.497546282897091E-4,2.800428415666678E-4,2.0789396721344117E-5,9.175435780247141E-4,2.002597239165069E-5,1.9469072052186471E-4,2.7538020385284946E-4,6.157075235783094E-6,5.714542761037373E-5,5.536938605506261E-5,2.4763765994520394E-4,8.004628683495159E-6,2.0117957981504424E-4,1.2385952161198167E-4,4.3158339123359415E-5,8.407924747359711E-4,1.2128328803958568E-4,2.7361221872846645E-5,9.334143062710537E-4,0.011387256490270711,2.8370982439926013E-5,1.0479473749566377E-5,5.156157945767193E-5,2.9526383181666127E-4,1.3593788454261324E-4,6.78123700945297E-5
0.8397295074106681,0.0,0.0,9.679830262832871E-7,1.0240166214792026E-4,0.003103211104093007,0.0,0.0,1.8775190965821107E-6,5.4257056905194985E-6,0.0013426829946280544,3.8648945917362884E-5,3.281923519590039E-6,8.150510100720077E-7,1.3282450066750155E-5,2.0449166293115773E-5,2.1976676322297626E-5,1.2909887971384614E-4,0.0,1.803490725994617E-4,2.469710036021922E-6,7.106226309794944E-6,6.956436337552809E-4,0.0,2.8214063180646615E-5,1.9911930826551132E-7,2.2331790603221135E-5,0.0,0.0,2.797756533312038E-6
0.42086589691050497,7.137308108751068E-5,2.0412946737452923E-6,2.7590269113997835E-5,1.578228019412308E-4,8.622143452152499E-4,3.271734687783656E-5,0.0,2.0776926557680518E-5,1.8007396610738585E-4,0.0,0.0,1.1499938594739824E-4,2.7228144150731185E-5,4.018095147497507E-4,5.734883535693328E-6,5.9254904257037296E-5,1.5840110351628996E-4,0.0,2.0199460348141652E-4,7.160520943430398E-5,4.270613976643099E-5,0.0012658439973411125,0.0,4.776738581187018E-5,0.0,2.3329907417680624E-5,0.0,0.0,9.100940882786052E-5
0.45295160296252457,0.0,0.0,0.0,0.0,0.0,0.0,0.0,0.0,0.0,0.0,0.0,0.0,0.0,0.0,0.0,0.0,0.0,0.0,0.0,0.0,0.0,0.0,5.026367122208561E-4,0.0,0.0,0.0,0.0,0.0,0.0
0.4383838283851532,2.2345973297295736E-4,2.2242574803406224E-6,1.2738784244645716E-6,2.0524790153637827E-4,8.213044925134096E-4,8.2603599881307E-5,0.0,4.421814337446435E-6,2.0386478728465538E-4,0.0,2.3464859333849824E-5,1.0682267259859012E-4,1.567793780867104E-5,2.674821442711808E-4,2.930247844190546E-4,2.8627324076838995E-4,6.95204708067347E-5,6.793022147684386E-5,0.0,3.0475292479074226E-5,4.411296228825868E-5,0.0,0.0,3.6591382097398226E-5,7.010070471144094E-7,1.3292767453487346E-4,3.9080439751049915E-4,2.0973187256210775E-4,1.5782687538523952E-4
0.21111413839072452,2.5012452497040694E-4,1.1638819379683001E-5,6.456105109280635E-7,1.1165163974215292E-4,0.0015229168489404687,9.936278930273691E-5,1.9694541258717947E-4,3.1702979363580867E-6,2.2595614892058277E-5,1.9934775227227494E-4,4.885989750637706E-5,5.089694764884165E-7,6.639525578761532E-6,2.0540351378074854E-6,3.459235283519568E-7,1.6999743077679708E-6,1.0017073922914892E-6,9.511037345322314E-5,1.6151819929760797E-5,1.0147269798252585E-5,2.723368290194629E-7,6.697748322527465E-5,7.261079504712512E-5,2.2967521692123622E-7,9.530273689271269E-7,9.6824168738038E-7,2.0448624685069556E-5,5.962191844056301E-4,1.427324427505109E-6
0.4224151810021197,1.510655765863792E-4,5.7716805119200415E-6,2.0820614009958106E-5,1.2840157830656325E-4,1.0343529038929689E-4,6.163391539337782E-5,0.0,6.0753007053546955E-5,1.266213493617147E-4,0.0,2.750523361973777E-6,9.454467263635123E-5,1.5751630517956035E-5,3.0196290107055863E-4,1.76603546518183E-5,1.383828466244589E-4,1.3347358808292424E-4,4.440654918706541E-5,0.0,1.680110671990928E-5,3.11109713627739E-5,0.0010495778873607408,0.0,4.593787404939679E-5,5.9359293566908845E-6,4.384977128518835E-5,0.0,2.605440194354413E-4,6.416071069985859E-5
0.0668549397679441,5.186592805645803E-4,1.2076410303274505E-6,0.0,5.078071562622415E-4,1.2536067215818648E-4,1.1493172055969291E-4,1.6291893276425475E-5,5.272380693735955E-7,8.546240626923497E-5,0.0,1.0814103994921597E-5,7.072842525157215E-5,0.0,2.726287581609065E-4,7.788821663663455E-5,6.433341670595167E-5,1.2459306900577908E-4,2.7362658135623785E-5,0.0,0.0,8.953321369453838E-5,1.7290549104264491E-6,0.0,3.2456504391992985E-5,0.004414886662662708,0.0,0.0,3.1987834543779475E-4,2.9360548015440447E-4
0.4325919985092598,0.0,0.0,9.623599113557817E-6,0.0,0.019484203095508162,0.0,0.0,2.1438522386534888E-5,7.716053334597267E-4,0.007036308113678277,2.4138368083015385E-4,8.53961220303419E-4,1.4443106561433794E-5,0.00381722874737089,1.393043810059988E-4,9.905621574366635E-4,0.0034043578165693666,0.0,0.001092018346693901,6.038477899247575E-6,1.9413605105243683E-4,0.004400987602283923,0.0,8.097177671558959E-4,0.0,1.5088278841696295E-4,0.0,0.0,0.0
0.4241505195031804,0.0,4.406203566825056E-9,0.0,0.0,0.0,0.0,0.014122055925209202,2.6370882862469333E-5,1.8959266384071396E-4,0.0,3.1111765833943117E-7,4.729680996952627E-5,3.588072491636134E-5,1.8607272607812445E-4,3.71013169149394E-6,1.1560732569520051E-6,7.885179729968941E-5,5.077653324227036E-6,1.2371909506037515E-4,5.109078302442785E-5,1.3550939897499061E-5,2.532624234275925E-4,3.8544647443057556E-5,2.641806737336086E-5,0.0,1.1924739591301672E-5,0.0,0.0,2.7525412816946674E-6
0.20443198326242643,9.752523204535534E-5,3.859395177868942E-6,1.2872843653099917E-5,1.6672571488957012E-4,6.836350340015166E-4,4.1389506896146354E-5,0.0013048966379066583,3.987002565891259E-5,4.19333721446079E-5,2.3458260917879101E-4,1.0647444071161108E-6,1.8180467613398224E-5,6.811935278980433E-6,1.3015175555299827E-4,9.471173245523994E-6,3.9650689172906394E-5,6.787706413176183E-5,1.6230127282251944E-5,1.257139670509482E-4,7.2160832841894E-5,2.0412874059848713E-5,4.883149628337664E-4,0.0012544967956254747,1.3465227982063228E-5,6.054609813368122E-6,9.79152903112693E-6,0.0018095166537329629,1.106449710182966E-4,5.395186739062865E-5
0.0028530489917966834,5.571274533382282E-4,2.3965991855987433E-5,0.0,3.500118109589543E-4,0.0028250938602404248,2.7999585937171556E-4,0.0,7.908906110877414E-6,5.204432209020821E-4,2.743417720322402E-4,1.1201077099202412E-4,2.006838913998117E-4,0.0,0.0,0.0,1.5462991942523773E-4,4.777349155448278E-5,2.2060726808466303E-4,0.0,0.0,1.2502045670998636E-4,4.91637808048969E-4,3.5714137394164593E-4,8.093791628784008E-6,8.873078330154837E-5,2.0059562745652805E-6,0.0,0.0010867232877710305,4.91047654663531E-4
0.08248643629853983,1.9658918054970837E-5,0.0,5.715458586692173E-6,1.0114385651316306E-5,0.0,1.4640166023102874E-6,7.606041875114697E-4,6.35124235339783E-6,3.00905058645069E-5,0.0,4.4985747801886325E-7,1.968469115617792E-5,0.0,8.535501244846599E-5,2.5428598561950765E-5,1.0816531983757669E-5,0.0,1.2764055535695907E-5,0.0,7.294038108489955E-5,0.0,0.0,0.0,0.0,0.0,1.3722733615380101E-6,2.5196254797205803E-5,0.0,1.470377729730166E-5
0.4094802093411403,2.4130415659291574E-4,3.124753759830003E-6,2.3127789897466104E-6,2.271441892523816E-4,9.447401921536557E-4,8.519365165262645E-5,0.0,8.495529671078339E-6,2.1736803995828252E-4,2.0464386506462224E-6,2.437871158290264E-5,1.1277091532417527E-4,1.7708148954264776E-5,3.337433050420558E-4,2.9913583599196886E-4,2.956459541975062E-4,7.451958462236755E-5,7.045731988724655E-5,2.1703368006924687E-4,3.77763520215574E-5,4.737738629271863E-5,4.586979906462255E-5,0.0,3.871502577869871E-5,6.681239862467656E-6,1.37779457049098E-4,4.313691435955504E-4,2.0831106487826558E-4,1.7577522882815817E-4
0.18930721199517353,0.0,0.0,0.0,0.0,1.1130269231116171E-5,0.0,0.0015440758408851183,0.0,0.0,0.0,0.0,0.0,0.0,0.0,1.3469412062024695E-5,0.0,0.0,0.0,4.2989114222010476E-5,0.0,0.0,0.0,0.0017847795445130679,0.0,0.0,0.0,6.644962360310112E-4,4.026075753610082E-7,0.0
0.43647393644938837,1.6018086823600528E-4,1.2925743088435237E-5,1.4664474962306803E-5,2.232253675495929E-5,0.0011407739216893532,5.6045077240664124E-5,0.0064323116044724266,3.00922120987177E-7,8.572995646270673E-7,5.867697890492664E-7,4.792346973252817E-5,1.1590827613950457E-6,1.3579273409657416E-7,1.925208654239902E-6,4.023724198158566E-8,3.858842301708886E-7,8.95811244951228E-7,1.5578688295374833E-4,0.0010082250957543473,7.304597085487955E-7,2.0502688824716765E-7,8.315471861916566E-6,0.004072318796020057,3.202728882045547E-7,3.217264022728964E-7,1.1488370518906027E-7,0.0031239176484196525,0.0014181405168556703,4.1897789536032284E-7
0.1925921113287689,2.162332019687946E-4,1.1104402867664182E-5,2.720653870019628E-7,6.059158453230459E-5,9.195191433315361E-4,8.76908670517579E-5,2.4946210031130895E-4,0.0,4.770556756851167E-6,1.1464477477171515E-4,0.0,4.77084898074685E-6,9.728741762573264E-7,0.0,1.517440658593652E-5,4.6899184514849847E-7,1.7888037631152672E-5,8.691794433571686E-5,1.4457935517456864E-5,1.7954407791967374E-5,0.027460562944990042,2.797609356633361E-4,0.006661491345535319,6.733471421910622E-4,0.0,2.422903055440285E-6,0.001597237498776139,4.4157671349954574E-4,1.8133689300438643E-7
0.19449572746866345,1.2530206177355148E-4,3.778177430492031E-6,7.374429611653628E-5,2.472871835734234E-4,0.0012368993606793688,5.187668541656606E-5,0.0,1.5382019333701544E-4,7.066568804509659E-4,0.0,2.107715118292609E-6,5.072190131481262E-4,1.0331223190602302E-4,0.0014293136866177789,5.780249353089267E-5,2.199057126128301E-4,4.4386388939509947E-4,1.281108395132849E-6,0.0,1.1870344348969311E-4,1.330848510361137E-4,0.0027616054273022,9.989009498081675E-4,1.6282060452305137E-4,0.0,9.797670348358475E-5,0.0,0.0,2.142651832770407E-4
0.4112209222568433,0.0,0.0,7.27141026859703E-6,0.0,0.0,0.0,7.141967936688273E-4,6.974621976275779E-6,1.36761718095101E-5,0.0021967554930966103,0.0,1.2398262862848134E-5,3.776639763873301E-6,4.7336064973502214E-5,1.302868085038502E-5,6.454690213962341E-6,2.8696612199838794E-5,0.0,1.857980306737443E-4,1.2673845762648672E-4,4.665382582936246E-6,5.276006443143055E-4,0.005422523726358355,7.330635564515752E-6,3.884902234659394E-5,2.171890603810675E-6,0.0014578505436443501,2.8304731163657118E-5,7.260392976943848E-6
0.047583284934189396,2.092649726783118E-4,7.267297159570508E-6,3.5499238268223643E-7,1.1258398986289326E-4,8.653613406533788E-4,8.722343315484792E-5,0.0,5.9047185704604215E-6,1.7614010350779248E-4,7.877304357209004E-5,4.076556988364944E-5,7.166897615900704E-5,0.0,3.142416970237268E-5,1.7401308989173317E-5,5.305099999557671E-5,2.7145039084882874E-5,8.762801204347195E-5,0.0,4.482261146536392E-5,3.8157905913211967E-5,1.3665380466250647E-4,0.0,0.0,3.494040543706489E-5,0.0,1.5855553964756915E-4,3.3285104215962887E-4,1.6051998773209007E-4
0.8253434671306602,0.0,0.0,0.0,0.0,0.0,0.0,0.0,1.8359627032673673E-5,8.733550138919339E-5,0.0,0.0,8.547785077700238E-5,2.214600990683528E-5,1.8723873996534852E-4,0.0,6.62700285478116E-5,1.0293081386304384E-4,0.0,7.293459073590826E-4,0.0,1.398556776905466E-5,3.0809721456887516E-4,0.0,3.670817590834822E-5,0.0,1.9789864196750917E-5,0.0,0.0,0.0
0.19889800557577517,2.454781556119425E-4,1.0850376572535029E-5,0.0,1.46506106909546E-4,0.0014175836292461465,1.2850054933151163E-4,0.0,0.0,2.3064367719152074E-4,1.9946735833588562E-4,5.1479998037196086E-5,9.01209494486407E-5,0.0,0.0,0.0,7.985793256688624E-5,2.922944440136708E-5,8.974941447628341E-5,0.0,0.0,5.479293458846503E-5,1.4817774532731773E-4,1.4005532828642857E-4,5.795991752688984E-6,4.3215094614999746E-5,6.621771938557938E-6,2.0101935431650992E-6,3.4772832123361886E-4,2.1266247918094462E-4
0.24015494988788388,3.0832096221504804E-4,1.6808560769289747E-6,4.371515709792032E-6,3.2773569111916104E-4,0.0011182472821720663,7.692589135229822E-5,3.793003163199612E-4,1.4378814775589828E-5,7.062747979529873E-5,1.59253104270072E-5,2.3700128635158928E-5,4.7643373441881576E-5,2.8639380258427876E-7,2.0306916326021194E-4,1.6171208089583994E-5,5.392098874131933E-6,8.105822978576307E-5,5.500797586648477E-5,8.485694570927122E-5,5.2527569655919895E-5,5.2872898302201536E-5,4.191710222499496E-4,6.33005265077398E-6,1.8885874240990425E-5,3.423449783896341E-9,6.865472767929268E-7,8.797132017388937E-4,3.466255239884773E-4,1.7633808250632453E-4
0.19690041737590644,1.1285018768215812E-4,6.741365171626191E-6,8.458473709784794E-6,1.119907504898814E-4,0.0011875860829363267,5.086084500700239E-5,8.981401504850919E-4,2.7774995858583763E-5,2.82819214898567E-5,1.6560296798168707E-4,2.3855241311418223E-5,1.2896286120339257E-5,4.534160821019256E-6,8.719338030510913E-5,1.0903816607918175E-5,2.6311743787169455E-5,6.275144014542962E-5,5.643226998515235E-5,8.708391124566079E-5,4.768323993639869E-5,1.4215622255072488E-5,3.86495523967638E-4,0.0025563355869033595,1.269413688571205E-5,2.3852536552494954E-5,6.484901582557439E-6,0.0018096802680072504,2.3934608292716002E-4,3.698177151766183E-5
0.22666345268901505,1.3102578332101663E-5,1.5326348700128294E-8,8.139584002975524E-6,7.541528354696093E-6,2.0110718888451354E-5,1.4249467820008703E-6,4.8815306642561063E-4,8.171447925831162E-5,6.411721375416767E-5,2.0012848551077216E-7,3.091203392857684E-7,4.6567987056487356E-5,6.37756335781863E-6,1.3907449520157215E-4,1.6578073090610922E-5,1.2209264436302103E-4,2.3254456661785438E-5,8.192421522469699E-6,3.7635742521588556E-6,4.89050236735021E-5,7.070768413936808E-6,8.696567187477818E-5,8.227867162633462E-4,9.797672805535928E-6,2.40131846550443E-6,5.614720041800423E-5,2.6273238887103713E-5,8.417014658367185E-7,2.2637420363769188E-5
0.8329255924961543,1.120015154990893E-4,6.35211218820486E-6,9.882789375589076E-6,0.0,0.0037566957370486374,3.5121999203078816E-5,4.8645802731074443E-4,8.174540293556118E-5,3.639988907840527E-5,0.0,1.219996198960641E-4,3.4431754096837433E-5,5.753364207418189E-6,6.122875415178792E-5,2.1149473656628517E-5,7.795215351771052E-6,8.613863505081882E-5,2.032859289369852E-4,3.702444979701492E-4,7.264966802186611E-5,7.177506277811008E-6,0.0,0.0,2.1737994331949106E-5,0.0,2.9574098235007445E-5,6.328870655279465E-4,2.6994354582871786E-4,1.557285911248179E-5
