2.5467963176112156E-7,8.186859301993971E-5,6.783747269375367E-4,2.286612894708118E-4,8.022264312441465E-4,3.5166615361430155E-4,0.003769275535329966,0.001575517400437992,6.989462378654986E-4,8.437323502793231E-5,8.734706848421106E-4,1.9108962184286843E-4,3.0116361130760546E-4,6.225983280442499E-5,8.023600757140949E-4,8.240463885647972E-4,0.0011178753823922857,0.0019965031011562584,4.423241955994761E-4,5.1833769522343996E-5,7.303216186247286E-5,4.967710946928139E-4,1.2132923184163196E-4,2.5724516719452116E-4,0.0015090364525132416,3.8505002945794846E-4,0.0034075019844381337,0.0022193176626589665,3.0264238693200265E-4,2.7045952339491906E-4
0.8498670672976638,5.835074373172593E-6,8.665389523371176E-4,0.0017728053614099852,8.72229543140907E-4,0.0010367938472619254,3.293788918568214E-5,0.0012600985168847185,6.979110580665446E-4,2.6356549004362984E-5,0.0013937791741724034,1.8949801871001652E-4,6.506242940699712E-4,1.27536154808671E-4,2.8451102508357187E-4,8.117455845329804E-4,0.00102674812132066,3.147337287982503E-5,5.230962954442467E-4,0.0012668323608862123,7.980330534072579E-4,9.569714301213288E-4,6.795414524925627E-4,1.9845025489803052E-4,2.456373296750592E-4,1.1711313506542739E-4,7.549659461422924E-4,0.0021237887662159363,3.806326053485142E-5,0.00108087366948795
0.6513707518791572,0.0018058745409671036,9.4236902281526E-4,9.459132048389359E-4,8.06293275395025E-4,3.115272223292435E-4,2.158260490399866E-5,1.0691739042745425E-4,1.2963420642329729E-5,0.001980991547956096,6.0619206894211544E-5,2.585779300068605E-4,4.241731171216309E-4,3.4353674914412474E-4,1.2289715679196723E-4,8.347262101356291E-4,0.001088436508220707,0.0017092283540089753,5.295015517382801E-4,7.343249717862368E-5,6.438512574707793E-4,4.3063387313164265E-5,0.001165675849964876,1.3542609641154521E-5,1.4009141125026785E-4,3.7929368259444814E-4,3.952127674005301E-4,0.004259630387097257,4.04965853622241E-5,2.534349084381567E-4
0.8235135770156452,5.46065232238188E-4,9.068879495217835E-4,0.001570978187514239,3.924900252234139E-4,0.0010233608871577633,9.913847270749587E-6,0.0013946944527147872,1.7832369099510514E-4,1.5546028507787597E-4,0.0013816034290941184,3.553193957940223E-5,7.845222256380309E-4,7.673338501393657E-5,1.6234458136006987E-4,8.532691617255128E-4,0.0010679800822521502,0.0010712014899272254,4.453672097189283E-4,7.424779540480207E-4,0.003079596954363922,0.0020934448717847723,0.0015688345098949206,1.9201214519243366E-4,2.981049282158569E-4,3.8118382135313064E-4,0.0034701872025821815,0.0027908797499223686,1.482736418369872E-4,9.89636425784515E-5
0.6185271599115462,8.588555528375925E-6,2.539961630103931E-4,0.0015725361714251853,2.4674444127305382E-5,0.001040640938312266,3.402396276794899E-6,0.0016500006673408015,2.1512250630812335E-4,1.1117530303437478E-4,5.431749676973519E-4,5.86789163171978E-5,8.09516365154933E-4,2.4200365505936544E-5,2.874220586266406E-4,8.170088001955199E-4,0.001029923377055735,2.8413245562568213E-4,4.449706949952703E-4,7.313051757198242E-4,0.0030755534979468235,2.305127121328997E-5,9.282639648971807E-6,1.545057968239403E-4,2.45472511861365E-4,3.8748525182880094E-4,0.0018239137396408227,0.002134980988390439,3.2194815747688864E-4,9.900272226351322E-5
0.4538383267360194,1.693150897060414E-5,9.068879495217835E-4,9.591267867719123E-4,8.698966495498951E-4,9.488992629487535E-4,4.167478783914875E-5,0.0013589801565058002,1.7852021499685533E-4,1.4060636407384349E-5,0.0013959354632874016,1.917566270782841E-4,5.913568589273453E-4,7.745084305365136E-5,8.192148428335413E-4,8.154454034038493E-4,0.001026717189099343,0.0019529516020554603,4.2551804805695333E-4,8.226424599900358E-5,7.331848839495408E-4,0.002111310777593493,0.0015752385984682332,1.9197257551695668E-4,0.0014973996686330048,4.0295084425771485E-4,0.0015966242000724409,0.005039853146123648,1.5174639738828192E-4,2.3491019928008382E-4
0.40964288829021206,3.385026050846374E-5,8.586438053728433E-4,8.997276239772103E-4,4.200139359472405E-4,0.0035004518177364557,0.003771233417893112,0.0012869871647916637,2.1522730868620427E-4,1.681110458028913E-6,8.734780847041443E-4,0.0011437951735185203,7.847022507550665E-4,2.3914779405108692E-5,8.078972090546779E-4,0.005220429136318122,8.746021882683342E-5,2.758563724974295E-4,0.004987861277110161,1.6272033841633064E-5,0.0030452933253846677,1.8720505660583186E-5,3.504317306363595E-4,2.563756719493806E-4,1.5681309561378838E-5,3.9983547775163445E-4,7.331770868058171E-5,0.005197042583359833,1.5318989381433917E-4,9.914234642720004E-5
0.2567289268741907,0.0015723379254307087,5.60747900992127E-4,9.422446695802134E-4,8.059755706363217E-4,0.0026926029856946723,1.914336848257419E-4,9.419572815358144E-4,1.0690687656367918E-5,3.958213451182793E-5,7.668028060231955E-4,6.161087066372956E-4,7.912728065441459E-4,1.6642568351926278E-4,1.093736479642477E-4,8.16879270258432E-4,0.0014164650606087621,0.0018209063545461882,5.353095498580407E-4,1.7510333308401587E-4,7.362903308699921E-4,3.458342013233526E-5,6.851891167395036E-4,1.3164171105509506E-5,1.429071468499845E-5,1.8743921419005455E-4,0.0014623499368166116,0.009506030065737171,1.1057713414802127E-4,2.5345560857022013E-4
0.07801642447645396,8.04449246494341E-6,8.961975890173318E-4,3.11640835237278E-4,7.307833149351438E-4,3.200335991945186E-4,1.7601322887963836E-5,9.512519998338223E-5,9.395623896367814E-6,0.002031316186338017,0.0013825418174740075,2.590121135279453E-4,8.027933339160993E-4,5.5562376508379806E-5,2.5273957517718977E-4,8.236948442396533E-4,0.001442512087786524,0.0016912516159515035,5.323034560593686E-4,0.001937203188484132,7.345027593124967E-4,9.258113243276747E-4,6.713643300371983E-4,1.3461606283296233E-4,0.0014999272523086515,4.702168166844035E-5,0.0013790739260185168,0.002349710356646786,3.260908406430437E-4,6.452562423464055E-6
0.1822714740646582,0.0025138843988456476,8.926090513556893E-4,9.046087390466114E-4,7.562161325684358E-4,1.3696045338536163E-4,3.421112382577768E-5,1.1690738152613357E-4,2.8571440668140753E-5,1.5635616478385818E-4,0.001252992617955144,2.57359236415443E-4,7.56210073485582E-4,0.002394794493727736,1.057491274448406E-4,0.0014001097551670388,1.0315140684917339E-4,2.949265343092141E-4,5.231347051486935E-4,3.1685034761653346E-5,0.0031396113167870437,0.0025040146659596734,4.1247896634729003E-4,1.9370050449331392E-4,3.5128414232001265E-4,2.0045998889099955E-4,0.0034441183232661304,0.0015747091277737288,4.0185852348662064E-5,3.930462178271069E-6
0.6281015804567452,0.0018122137614092057,4.1497610760761266E-4,9.459132048389359E-4,4.789881479564655E-4,3.115272223292435E-4,2.158260490399866E-5,1.0691739042745425E-4,1.7902467727694054E-4,0.001980991547956096,5.8523947700352434E-5,2.585779300068605E-4,4.241731171216309E-4,3.4353674914412474E-4,1.1368535628316158E-4,0.0013387355165123149,0.001088436508220707,0.0017091751526742659,5.295015517382801E-4,5.747695339295683E-5,6.314452217407993E-4,4.3063387313164265E-5,0.001165675849964876,1.3542609641154521E-5,1.4009141125026785E-4,3.7929368259444814E-4,3.952127674005301E-4,0.004259630387097257,3.986354067667027E-5,2.534349084381567E-4
0.8289335566149031,0.0025147156390573316,0.01989338561346964,9.022224377940704E-4,2.738442826855117E-4,4.0744592447230165E-4,3.0622092334892403E-6,0.001982120256398493,9.279698449819329E-5,3.4522109327923605E-5,8.75261826937062E-4,2.0511606593661221E-4,7.859874274911379E-4,8.410085379606953E-5,1.1093150049467236E-4,0.001422458661140925,0.0010288545536877444,7.301339906936493E-5,4.4508564958422485E-4,1.938191179574471E-5,0.003068005365669412,5.20765042097005E-4,1.2572462631564905E-4,5.142280949768094E-5,1.7076721518634883E-4,3.866255928551145E-4,0.0013795776441330352,0.02890892118220003,3.237798250344663E-4,2.712874538787662E-4
0.6335243675990815,1.0373762963962911E-5,8.586438053728433E-4,8.997276239772103E-4,8.625741738400922E-4,0.004500771260704847,0.0037713716294167725,0.0012869871647916637,2.1521528321447985E-4,2.540084934103348E-5,8.734780847041443E-4,5.239252924660719E-4,7.847022507550665E-4,6.856908285127081E-5,2.7628408663287135E-4,8.448984805758887E-4,6.040765388554256E-4,2.758563724974295E-4,0.004987861277110161,2.9722764098155414E-4,0.003045262984522413,1.8720505660583186E-5,3.504317306363595E-4,2.563756719493806E-4,1.5681309561378838E-5,3.9983547775163445E-4,1.0918668242956755E-4,0.005048613661902049,1.5319207805406735E-4,2.7081408202466335E-4
0.4471407129327174,0.0015483733685872241,8.951669475682633E-4,0.0015727673072825745,7.964816204726572E-4,0.0027246191438422317,8.834856255069894E-5,0.001271626485436135,0.001980183431281702,1.0098814163397991E-4,5.090042285459012E-5,3.6304209485119927E-4,2.016760510019181E-4,2.2188669845572193E-5,2.41380912127532E-4,0.0014183968835801578,5.693835653708904E-4,3.542619490814005E-5,5.297510567650723E-4,7.608882724883045E-5,7.262140786167535E-5,9.711992609747046E-4,8.739425886114055E-5,1.1761769716414888E-4,2.921326153538235E-4,3.7909339138055145E-4,0.0010213190003631597,6.643352725005346E-4,1.3688513354360098E-4,9.605120118936551E-5
0.41518395735518143,0.0016803764295342267,0.0035506488581495614,0.001581715779636445,8.640528447192039E-4,0.004529783786809259,9.019640645690163E-5,0.0010250903538881035,0.001974544622028166,2.200849699184656E-5,6.769323816153657E-5,0.009757142874485376,7.861971524698402E-4,6.791388286063689E-5,2.4667789043433303E-4,0.0013950526906465162,0.0010689908735875089,0.00196606959236702,3.767426412129007E-4,0.0015273034476264709,0.0030716535200765267,3.100075391988523E-5,4.935547365724361E-4,1.5607600672454348E-4,1.5743014658820668E-4,3.8636820927546035E-4,0.0034887535049802293,0.00997275055591287,3.468284989456284E-5,2.9838694403759884E-5
0.6257728260593611,0.0011580414476447826,8.866467487320059E-4,8.710234338072413E-4,8.751013645151068E-4,4.087628713507934E-4,1.5516893224742576E-5,0.003340110282110599,1.7889987313366446E-4,7.732986826965952E-5,9.32061675299069E-4,8.003222455352277E-5,5.817638632354873E-4,5.7185454685068746E-5,8.037832858546458E-5,0.0014100865961183197,8.025816600623831E-5,7.65776956073536E-5,0.005022015886539832,0.01146360674072175,7.277476531384196E-4,4.4254020113152544E-6,1.2027951584441856E-4,1.9231669524322128E-4,1.664875710764226E-5,3.432350831478654E-4,4.416761047791167E-4,0.0026866036607767164,1.493506151117406E-4,1.0224836832532877E-4
0.020907787184961113,0.001513418395683537,8.589253217338669E-4,2.3820468564563185E-4,8.674529288558162E-4,0.004385517442945333,3.326365113842886E-5,2.287825932583271E-4,3.048924498666031E-5,1.54035897955735E-4,9.594410458776356E-4,0.009867123662293573,5.943126855212988E-4,9.456436040571215E-5,8.193221549546484E-4,0.0027721409378392583,3.949676544357287E-4,0.001700378469152667,5.085531597371238E-4,7.714636366824485E-4,6.923371237509981E-4,3.895131432986353E-5,3.5104373015420716E-4,1.8943299748336615E-4,8.317548532623378E-6,3.863315549493631E-4,0.001507401788475067,0.005166931310136163,1.4809469707386053E-4,9.697264107198962E-5
0.6199717156512433,1.198458073589691E-6,2.543256075564205E-4,0.0024841770095564496,1.239440131735469E-4,0.002250146610535537,9.019794070620984E-6,1.1690738152613357E-4,4.4485037290936525E-5,0.0012842210611960668,5.1756782178652845E-5,2.5702621567811126E-4,6.497742358472667E-4,7.99400855862794E-4,8.078516148034651E-4,8.092918074095603E-4,0.0014374294951900464,1.3315646489554816E-4,4.173305917130901E-4,2.4451601490851416E-5,7.366456484196758E-4,2.6217738456969927E-5,4.1323173683293713E-4,1.971059415312476E-4,1.2782499193579122E-4,1.9072098251817008E-4,0.0013350162174852879,0.002452833466919194,1.5067037631649253E-4,2.6844255217841874E-4
0.6372272248410152,0.002575809590672896,9.13561079242017E-4,0.0016033691499638084,7.319425553623826E-4,3.097052082711273E-4,1.7539601908101536E-5,1.0314485795539727E-4,2.3380424197255202E-4,0.002029077427038823,0.0014061663503045418,2.583005540357924E-4,8.027945527010833E-4,3.422742496962724E-4,2.2021791731887481E-4,8.171624962761155E-4,0.001089333247261131,0.0019374429925091891,4.775919270297137E-4,3.4945192522000984E-4,0.0030629248342148563,4.579209935403639E-5,6.932199186341975E-6,1.5593208000547768E-4,2.5370029743634453E-4,1.8638793339534768E-4,0.006574847741897013,0.004793775766417209,1.5190382883429945E-4,0.0029733089459247786
0.42332117107171074,1.63345527216593E-5,9.412847174690977E-4,2.514596703177067E-4,7.586636914186525E-4,0.0010417340837817336,1.6442906893991086E-5,0.0013344712151817585,2.318511508493628E-5,9.602869544572207E-5,7.480597873703023E-4,0.004879797591915522,1.117640553880122E-5,0.001202887658187942,9.204818497648725E-5,1.0640281449834422E-4,0.0010712325378281846,0.001706974149964803,0.006067655913244034,0.0015288507402405295,0.002992412067646685,5.479116267471799E-6,4.844132776098292E-4,1.937052415343411E-4,0.0014927595919649534,3.79785434391178E-4,0.0034892446569659567,0.010045375625761091,3.0001352019695416E-4,2.3787735958270047E-4
0.21810788975157094,0.0022692523475842824,8.668054405919968E-4,0.0015950227122896118,2.9062734490135E-5,0.001016714167288951,0.0038408575645847054,0.0015059268799088974,0.001976965348259809,1.0312635634328096E-4,5.486298138635799E-4,1.3268545660876676E-4,7.455346851973927E-4,2.4354441000819034E-5,8.157682452866788E-4,8.168708782037466E-4,0.0010254659306132396,0.001937586439694999,4.44939030680433E-4,5.641911591052601E-5,0.003075554023568011,1.547263233883139E-5,4.8535552317460507E-4,1.9251137385455541E-4,2.4557829303747426E-4,1.867640641358663E-4,0.003501892523499745,0.0057254299737759615,1.5022110990725961E-4,6.531916651590025E-5
0.02771720805288208,0.001665565148122365,8.586204754691318E-4,0.0015817838892444147,4.7532420502652186E-4,0.0010237271268478854,0.002579718890207598,0.001028274254700083,1.7779085202437623E-4,1.5491579980108573E-4,1.2539638453851047E-4,0.009848695998010994,5.917785360618998E-4,9.44940078505558E-5,7.902461185482995E-4,8.309809917861678E-4,0.0010686379708478451,0.0017153802640146967,0.004852220965000223,5.012620908763886E-5,6.152138599500266E-4,2.8817361153446008E-5,7.890787841240848E-5,1.9230661916476725E-4,8.327400062858523E-6,3.863454291998446E-4,0.003486744345058354,0.009974749274525015,3.637884691494164E-5,9.954244914515042E-5
0.00793383954108115,0.0025138843988456476,8.926090513556893E-4,9.046087390466114E-4,7.575814034384864E-4,9.45264985547649E-5,3.421112382577768E-5,1.1690738152613357E-4,7.126051930669284E-4,1.5635616478385818E-4,0.0014828595107942702,2.57359236415443E-4,6.511009874599444E-4,7.683604474803515E-5,7.359399482402657E-5,0.0013953650138632567,0.0056425097008105905,2.949265343092141E-4,5.231347051486935E-4,3.168180745679553E-5,0.0031326160623566758,9.670459977803159E-4,4.1247896634729003E-4,1.9370050449331392E-4,3.1293874990038356E-4,1.9649662983780474E-4,0.003485888093118722,0.0015747091277737288,1.0540501694559658E-4,6.840345511626235E-5
0.826407698074542,1.693150897060414E-5,9.068879495217835E-4,0.001571100665965823,1.225931267236079E-4,0.004378681723125305,1.5240979066239245E-5,0.00116109755203527,9.47101635634412E-5,0.0020263063800771554,8.731629151668617E-4,2.5624613822255895E-4,7.811040909469762E-4,2.144711512270933E-5,0.005188617973351476,0.0014079445554673318,3.749392113255802E-5,0.0010934229288673582,0.006716984507175073,7.583077195276475E-4,7.586063068174738E-4,1.001260095619945E-4,0.0015688345098949206,1.944168097801015E-4,3.091241553596605E-4,4.012674064326235E-4,0.003464430517514726,0.0028231215166221167,1.4921478191582262E-4,1.0343312215257717E-4
0.8250274468361486,1.0047208836195089E-5,8.122237908449318E-4,0.0015931917978492074,3.9514054100288094E-4,0.004385517442945333,2.0846893407290134E-5,0.0013424465029357653,2.7675010733628435E-5,2.5248816809970236E-5,7.296547428386015E-5,1.3523031429687262E-4,6.51835580959758E-4,1.230838738387234E-4,7.863802706593193E-4,8.375788535305736E-4,6.182213665093053E-4,0.0016631181809441474,0.006916642059654914,7.289112355669895E-4,6.307656153293265E-4,1.0652471995140997E-5,3.7135371757284624E-4,1.6615786804968823E-4,8.708662112822776E-6,1.8482202809921858E-4,0.001507963571930638,0.026526914592535214,9.472651982258412E-5,2.6960180427330665E-4
0.4136679299089501,0.0011313179069957473,0.002437234150979295,0.0010934089380679657,1.2192442888847181E-4,0.00220587860971393,4.98337533851966E-6,0.0011423526039159454,4.8313400786203456E-5,1.6730999970066278E-4,4.539132176749057E-5,5.8127602112076216E-5,7.879165289267917E-4,7.395195283078871E-7,2.4198609977496343E-4,0.0026307716170196538,5.044864168646671E-4,1.3431528519024162E-4,5.226702589681819E-4,0.0012639865345978813,7.146060902144101E-4,1.3933391538231352E-5,4.112614607210703E-4,1.7346672381770819E-4,2.4062767773435292E-4,3.991642871668938E-4,0.0023468047600745984,0.002125317688804695,1.7307909367798963E-4,6.351160882551643E-5
0.23928716021239002,0.002531098436846859,8.665389523371176E-4,0.0017728053614099852,8.711263160643692E-4,2.3953472749554386E-4,3.293788918568214E-5,0.0013435990943864932,6.979110580665446E-4,1.790985315738386E-4,0.0013937791741724034,5.594164983211219E-5,6.506242940699712E-4,1.27536154808671E-4,2.914604583046553E-4,8.117455845329804E-4,0.00102674812132066,3.147337287982503E-5,4.173330393612023E-4,0.0012668323608862123,7.980330534072579E-4,5.1727027665115995E-5,6.819348988530481E-4,1.9848913033583613E-4,2.4436242557988294E-4,3.808669321205492E-4,7.549659461422924E-4,0.0021237887662159363,3.806326053485142E-5,0.00108087366948795
0.22564004596965082,5.506550429182019E-5,8.583957455053484E-4,6.567721831508109E-4,4.202029369104229E-4,3.506401685255313E-4,0.003771233417893112,2.476454442705893E-4,2.769649083683709E-5,2.452580332763408E-7,8.734781447492957E-4,2.0721425235215127E-4,2.964291761950139E-4,7.726554145221436E-5,7.904409544440733E-4,0.0035569402867477325,0.001096181359062763,7.642331898094457E-5,4.4225414413418766E-4,1.6272033841633064E-5,0.0030675421694821335,2.012839621880597E-5,3.531529893176185E-4,2.573420105633648E-4,0.0015079845934771032,1.5504394124401906E-4,6.400714373583366E-5,0.002465043835935005,3.026701099449459E-4,1.022349348954006E-4
0.641833014382635,0.00226866835028382,9.068339171557729E-4,6.846317368686258E-4,0.0010482188521033391,0.004450855471724605,2.9165939621000008E-6,0.002028092282978485,9.284713926980565E-5,3.45793034544094E-5,8.709386607867791E-4,2.577150073698356E-4,3.0187838744960864E-4,8.379507068362743E-5,0.003080743852028478,8.386100678494132E-4,1.1238550342334728E-4,8.443400007682547E-5,6.334171393755187E-4,5.1332258719993016E-5,0.0022112648650660606,4.892450352103359E-4,6.713812003439045E-4,1.5437579339957244E-4,0.0015068730222140838,3.6276762954278764E-4,0.0034431324345943017,0.04922173656105721,1.5187736557901215E-4,2.3958592596976975E-4
0.840810372602047,0.00153725881954976,9.427265177382637E-4,0.001579951134742369,4.0038641751251E-4,0.002227387188782917,2.1619802293787666E-4,0.0013988140486727923,2.8364668843341404E-5,1.0027754449406116E-4,3.408626190893027E-4,6.223461962430275E-4,7.869314892987511E-4,2.5761415295802087E-5,7.210986630290381E-5,8.099247099064962E-4,5.693003940981873E-4,0.0010850080976440419,4.46250274746824E-4,2.145647669347173E-5,7.366018077562407E-4,9.69924905949482E-4,6.836056734637738E-4,1.920138003046847E-4,9.658760608996557E-6,1.8722609841758222E-4,0.0014623499368166116,0.0027760117502489906,5.2077967235555385E-5,2.535118129249401E-4
0.003241507543572379,0.002511862246668062,9.414549555893039E-4,3.1295752545385837E-4,8.026583137825239E-4,0.003575988363673504,2.159138232693828E-4,0.0015776575690158792,6.994472941440265E-4,8.437323502793231E-5,0.0032189100719889696,1.9108962184286843E-4,7.879992194936928E-4,6.225983280442499E-5,0.018844244791763536,8.272659756250664E-4,3.881536992781544E-4,0.0019975558877554796,3.8009227155889403E-4,3.051390613003833E-5,7.253631387521E-5,0.007773855413175099,1.2031110028436247E-4,1.9559189626596008E-4,0.001500522115507903,1.5564094732744925E-4,0.003408206989734699,7.755253883718121E-4,1.5316583041457757E-4,9.956590643482194E-5
0.4257524184758952,0.00226866835028382,8.938057345939453E-4,9.519606025156701E-4,0.0010521530618791428,0.0010389443160358901,6.573455056571372E-5,2.0200167436331198E-4,2.1122575366747763E-6,4.205126704639004E-5,4.70828371667573E-5,2.5715791838408123E-4,2.0052297768495927E-4,9.440486558810762E-5,4.037618323315848E-4,0.0014118614485414747,0.0011221930254150733,4.714475021921113E-5,5.684950049606418E-4,7.85587691615797E-5,0.003077742590133877,3.309083793373807E-5,1.1460462982146611E-4,1.5627914396730178E-4,2.926981685937761E-4,3.779754286969921E-4,0.003487254436364203,0.029091521294749095,4.1459643692061794E-5,2.705781496028821E-4
0.8383305589550123,0.0022692438047432514,9.427229907037541E-4,0.0015921519009765872,2.742129596521928E-5,0.002259070360000574,2.14830420659663E-4,0.0013459044264894607,2.0898918598296316E-4,2.5346584252398276E-5,0.0014114768858940535,6.223461962430275E-4,7.870807017251703E-4,7.661858269163088E-5,2.823831190736463E-4,0.001389277833891509,5.693003940981873E-4,0.0016649654161351168,5.260387294675099E-4,7.261962773794694E-4,7.366018077562407E-4,9.692066896139129E-4,2.2825327720410232E-4,2.2200675316861934E-4,2.910051782057275E-4,1.8722609841758222E-4,0.001393743166402294,0.005511789309803733,1.5008319489263867E-4,2.5317049170984877E-4
0.19086490815575605,0.0025761925362108367,9.955685322245228E-4,0.0015940361923266915,8.652295418321175E-4,0.0010063861964353606,8.173886715874068E-5,0.0013707116319799724,1.8626986712642337E-4,2.0662462089996658E-5,0.0013685416395644127,1.3813944101754812E-4,6.505623353986371E-4,6.73587154508753E-5,2.411278694960158E-4,0.0014071293186476376,6.565273622776814E-4,0.0019645799291474605,5.293687532161018E-4,4.5682401204978E-5,0.0030608858332013054,5.698140745971286E-7,4.8534700556393106E-4,1.9231600858529024E-4,1.8187914742026995E-4,2.8149075344616024E-4,0.003488742750438518,0.005200376411233772,1.4950429921134267E-4,2.748894600705802E-4
0.41859958794829694,0.0015483733685872241,6.279271528209652E-4,0.0015948767692415748,8.002469010669085E-4,0.001023385640386752,0.003644070235665689,0.0012679625782207316,0.001978288878180123,1.0085891033190139E-4,5.090042285459012E-5,3.641638771799729E-4,2.016760510019181E-4,6.913726519996974E-5,8.035039792479133E-4,0.0014183968835801578,5.693835653708904E-4,3.542619490814005E-5,0.004936439566455285,7.608882724883045E-5,7.189203269975192E-5,0.0010162761072173168,9.010069584152329E-5,1.9380268721444317E-4,2.921326153538235E-4,0.006983795651551142,0.003427203416129678,0.021562538736864437,2.9565492953829574E-4,2.7137889364242993E-4
0.44113642036918965,0.0015686316138868036,0.0010337165561708009,0.0015801104427984694,4.2833343036770017E-4,0.004559618022711812,2.1730564724865118E-4,9.419572815358144E-4,0.001963551054656112,1.0027754449406116E-4,9.427092588089056E-4,6.208808577429817E-4,5.904430038309002E-4,1.6664129698298945E-4,2.35952162171144E-4,8.166535396257938E-4,5.693003940981873E-4,0.0016747052608744855,5.34865386089051E-4,3.354202194307779E-5,6.853523104540561E-4,9.679793077158292E-4,6.831001356390839E-4,1.9702483605033017E-4,1.2557234359871118E-5,1.8722609841758222E-4,0.013399508955741216,0.009541436493767633,1.1029990028565765E-4,2.541398783177485E-4
0.8303765543812968,0.002514727296313865,8.165472110116194E-4,0.0010889990794815734,1.239440131735469E-4,0.002245404844348451,9.037557821884451E-6,1.1690738152613357E-4,9.47244205076198E-5,0.0012842210611960668,3.412738840734811E-4,2.5702621567811126E-4,6.512088444428099E-4,7.683604474803515E-5,1.1002466957263646E-4,0.0026136518143912053,0.0014339938014744035,1.3431241479713862E-4,4.173305917130901E-4,2.141239099783648E-5,7.366456484196758E-4,9.699045891560966E-4,4.095626293390044E-4,1.9879676793291555E-4,0.004774199329613581,1.9072098251817008E-4,0.0013357931434633758,0.0027025104753182518,1.5067037631649253E-4,2.6844465364823987E-4
0.20653404073396184,0.002531098436846859,8.665102710693941E-4,0.0015715697631313215,8.711263160643692E-4,2.3953472749554386E-4,3.293788918568214E-5,0.0013435990943864932,6.979110580665446E-4,1.596121220403925E-4,0.0013937791741724034,5.493417708492745E-5,6.507956049607484E-4,1.2761148722361968E-4,2.914604583046553E-4,8.122360437081587E-4,0.004343472493828293,0.0016633192464160299,4.173330393612023E-4,0.0012668323608862123,7.918308111118685E-4,5.1727027665115995E-5,1.0936138540208566E-4,1.5568721032487208E-4,0.0015037904443186878,1.8792497975984992E-4,0.0034054472124155346,0.0021237887662159363,3.806326053485142E-5,0.00108087366948795
0.017527185759366015,0.002266277302471028,8.58500874806264E-4,0.0015838531524243946,2.7929617124699754E-5,0.0026716481992835415,2.1730564724865118E-4,9.419572815358144E-4,1.794333421455518E-4,0.009733253254565836,1.1796021675824787E-4,8.64825970894755E-5,7.877873982021732E-4,0.005091354186124465,7.883363231343058E-4,8.166535396257938E-4,0.0010690537366775815,7.083244517916887E-5,0.004848425077459969,3.3464917114829274E-5,7.340684223264134E-4,9.679793077158292E-4,1.1857221161052902E-4,1.9227439245714044E-4,8.225581695645587E-6,4.0468398318283444E-4,0.0035151995587502944,0.0026838558962008464,1.1029990028565765E-4,2.3766944097729746E-4
0.4378573950200715,0.0015711237117457416,9.412334232476006E-4,0.0015920237611010265,4.2308065444559797E-4,0.004530640586755959,2.5452042319001135E-6,0.0013471085661456504,0.001962449128280962,5.23728678593346E-5,0.0014122073691297142,6.314158858364162E-4,2.017928562302183E-4,6.906338438711387E-5,2.3772401112734972E-4,0.0030342522742871384,0.001089333247261131,0.0019356690848089532,5.260485435462968E-4,0.0015360804647994522,6.855957798441659E-4,4.020623024872488E-5,4.886796859876795E-4,1.174456837422979E-4,2.8941364320877257E-4,1.577993816124108E-4,0.01339945625047791,0.020370968683351132,1.5191130217418519E-4,2.7076045939441356E-4
0.23093775616194773,0.0025118593100280136,9.076802153304514E-4,2.4746390102226197E-4,7.201619483206247E-4,9.828815166555433E-4,2.2000070630226096E-4,0.0033351184328195963,2.0798162100791042E-4,1.2284028607005906E-4,0.0013664988112746816,1.9279536771562607E-4,8.72073894434094E-4,0.0014798722682844785,2.1581891325644323E-4,8.246259442363987E-4,3.9703233522989697E-4,0.0016917023547783543,5.224813734895312E-4,0.001936323369790805,0.0030723921308931784,0.001006141101264364,4.821687399203952E-4,1.937526129727604E-4,2.5042416729162496E-4,3.4371734842451033E-4,0.0013782780528822259,0.0022775067562898267,4.9721249042276026E-5,3.7269428115356207E-6
0.6314689048736057,6.384944793452665E-5,8.121288747029238E-4,0.0015952266946693968,4.2060496195242016E-4,0.0034996651759212757,6.002925256475179E-5,4.971480969952421E-4,5.7750906408837074E-5,3.1865818282087665E-5,3.5103790336981613E-4,8.084064740349188E-5,7.847808765058277E-4,6.760139795563584E-5,2.445794907616976E-4,0.0026258348690757173,0.0012359765896202178,0.011687471988578235,6.091077208449374E-4,0.0015427536884517964,0.003082289328517868,1.8808537929370844E-5,4.8526164820239276E-4,1.9455433705159876E-4,1.8098139007429947E-4,2.3282064177628995E-4,7.062390901964029E-5,0.02866334362732163,2.9913791939025744E-4,2.735739699267373E-4
0.052944420698184405,0.0011689051691277288,0.0020445194149698305,9.011944725038417E-4,8.917337852975241E-4,0.001000823073287158,6.788493965295466E-5,0.003323016966202173,9.470977665152282E-6,3.438035661392496E-5,0.001361752032824682,8.228703294839315E-5,1.919794603218933E-4,6.258065241984898E-5,8.04950051856404E-4,6.709744320247601E-4,7.922810688548048E-5,0.0019081070209234548,4.142004840333916E-4,3.37364909779888E-6,0.0010885509331121778,2.7469065092978592E-5,0.001598996397035108,5.91056791962953E-4,2.5565588032446944E-4,3.805501302320414E-4,0.0013797766584258588,0.005406646474827723,0.0029021975863008456,6.494483216252722E-5
0.010978743123281842,0.0011572988739811,8.58904508566739E-4,8.738134146627831E-4,9.930043630100303E-4,4.5729516341673054E-5,3.416041345147092E-5,0.0012348713882272338,1.7595957786555977E-4,1.5760049800668795E-4,8.814064263820308E-4,1.917607835542525E-4,7.871198920072779E-4,7.741959604881814E-5,7.358903661055949E-5,0.0014005265010508467,5.026086594619415E-4,0.00167867523512385,5.54074511167642E-4,4.612938482333663E-5,6.322856371691738E-4,9.776089645526795E-4,1.1567490895015908E-4,1.9389206619547074E-4,3.1373747291476954E-4,1.9613564528170665E-4,0.001598739570508759,0.0026861850643391015,1.5016579022696615E-4,2.371012133552272E-4
0.2285649849433452,0.001162062477742589,8.054231856630738E-4,9.026851504801663E-4,4.873677773247208E-4,0.0010131928254322148,1.666451730945916E-5,0.0033196757899934177,1.8661037038885018E-4,2.805990376999183E-5,7.588924695305602E-4,0.0011695117723695527,4.044956799777351E-6,0.0014833584023736788,8.045378387562469E-4,8.171033641065428E-4,8.814192208065068E-5,0.00170828121499075,6.531128187452812E-4,0.0015282399406974913,0.0030769505677081367,0.002616410000391191,3.4869856114150266E-4,1.9372096455277848E-4,2.5359121310146123E-4,3.436925680968579E-4,0.0013294195617462518,0.005036761356434565,1.5519516645468893E-4,1.0481210978873943E-4
0.23452633301570916,3.024450495522045E-5,8.94008373396239E-4,9.524091209388669E-4,8.105919135358213E-4,0.0022621987537906796,3.361833546638303E-5,0.0015732949188418802,0.006657690338483008,3.902552120197225E-5,0.0012406759682177385,6.195084831617216E-4,2.156468813969671E-4,0.0015801655234150029,2.871656357683394E-4,8.432446095031996E-4,0.004294480380808627,0.001695101158046638,5.346602510948263E-4,7.533373302709998E-5,6.898875314084132E-4,0.0026175199280669627,4.840014272261125E-4,5.610102901030607E-4,2.752380662439777E-4,4.0571966470521147E-4,0.0013754638840128856,0.0050356778215153025,1.477645365833145E-4,2.7038982868534105E-4
0.6243529922338511,0.002210690532889481,8.508769565706349E-4,2.6433273963531614E-4,8.353405340067284E-4,0.004426243345930702,1.7276342888231035E-5,2.255968437834274E-4,5.707020787114683E-6,4.1780556406560525E-5,9.213044763929243E-4,2.5805924934230596E-4,8.060590792074937E-4,3.867952980732689E-5,2.1461976100429136E-4,0.001411973417605583,9.192149295360289E-4,0.0022125694384042332,4.951036098636358E-4,3.653905602247676E-4,7.067402637507196E-4,1.2749137242026611E-5,0.0015533039519020307,1.9338434761090033E-4,0.001318855672656962,3.798692222662919E-4,0.001292535756771308,0.0023127152954209628,1.5191125124643735E-4,2.3944566957953932E-4
0.042840062744065904,0.0022509766762097514,8.969709813763764E-4,8.710411948755139E-4,4.7867927283001875E-4,0.0010132641949365357,5.604397383210716E-5,8.77499000408354E-5,2.0937187006489364E-4,3.401632000523509E-5,7.668092955491318E-4,6.3223807072476E-4,5.916718907360227E-4,8.835275393573583E-5,8.079222378544223E-4,8.168942904474474E-4,8.461173133931278E-4,0.0016936278650903354,1.4053957106899143E-4,0.0015188329970248892,0.003030099887539008,3.4795598534416265E-6,8.575252626632346E-5,1.9195995948585682E-4,1.6722464359015512E-4,3.5535725220587266E-4,0.0013237662849746234,0.005035359340614814,3.2519766899052785E-4,6.620622159673064E-5
0.6473096724137554,0.0015479785619962035,0.0010337165561708009,0.001592124482369188,2.8417291096401902E-5,0.004559618022711812,1.9146555156580077E-4,9.419572815358144E-4,0.002003779059948858,1.0027754449406116E-4,9.427092588089056E-4,6.208808577429817E-4,7.868669482383505E-4,1.6664129698298945E-4,2.35952162171144E-4,8.166535396257938E-4,5.693003940981873E-4,0.04751238873233363,5.34865386089051E-4,3.360037940981856E-5,6.854255908402996E-4,9.699843077185574E-4,6.831001356390839E-4,1.989012403023782E-4,1.2531519811327678E-5,1.8722609841758222E-4,0.021395350097827778,0.009541436493767633,1.5005111598745969E-4,2.541398783177485E-4
0.06926765328203993,0.0022611728226402976,9.42195056648494E-4,2.599811407994917E-4,0.019780784742736285,0.0010284055246901288,1.8995726909728852E-5,1.4057260685977895E-4,2.098778465563552E-4,1.5495691639959018E-4,0.0012588844249170489,2.5730628491289764E-4,6.052151803948819E-4,1.2590203409384312E-4,7.881519783757029E-4,0.0014095602830111501,5.701557043595449E-4,8.379392201248837E-5,5.323969140963902E-4,2.165179363015042E-5,7.543294800199355E-4,9.921489976936248E-4,4.8232942584239925E-4,2.5826540029825606E-4,1.7019081981071662E-4,4.013683016459479E-4,0.0012901687929064661,0.0022786558987266618,1.5232009667892564E-4,2.3664946344471153E-4
0.638326771849589,0.0025196513021912663,6.299817167375076E-4,0.0015934497596852414,7.481169677289595E-4,0.0027448542736259215,0.0037327606187225323,0.0012680948102218334,2.517026505498007E-4,1.0246087885942414E-4,5.439722129137647E-5,2.859464403264032E-4,5.925361984516217E-4,6.968237190480144E-5,6.146394160263908E-4,8.180755719786495E-4,3.910921558231319E-4,0.0016721345287321662,4.921414593698159E-4,2.1699488167904886E-5,0.0022082157845748265,5.015288716188495E-5,6.811044711480338E-4,1.910082360701046E-4,8.381094436762839E-7,1.658823932085676E-4,0.0034865053537617803,0.001639286324549502,1.481192145149361E-4,0.002031557811053396
0.2226451224660203,0.001807511910441611,8.586092143949597E-4,6.567721831508109E-4,4.202029369104229E-4,3.1151474874522363E-4,0.0037826810991185116,0.008120438624723704,1.2880046179336022E-5,0.0019817800217078792,5.580654222750003E-5,2.0632767255721057E-4,2.964291761950139E-4,3.4312880194765135E-4,7.904409544440733E-4,8.401393656329984E-4,3.88823253799085E-4,7.571158708329594E-5,5.29651753465356E-4,7.310990696616601E-5,0.0030808652248187,2.012839621880597E-5,3.531529893176185E-4,2.573420105633648E-4,0.0015079845934771032,1.5504394124401906E-4,6.321636435518459E-5,0.002465043835935005,3.026701099449459E-4,1.022349348954006E-4
0.42961209997668104,2.2744555844106824E-5,9.749577467396929E-4,0.008799367852432488,8.693707496101581E-4,0.004461267920075974,6.564874382360468E-5,0.001362662315208824,2.1263730284437843E-4,1.4060636407384349E-5,8.756539982620896E-4,2.580417763691601E-4,2.0569850658592244E-4,7.68817983104971E-5,3.9457119949974206E-4,0.001399830170708709,0.0010020024981673636,3.158456953436756E-5,5.951108938602048E-4,4.258837029451297E-6,0.0021842282114249907,0.0020903243611516483,0.0015717416672616225,1.909791303143727E-4,2.1674626450814464E-5,3.5583305797614803E-4,0.0034400100791898806,0.005183042618302155,1.5140965218068223E-4,2.3719138605374844E-4
0.6218021082326061,0.0022702475233950217,8.585150472177099E-4,0.0010887641375971996,4.7464036064959674E-4,0.0022431224534003556,2.986681761387833E-5,0.003279072697076906,2.7448567050145658E-5,0.0012862100730889616,8.811890040960719E-4,1.913920565532835E-4,6.499039848332081E-4,5.788755577265915E-5,1.0934388911080096E-4,8.170829060025719E-4,1.1404637140432941E-4,6.754060634815995E-5,0.004567816752400198,3.0427862094729126E-5,0.002231965813119481,9.696424259940388E-4,6.733935396055717E-4,1.9409939102775354E-4,0.002476231150697712,5.169813399307064E-4,0.0012987678515461137,0.0027025693288535695,1.5094503716161115E-4,9.973950353357526E-5
0.18435582753355592,1.63345527216593E-5,9.412782727305114E-4,2.5253745108244857E-4,8.00914112240657E-4,0.0010417340837817336,1.7571476671484888E-5,0.0013344712151817585,6.814328552062408E-4,9.602869544572207E-5,7.480597873703023E-4,0.0049690603964099855,6.554779060988062E-4,1.2220571214267948E-4,1.660601002854715E-4,1.0640281449834422E-4,0.0010712325378281846,0.001958445011303473,4.075976861557251E-4,0.0015288507402405295,0.002992412067646685,7.890225513632922E-6,4.858265063076306E-4,1.937052415343411E-4,0.0014927595919649534,3.79785434391178E-4,0.003421545114163866,0.010045375625761091,3.0001352019695416E-4,2.3787735958270047E-4
0.41191159321296134,0.0025283527830752615,8.172885702155147E-4,9.44293269074632E-4,1.0805096556254848E-4,0.0022489034959608835,2.165794843759361E-4,1.282161231970015E-4,1.0775848040017049E-5,0.0012893852742933715,4.469655221623028E-5,2.5702621567811126E-4,6.502389305447617E-4,7.99400855862794E-4,8.078516148034651E-4,0.0026161481834335067,0.0014403635891306066,0.04475228815035029,4.173305917130901E-4,2.2288161703865874E-5,7.366456484196758E-4,9.699045891560966E-4,4.095626293390044E-4,1.262550757181968E-5,1.2686963262504146E-4,1.9072098251817008E-4,0.0013357931434633758,0.002452833466919194,1.5067037631649253E-4,2.6844255217841874E-4
0.8369220939345131,0.0015480866368221356,9.427229907037541E-4,0.001592131541910598,2.742129596521928E-5,0.0022423195329280433,2.14830420659663E-4,9.416317986492759E-4,1.4729409850112616E-5,1.0027754449406116E-4,0.0014114768858940535,6.223461962430275E-4,7.869314892987511E-4,7.669316099594752E-5,7.210986630290381E-5,8.099247099064962E-4,5.693003940981873E-4,0.0016649654161351168,5.260620445567621E-4,0.0015569056967102584,7.366018077562407E-4,9.692066896139129E-4,4.889088783597261E-4,1.9890118696717175E-4,8.225581695645587E-6,1.8722609841758222E-4,0.0013874385096374888,0.009521661709222959,1.5008319489263867E-4,2.535118129249401E-4
5.388334926262062E-4,0.002591320663459552,8.940028340102984E-4,9.539607359077295E-4,2.9280001755877037E-5,9.425607478480998E-4,3.495173755767986E-6,0.0015790505370070532,4.850348902884919E-5,3.902552120197225E-5,0.0013599846906421212,6.223345753847491E-4,2.2260930686308802E-4,5.130808234881978E-5,2.432322640743596E-4,0.001399107609459801,0.0011181992698363966,8.713064053342311E-5,5.344030455257558E-4,7.433132231582655E-5,4.440891017654194E-4,0.0026175199280669627,4.840014272261125E-4,0.00790918497967845,2.893614470076405E-4,1.8679114648374783E-4,0.001385925892775725,0.0057401590283386135,1.729208866405698E-4,2.527697082013639E-4
0.43555329348450034,0.0022693373622965376,0.0035501096319920183,0.0012265618912747289,8.695045633999135E-4,0.004525853330075048,4.333311599661112E-5,0.0016670538876478735,2.1737789258638706E-4,2.0551966296447535E-5,0.0013674639062487607,0.010155913886162809,1.2650788864600323E-4,6.249425486610729E-5,2.398289091111828E-4,6.707110243570431E-4,9.936720491346002E-4,8.70418993810225E-5,5.293347092935267E-4,2.2898666488052177E-5,7.315407610312322E-4,3.443011444123026E-5,0.001577047040778207,1.334412773196811E-5,2.677814203060952E-4,4.3009426093497437E-4,0.0034193795594276615,0.02838946454380444,2.81377245428098E-4,3.210473066487588E-5
0.23647619843412074,6.014431390365441E-5,8.580187638706319E-4,0.0017728041584999439,1.1083262514640003E-4,0.0010156303453530539,0.003673795321136459,0.0013394697377448611,1.4547388433252964E-6,1.6204266504435833E-4,0.001391121905755159,5.8052295629627514E-5,6.002118680416158E-4,5.382417157366201E-4,2.929720817770192E-4,0.0026499644757899407,0.0010408410457673205,7.428856391061817E-5,5.323040016937525E-4,0.0012671793658148513,7.971252679912242E-4,1.1809232695815606E-4,1.2136182470448572E-4,2.566094798639025E-4,1.7120757514258865E-4,3.7979043009150296E-4,0.0013440562612707368,0.0020927332088438878,3.243067204718455E-4,0.0010783897005732716
0.2461067869407346,0.0015483733685872241,0.004087439889617571,0.0015859361775962442,8.002469010669085E-4,0.0027246191438422317,2.2009489827613842E-4,0.0033421610389850545,0.001980183431281702,1.0085891033190139E-4,9.45137910626433E-4,3.641638771799729E-4,2.016760510019181E-4,6.279018067506386E-5,2.41380912127532E-4,0.0014183968835801578,5.691415611187212E-4,3.542619490814005E-5,5.224896776419086E-4,0.0019419845653966432,7.262140786167535E-5,9.711992609747046E-4,8.739425886114055E-5,0.021359633455336566,0.0014945935665297422,3.790841874414241E-4,0.0010220040335215828,0.0031324236513771905,2.9566408363779586E-4,2.8315104513130954E-6
0.060949046614754074,1.6442114140454578E-5,9.132698743158674E-4,0.0016046298262472553,2.466260578182694E-5,0.0010482384007171996,2.8083722396520926E-4,0.0033227725950373066,6.977036162561985E-4,2.8240921430544353E-5,0.001370496138459491,0.003974656918356686,1.9616781921477405E-5,7.718904524033197E-5,9.308776548774948E-5,8.155853648504328E-4,0.004281866029579363,0.0016568472714785032,5.207569810088312E-4,0.0015286106198252076,0.0029878464405086146,9.581442161944989E-4,0.009327799164632406,5.93107767150876E-4,2.802861420411532E-4,3.7992833571455563E-4,0.0013749957102631423,0.02065457914255724,1.4969575788418746E-4,1.0521029966138921E-5
0.21513046899016292,0.002512601950484723,8.126700337341367E-4,0.0015952266946693968,8.640528447192039E-4,0.004529783786809259,5.9574671025788275E-5,4.5903096208809585E-4,5.5709463467866114E-5,3.1865818282087665E-5,3.5103790336981613E-4,2.541544647494961E-4,7.53599908055074E-4,6.758197204125443E-5,2.4137489516958303E-4,0.0013950303543087785,0.001235203697034479,0.001960107687557837,5.293687532161018E-4,0.0015288098095498654,0.0030816786563917327,0.0010079215143360262,4.8507736186109566E-4,1.9865512754127203E-4,1.8098139007429947E-4,1.9649817842488384E-4,0.0013042882090263214,0.02866334362732163,2.9913791939025744E-4,2.735739699267373E-4
0.42116826860243406,1.4785768512911608E-5,9.068883130187935E-4,0.001573218685217227,7.53805259689305E-4,9.87753062091628E-4,0.003769288643063569,0.0013957173010752653,2.494985571498804E-5,9.623534860015348E-5,0.001365897598308917,6.389818322524581E-4,5.982837736531457E-4,7.754206141755536E-5,8.092037989036818E-4,0.0014112357142908928,0.0010380817315819562,0.0010886482196213057,5.347152015586209E-4,7.546653052829667E-4,0.0031329955888463996,0.0010189366407323615,0.0015177596212514756,1.4045288340327504E-5,0.002663426574286006,4.0117197502116263E-4,0.0014798946644526694,0.003870927188111519,4.9629840508138006E-5,2.3681958790640976E-4
0.20418584261171271,0.0022692446040376525,0.0035538650217692,0.0015950238418466103,8.641168482978522E-4,0.004529783786809259,7.1078338950635476E-6,0.0013533392535763418,2.6895515348005026E-4,2.200849699184656E-5,6.759753833656776E-5,1.3069777746984598E-4,7.861971524698402E-4,6.762842383988831E-5,2.3973907746673685E-4,0.0013951152364766676,0.0012368831047554346,0.00196606959236702,3.9006663638898784E-4,0.0015283923261328034,0.003071712324993771,9.576811461898732E-4,4.8746757007824524E-4,1.5607600672454348E-4,1.601732364826838E-4,1.8793759437656885E-4,0.0034887535049802293,0.020940219390566023,4.3520768539253223E-5,0.0029959751246771446
0.43067063375693027,0.0025145143811476775,8.926594863758908E-4,9.420479048375255E-4,7.553613811121155E-4,1.178578295156058E-4,3.421112382577768E-5,1.0535138762814546E-4,2.6977879272907043E-5,3.968730725385364E-5,7.640976909317177E-4,2.57359236415443E-4,7.909345874220037E-4,7.683604474803515E-5,1.1333954225751158E-4,0.001400694210964948,0.0056425097008105905,2.882460719444047E-4,4.1423733513728286E-4,0.002481898513593679,0.0031396113167870437,9.720906173901172E-4,4.1198299882255285E-4,1.9370050449331392E-4,0.004754082167436963,1.9649662983780474E-4,0.001456213458954169,0.005301101359751825,1.0750393692842462E-4,0.0010528713533914293
0.1953646306854369,0.0025751214069759908,8.57527203106974E-4,0.0010902920529939676,8.68209727337559E-4,8.580360451848667E-5,1.421887667684126E-4,0.001680167754850461,2.1095798688202478E-4,2.058133628710501E-5,7.666538810677081E-4,3.2180938154751856E-4,1.3630481291579936E-4,9.479474788205358E-5,2.8009869850695117E-5,0.0013918720701439828,0.0010461216238655472,2.748844441159842E-4,5.055343550604097E-4,1.1134823320052166E-4,7.492495757199708E-4,3.996681598481328E-5,6.904054454159987E-4,6.061871994440926E-5,1.0182439772253147E-4,3.811305513788756E-4,0.0034637377055632378,0.05594225812182345,2.8733522368584502E-5,3.056026992736267E-5
0.18730703052310968,0.0015683859147607741,9.012085280409661E-4,0.0015814493723258478,8.655496143136058E-4,3.2799792337542897E-4,3.491802393499479E-5,0.002126753663375361,1.7779085202437623E-4,1.488800115895672E-4,1.8043179320322966E-4,6.250767247969399E-4,6.540077757475049E-4,7.123662860354727E-5,7.90246101280823E-4,8.310210639503745E-4,6.528509060923955E-4,0.0017019588950533938,0.004864129924930802,0.001659515862785739,1.0078893158753941E-4,1.1453041781150395E-5,6.922574933004848E-4,1.9308037578295842E-4,2.7118111642854964E-4,1.562091110795157E-4,0.0034174842224644116,0.00513691155692376,1.5093255638118965E-4,0.0029721722636642826
0.8317421938603369,0.0025286080815090945,0.019903289697305183,0.0015756619027370133,0.039389565272719654,0.001040640938312266,4.972297686002237E-7,0.0016500006673408015,2.152506989897748E-4,1.1117530303437478E-4,8.742444111332534E-4,2.0535829321216177E-4,8.09516365154933E-4,2.4200365505936544E-5,1.130717438661053E-4,0.0014300448088296193,0.001029923377055735,2.81495215191718E-4,4.450855179477839E-4,1.8101645275195657E-5,0.0030755534979468235,5.17673948674695E-4,1.2551601666517252E-4,1.5441935369539056E-4,1.7096046390107866E-4,3.8748525182880094E-4,0.0018239137396408227,0.002259663343907793,3.2194815747688864E-4,9.900272226351322E-5
0.03458901790570029,0.002514515158222323,9.424406220863393E-4,9.423787130353806E-4,2.6372063875100343E-5,0.002689066027867657,2.166327927344326E-4,0.0015708128126729884,9.377816682566666E-6,3.958213451182793E-5,7.643597163804636E-4,1.9111619272878006E-4,7.912728065441459E-4,6.19488839749564E-5,7.208636208500445E-5,8.30787252836757E-4,5.81935284847905E-4,0.0029077727598240876,5.242481323521866E-4,2.7433712136954732E-5,6.430423253517773E-4,3.766341522885245E-5,1.0560886752146491E-4,1.5739812555507328E-5,2.1551150810944E-5,1.562188362564411E-4,0.0014623499368166116,0.009511801811414037,1.1094577982212533E-4,0.0010687448803001981
0.6316864992834663,0.0025254105124492446,0.001855164551267926,0.0015416480335883388,0.0038605566699535018,0.0027155112717777074,1.653022061039854E-5,0.0014196908344249473,2.552782509083916E-5,9.580943156590094E-5,5.066215739895519E-4,1.9299441124540079E-4,7.987265370028603E-4,1.5047859422275873E-4,7.684708337324036E-5,0.0014016118855377049,5.007894010129124E-4,0.03406675563250887,5.061945038438001E-4,1.0751195020811317E-4,7.670943989699988E-4,9.661167796478954E-4,4.298769114537212E-4,1.897011900262428E-4,2.4635365102277144E-4,4.011889066580223E-4,1.367201630450474E-4,0.00974445949867229,1.5117058549734256E-4,2.3704951483408655E-4
0.001227178796516848,0.0025283527830752615,8.173311683773932E-4,0.0010889990794815734,1.239440131735469E-4,2.8521158995784273E-4,9.017516337891355E-6,1.1690738152613357E-4,6.894296659875861E-4,0.0013068784010596111,3.3611118476611554E-4,2.5702621567811126E-4,6.502252185807455E-4,7.99400855862794E-4,8.078516148034651E-4,0.0026136518143912053,0.0014403635891306066,6.144180417810515E-5,4.173305917130901E-4,2.134828342196412E-5,7.366456484196758E-4,9.699045891560966E-4,6.811547918823583E-4,1.9879676793291555E-4,1.2938397831010917E-4,1.7425827991074646E-4,0.0013357931434633758,0.002453091752734935,1.5067037631649253E-4,2.6844255217841874E-4
0.22048647421648826,0.0022702475233950217,9.069574252249833E-4,0.0010887641375971996,8.758744218388562E-4,0.0022373987148620943,2.986681761387833E-5,1.2199637286348095E-4,2.833155472307589E-5,0.0012862100730889616,0.0013449860555107972,1.913920565532835E-4,6.499039848332081E-4,3.750653329873257E-5,1.0934388911080096E-4,8.171158984608746E-4,1.1404637140432941E-4,6.75406086648369E-5,0.004567816752400198,0.001917920744368971,0.002231965813119481,9.696424259940388E-4,6.734282038030446E-4,1.9409939102775354E-4,0.002476231150697712,5.169813399307064E-4,0.0012987678515461137,0.0027025693288535695,1.5094503716161115E-4,2.682805295866127E-4
0.8356137941319831,0.0015115439535154926,9.427265177382637E-4,0.0015801104427984694,2.742129596521928E-5,3.681723328499871E-5,3.592723320263946E-5,9.440538442410372E-4,1.7829374443568285E-4,1.0077143672447328E-4,0.0013858318381889591,6.223461962430275E-4,7.914142419593349E-4,8.37844736679251E-5,7.210986630290381E-5,8.293215933510498E-4,5.693003940981873E-4,0.001702693379117706,5.119096568810065E-4,2.145647669347173E-5,7.366018077562407E-4,9.699069102778857E-4,6.836056734637738E-4,1.9878216390166364E-4,8.225581695645587E-6,1.8722609841758222E-4,0.001476250841310776,0.009478394480942134,1.5008319489263867E-4,2.535118129249401E-4
0.2100409084652144,0.0015480951796631663,8.603159484936843E-4,0.0015950023532236225,0.012627317930116184,0.004513032959736729,0.0038408575645847054,0.001506917761940874,0.001976965348259809,1.0338366282679074E-4,0.0013580897122062272,0.0044077302762664475,7.513995805948687E-4,2.4429019305135675E-5,7.957248765339559E-4,8.046042275366024E-4,8.432211457095001E-5,0.0019645799291474605,6.155497569697367E-4,0.0015288858043449698,0.003031407929047687,1.542363783576964E-5,4.8535552317460507E-4,2.235237362965878E-5,7.222967218696932E-6,1.867640641358663E-4,0.0035008405927569298,0.009509675704910587,1.3761292023827421E-5,2.754420791010562E-4
0.0674664178046265,0.0015683859147607741,9.012085280409661E-4,0.0015814493723258478,8.655496143136058E-4,3.354316208797788E-4,1.900963461831383E-5,0.013488428149309197,1.7779085202437623E-4,1.488800115895672E-4,1.8043179320322966E-4,6.250767247969399E-4,6.538280310713577E-4,7.123662860354727E-5,7.90246101280823E-4,8.310210639503745E-4,6.528509060923955E-4,0.0017051992355215533,0.004864129924930802,0.001659515862785739,7.515620537797234E-4,1.1453041781150395E-5,6.922574933004848E-4,2.5825631667755365E-4,2.7118111642854964E-4,4.0153695989293713E-4,0.003421621046073788,0.0051191555834434205,1.5093255638118965E-4,2.3752115759694383E-4
0.200434375067786,0.002531098436846859,9.409802045506743E-4,0.0015715697631313215,8.711263160643692E-4,2.3953472749554386E-4,2.171287409684652E-4,0.0013435785831896058,0.005245732002256695,8.448813672353193E-5,0.0013937791741724034,5.398420597702491E-5,6.507956049607484E-4,1.2761148722361968E-4,2.914604583046553E-4,8.122360437081587E-4,0.004372086128446989,0.001993660904316195,3.79989387129129E-4,0.001277660489096394,7.918308111118685E-4,5.1727027665115995E-5,1.0936138540208566E-4,1.5568721032487208E-4,0.0015005285318104736,1.8771729968184337E-4,0.0034082304053794,7.556210230215641E-4,1.5340861824185962E-4,0.0010866674203361345
0.8259335613612385,0.0015935429739503911,8.962003003175419E-4,0.0015725361714251853,3.96193807275988E-4,0.002721930015325138,2.0904258753368085E-5,0.0016500006673408015,7.092563910081134E-4,1.1090184954107442E-4,8.74704113976893E-4,6.0730775612101207E-5,6.53258351606955E-4,0.0015140869813479734,2.8745204572354214E-4,0.0014185477773869747,6.177818899520891E-4,0.0017227186554403956,4.928460168902968E-4,7.289142401929612E-4,7.52441422744315E-4,1.0685615112123043E-5,6.333574386080306E-6,5.093081328138129E-5,9.744011678135083E-6,1.8285222942524823E-4,0.002799477616920001,0.002134980988390439,1.3694016049899848E-4,9.879094431811457E-5
0.8434854376503971,0.0025407850146733474,9.415946249205354E-4,9.317505219708727E-4,8.629243710253068E-5,0.0022392194877327667,2.614448481366189E-4,9.706772303973556E-5,4.3380672558365846E-5,0.0011974684269232226,4.431770743420821E-4,3.674166198640718E-4,7.976807079871055E-4,1.6358026006105697E-4,1.094311166115561E-4,8.166407729945984E-4,0.0014213589107246857,1.3995168742811771E-4,4.1085836981253634E-4,3.353885492668873E-5,0.040344421692875526,5.195569287940057E-5,7.04643238544236E-4,1.5404570478432195E-4,1.7117329177081513E-5,3.356975570617616E-4,0.0013357931434633758,0.0026691031448463484,1.5002054298236383E-4,2.509137609085056E-4
0.06124180431556686,2.990449983128322E-5,9.425761999297236E-4,0.001604602715541204,2.731723613278689E-5,0.0022625042585051798,2.1622963252617797E-4,0.0033227725950373066,2.842565438205435E-5,0.0034455793223472533,0.0013686495563380733,1.9084659052961712E-4,8.740850953134747E-4,7.718904524033197E-5,2.1643535305265337E-4,8.155853648504328E-4,0.004286726076454202,0.0016568198785525973,4.471528406524872E-4,7.742614335668125E-5,7.36661868950843E-4,9.581442161944989E-4,0.009315468392544463,5.904435765741698E-4,2.751433861826148E-4,3.8651953925503217E-4,0.0014624413191209802,0.002973691390289846,1.4817273598220982E-4,1.1183970516047415E-5
0.1884074796843705,0.00226421930399602,9.417588193461929E-4,9.50838879099845E-4,8.002765645200341E-4,0.001557778732696574,2.3568815579854264E-4,0.002122999640178279,6.965337113494828E-4,4.5069340801593273E-4,0.0013665900155742016,3.653115883937826E-4,6.533852092625328E-4,1.230276277117104E-4,1.6482318553792712E-4,8.211999124157453E-4,0.0011115691808516962,0.001959308852491546,3.7471148477314145E-4,4.559804473478011E-5,1.0073700476812414E-4,0.0010067603011537723,1.1893713185898646E-4,1.901597687160459E-4,1.7708053518700832E-4,3.861426184786411E-4,0.0034212467913289093,0.0053637103693698965,1.5093082301378838E-4,9.970675888066863E-5
0.43301372934025917,2.292271978284301E-5,8.667017874097044E-4,0.008594850667560192,0.013800343107561378,9.214187960652322E-4,1.60658457667173E-5,6.251238981372419E-5,2.125448207755003E-4,1.012005559378271E-4,8.756492904410991E-4,2.579230964837116E-4,2.0405791883026497E-4,3.417058718849767E-4,2.3564794462901606E-4,2.97381322251635E-4,0.0010455835350792497,3.0121865420930094E-5,5.309045175967795E-4,3.893636877103286E-6,0.003063224114338948,4.5620853017352595E-5,1.1069926193828343E-5,1.9472488531954038E-4,2.9255014819698114E-4,3.8078122548923336E-4,0.003429073771062826,0.010311575998447616,1.5274983706986732E-4,2.699573374123559E-4
0.2028165983420499,0.0016750192425292773,8.941021958805765E-4,0.0015748168010282376,8.677204112449508E-4,1.73243128113378E-5,0.0036952373916674707,0.0019858061119723976,4.07584149245776E-5,3.938037926116012E-5,8.169882862442911E-5,1.356762541929236E-4,8.715049272084351E-4,9.044622851965068E-5,7.901247267301643E-4,0.0014180894561016625,5.863774597427206E-4,0.005180595865981944,5.328132509398815E-4,3.3090890611395704E-5,0.0030723246188823846,1.6476795838955578E-5,1.694007919155587E-6,1.9012725447741682E-4,0.0014752217125275488,3.813527528345465E-4,0.0013286416525451993,0.0023415806065540147,1.5084310856103522E-4,1.0553734346581493E-4
0.8323081631073341,0.0025147862913089116,9.425513897270484E-4,2.4248625872788247E-4,8.059755706363217E-4,0.00269012161669419,2.1730070037398369E-4,0.003354603345905408,6.941286195324124E-4,3.858171218555614E-5,7.645336722607634E-4,9.810370263329529E-5,7.912728065441459E-4,7.455869458268801E-5,1.093736479642477E-4,0.0016853663304640634,0.0014366698448598349,0.0019537411542177715,4.118562420416523E-4,1.7518011005934379E-4,7.362903308699921E-4,3.0636691882752706E-5,4.832534438844301E-4,2.580188449985059E-4,1.429071468499845E-5,4.0663206069331494E-4,0.0013776888343540502,0.0022558710498959906,1.1089618443269879E-4,2.5610888995790415E-6
0.4397147769272202,0.002533767769175288,8.665389523371176E-4,0.0017728053614099852,8.711263160643692E-4,2.3953472749554386E-4,3.293788918568214E-5,9.409532141493573E-4,6.979110580665446E-4,1.7944650454064466E-4,0.0013937791741724034,6.210886969062392E-4,5.902647542673832E-4,1.27536154808671E-4,2.9135600497355097E-4,8.116857850612554E-4,0.00102674812132066,2.459771035379782E-5,4.1667860126069366E-4,0.0012668323608862123,7.980330534072579E-4,5.1727027665115995E-5,6.830910513081548E-4,1.9702656366462818E-4,1.290089681248868E-5,1.8796453069537162E-4,7.549659461422924E-4,0.0021237887662159363,3.8452167419521636E-5,0.0010873655010361473
0.04100568784339184,1.6334989712075054E-5,6.302724118649877E-4,9.458480935910004E-4,4.790986387790886E-4,9.408828408148119E-4,1.7187183830571997E-6,0.0013344575650031671,2.7437341329428493E-4,2.8095499691065402E-5,7.589519583721192E-4,2.548212703636564E-4,2.3473940186615394E-6,0.0011973906662614863,9.204818497648725E-5,0.0014107758627497418,0.0010716528225862521,0.0017070204808544217,5.141675111617586E-4,1.2014704629031189E-4,0.002992412067646685,5.489181329127106E-6,4.844132776098292E-4,1.9343434174690528E-4,2.8661763373859965E-4,3.79785434391178E-4,0.0014194601907111663,0.04535520969308728,1.5076591673331933E-4,1.0506336589090048E-4
0.21181845539569494,0.0022642350404846554,8.586204754691318E-4,8.710234338072413E-4,4.732477751622266E-4,4.087628713507934E-4,8.831599553096942E-6,0.0033021651373209343,1.7662138506098894E-4,9.017056587533433E-5,0.0013618039108621533,2.5345554194500594E-4,5.917448192241434E-4,6.289879794921195E-5,1.1038561092092962E-4,0.0014089307856562417,8.247462957693737E-5,0.001701537985587207,0.004854838326015697,4.3815961817313294E-5,6.311229086023071E-4,0.0010030200566738317,1.201036044884905E-4,1.9866195421410252E-4,7.849034362978675E-6,1.9742842046967973E-4,0.0021546541948254602,0.0026866036607767164,1.4986629802139057E-4,1.001011863752337E-4
0.8440177552267158,0.0011857491541594628,9.416227905309729E-4,2.6029169826574243E-4,7.614887892597574E-4,0.0022391057072615613,1.8716289187747535E-5,9.706772303973556E-5,9.50075077724475E-5,0.0013449705933067137,0.0012591640169020135,3.732660843448989E-4,7.976807079871055E-4,1.6498569966243173E-4,7.214383073231285E-5,8.166407729945984E-4,5.719895326349334E-4,1.1252613753988633E-4,5.350576473810637E-4,3.7073810460769345E-4,0.0028835283525219316,5.195569287940057E-5,4.0797918606327453E-4,1.923832762712863E-4,1.599957530951145E-6,4.0098511489301077E-4,0.0013357931434633758,0.0026776254100682557,1.5006431085192912E-4,5.670733911519936E-4
0.42737282322252534,0.00226421930399602,9.417652640847792E-4,9.497610983351031E-4,7.580261436980295E-4,0.001557778732696574,2.345595941400578E-4,0.002122999640178279,3.829499727210357E-5,4.5069340801593273E-4,0.0013665900155742016,2.760522503654039E-4,9.370740952780333E-6,0.00120370957401026,9.081127022894288E-5,8.211999124157453E-4,0.0011115691808516962,0.0017078379911528757,0.006034770486961985,4.559804473478011E-5,1.0073700476812414E-4,1.452102263158725E-4,1.1752390316118513E-4,1.901597687160459E-4,1.7708053518700832E-4,3.861426184786411E-4,0.003488946334131,0.0053637103693698965,1.5093082301378838E-4,9.970675888066863E-5
0.19610232824787988,0.0025751214069759908,8.583956900096243E-4,0.0010921609074923146,8.002807419383317E-4,1.0365383772726906E-4,1.421887667684126E-4,1.1765115073361296E-4,2.1095798688202478E-4,4.1153920947791515E-5,7.666538810677081E-4,2.6828533166850174E-4,7.943295299067883E-4,9.479474788205358E-5,2.8009869850695117E-5,0.0013918720701439828,0.0010461216238655472,2.748844441159842E-4,5.054943231408478E-4,1.1134823320052166E-4,0.00308503415525248,3.996681598481328E-5,6.904054454159987E-4,6.061871994440926E-5,1.0207572169784237E-4,3.8078915628557875E-4,0.003463620649151803,0.05609569242366434,2.980440859678564E-5,2.7022254266242604E-4
0.8339488910823398,0.0015155289620522251,8.964550765790663E-4,2.467051533124542E-4,8.674529288558162E-4,0.004385517442945333,3.326365113842886E-5,0.0013632632204234735,2.8452132566743273E-5,3.225098811228186E-5,9.594410458776356E-4,1.349823438636446E-4,7.844630736487801E-4,1.0909151043709338E-4,8.193221549546484E-4,0.002782085455985891,3.949676544357287E-4,0.004565279931192243,5.175681317855455E-4,7.548657574936892E-4,6.923371237509981E-4,0.0020831596356603007,3.5104373015420716E-4,1.8943299748336615E-4,7.2632911701263396E-6,3.8534736282886837E-4,0.001507401788475067,0.005166931310136163,1.4809469707386053E-4,9.696981752355666E-5
0.6234156651204709,0.002262774985904018,8.586204754691318E-4,0.0015933637323787546,4.7475830286946566E-4,0.0010431803019371128,0.0037848099550104744,0.003302867023908989,3.4675190311861663E-6,1.5582467044634855E-4,8.78161011158966E-4,2.551284501067998E-4,1.301872076436123E-6,5.797507839131377E-5,9.097258450562146E-5,8.220852251141127E-4,0.0010552927499511509,6.744174998675771E-5,0.007007273556966822,5.925155305171515E-5,0.003002731772935551,8.314187226287298E-6,1.201036044884905E-4,1.931731838779317E-4,5.94759912808852E-6,4.0086203847761577E-4,0.003489107367277228,0.009917282567059777,1.4978173717154707E-4,1.0007727867739156E-4
0.20882815230051416,0.0015481348428316465,9.431142510966822E-4,0.001594947299007148,1.9728934693695552E-4,0.0026716481992835415,2.1730564724865118E-4,0.0015003548878989395,1.230031200387307E-5,0.009712794205098203,1.1796021675824787E-4,6.199193734127899E-4,7.510343446432504E-4,1.6447261383579538E-4,7.957203598762685E-4,8.166535396257938E-4,9.839854169076253E-5,7.083244517916887E-5,5.348909259734053E-4,0.0015414231441004157,7.333574202767548E-4,9.593524557467321E-4,6.836415588226952E-4,1.9680941020653393E-4,8.225581695645587E-6,1.8722609841758222E-4,0.0035010811543142784,0.009441002765588812,1.1204154363006133E-4,2.3766944097729746E-4
0.04736883939634669,0.0022524276065017074,8.970030135814073E-4,8.710411948755139E-4,4.7867927283001875E-4,0.0010132641949365357,0.0034149276795519524,9.719995223627285E-5,2.0736334259494375E-4,1.5671094041440272E-4,7.633133562592383E-4,6.3223807072476E-4,5.916718907360227E-4,8.836527547767745E-5,8.079222378544223E-4,8.168942904474474E-4,0.001065025855807037,0.0016908413099737938,0.0048885037185237325,0.0015188329970248892,6.312516773704399E-4,7.377026922441782E-5,8.901885458265312E-5,1.9195963155844393E-4,2.517307438135746E-4,0.006938085369819113,0.0034237734110714843,0.005035359340614814,1.5098780417451024E-4,6.79996926449165E-5
0.8348452510260825,0.0015108521684394083,9.427265177382637E-4,0.0015801008776652743,2.741782322561358E-5,3.681723328499871E-5,3.592723320263946E-5,9.440538442410372E-4,1.794317710400886E-4,1.0077143672447328E-4,0.0013858318381889591,8.734710485604842E-5,7.914142419593349E-4,8.37844736679251E-5,7.876805295191566E-4,0.013813378233128242,5.641958981137057E-4,6.986347423792983E-5,5.007893494455842E-4,0.0015178942454639806,7.340838736967923E-4,9.699069102778857E-4,6.836056734637738E-4,1.9878216390166364E-4,8.225581695645587E-6,1.8722609841758222E-4,0.0028273608612227556,0.009478394480942134,1.5008319489263867E-4,2.535118129249401E-4
0.05166812514696578,0.0025938311549211918,9.132698743158674E-4,0.001604602715541204,2.731723613278689E-5,9.341217871812526E-4,2.8083722396520926E-4,0.003333275978252421,6.864527834629453E-4,1.995323720155588E-6,0.0013686495563380733,1.9286297089385451E-4,8.740850953134747E-4,6.510694677191596E-5,2.1654168820977703E-4,8.155853648504328E-4,0.0011053443826671147,0.0016568198785525973,5.207569810088312E-4,0.0015571325815408002,7.322099481973001E-4,9.581442161944989E-4,0.009315468392544463,0.007048400560555999,2.585912858644571E-4,3.8594439190473766E-4,8.391695961157992E-4,0.02065457914255724,5.273315283449933E-5,1.0521029966138921E-5
0.24976342337533486,0.0015626128702808544,8.953342010478457E-4,0.0015725361714251853,2.368106453467763E-5,0.0045658277551538255,4.574800220572288E-6,0.0016572146707856134,7.092563910081134E-4,1.1117530303437478E-4,8.757942838371869E-4,2.989030992479164E-4,6.53258351606955E-4,1.655745679141257E-4,2.8745204572354214E-4,0.0014188340558436857,5.693500901932698E-4,0.0017227186554403956,5.347680240589158E-4,7.313051757198242E-4,7.526627137377409E-4,0.006013530550645995,9.282639648971807E-6,5.093081328138129E-5,2.4170054485605835E-4,3.8594279276799715E-4,0.0028038274463903492,0.002124710189838038,1.1025876461790175E-4,9.900272226351322E-5
0.41082466470759194,2.130504296046147E-6,2.445810892278484E-4,0.002488132636636786,1.2395428872497667E-4,0.001585191036840634,9.019794070620984E-6,1.0438936529252472E-4,4.4487586475760144E-5,0.0012842210611960668,5.1756782178652845E-5,2.5749802399078483E-4,6.497742358472667E-4,8.010746926060467E-4,8.078516148034651E-4,0.002640787740809217,0.0014374294951900464,1.343048462404348E-4,0.011737169858295178,0.0012585819749827323,7.366456484196758E-4,2.6217738456969927E-5,4.132194401901729E-4,1.971059415312476E-4,1.2782499193579122E-4,1.9072098251817008E-4,0.0013350162174852879,0.002452833466919194,1.5067037631649253E-4,2.6821494759632337E-4
0.8329716477414978,0.0025118593100280136,9.048337894924905E-4,2.4746390102226197E-4,7.201619483206247E-4,9.839214108971072E-4,2.2000070630226096E-4,0.003335060246640322,6.920182932609407E-4,1.2284028607005906E-4,9.425804881821726E-4,1.9279536771562607E-4,8.72073894434094E-4,6.276892432100596E-5,2.1581891325644323E-4,8.246628530991267E-4,3.9703233522989697E-4,0.0016917023547783543,5.224813734895312E-4,0.001936323369790805,6.96899632180874E-4,0.001006141101264364,4.8239788246419663E-4,2.5736692415339956E-4,0.0015081046682233353,3.856196989092587E-4,0.0013782714154872244,0.002321918777688422,4.9721249042276026E-5,3.7269428115356207E-6
0.42053025471656674,0.0022692523475842824,9.409367744049244E-4,0.0015950227122896118,8.419968507200823E-4,0.004529783786809259,0.003823248859068577,0.0013919333659469628,0.001962641208472892,1.0338366282679074E-4,0.0013580897122062272,1.3110760864241565E-4,7.517213623881211E-4,2.4319228137164883E-5,7.957248765339559E-4,5.384212147657406E-4,8.432211457095001E-5,6.361362600516103E-5,6.155264418804846E-4,1.5042800810306247E-5,0.0030560065906706205,7.88937558999581E-6,4.8535552317460507E-4,1.0643885147851363E-5,2.8817280383804035E-4,1.8630207117154783E-4,0.0014136653062319425,0.005712591119727268,1.5341870341746314E-4,2.366631487568685E-4
